experience_level,current_skill_relevance,job_satisfaction,risk_tolerance,financial_flexibility,domain_expertise_depth,leadership_experience,networking_strength,desire_for_stability,entrepreneurial_drive,recommended_path
7.766708427479035,6.99918489514528,3.2756783148309707,7.695867806250217,4.537329433348544,6.811829744854207,3.23345958030008,7.395235181325905,5.472026260887719,2.6629444867763494,Switch_To_Adjacent_Role
2.7820739777169132,2.1999523748655787,3.533799284236827,7.008160555118927,5.707848719522682,4.211127866095545,4.336251437688901,3.660329846896114,3.452750039233024,6.792295121007665,Complete_Career_Change
6.822330551906267,5.003523418927468,4.454703363029577,5.907289112736285,4.131382017954839,4.708165913029683,6.797733910752954,6.262154805424824,4.688104556223106,4.396926773553299,Switch_To_Adjacent_Role
4.246122424494494,3.607183835197765,2.5792695051637646,9.477239853408383,4.499711955869528,2.0809701946945713,3.698917580231763,3.2000057675553926,1.7024446372432391,6.308015988597838,Complete_Career_Change
5.591147106353182,6.742526286178362,2.736895595083152,6.9616002609368,6.565146026177671,8.884714188375533,4.511064552272543,,6.999655633045869,5.06483541958578,Switch_To_Adjacent_Role
3.7559220131104514,3.9899386307672717,2.6539464178674774,6.953843924131777,5.941722450370731,2.3085771545092957,,3.5924375919352527,2.985923067391819,6.702889433160449,Complete_Career_Change
8.10193671804819,8.170335251051446,1.6969528251019583,4.857354312797423,4.953706042952882,5.225835852137965,4.66741830725693,5.035150277803332,8.701665084343665,2.5449954364408325,Stay_Same_Role_New_Company
3.5477447280788663,3.4787019775569004,4.443829337949793,7.086167426156095,4.374703642373967,7.337868315286855,3.302070127267961,3.13249383142623,6.695955335806684,4.4315502933929585,Upskill_Same_Domain
3.401072165264309,3.367186905682435,2.244383118676272,7.568076220147177,6.723110875465264,1.5853971161706109,6.172795805144171,4.546177587658107,4.192121698109215,6.306926690997111,Complete_Career_Change
4.394742987015078,9.874996228542118,2.349031833116009,2.848376053859261,3.641443177537807,5.672641291118182,5.067825314254794,5.643994342789892,7.062118442067229,3.3056125551272224,Stay_Same_Role_New_Company
7.0198383901536445,6.954642375013514,2.982787016388381,7.0934239448668945,7.6095651066555465,4.72861746147781,7.079240706508271,6.838053220854708,2.63927264986217,10.0,Pursue_Entrepreneurship
7.446855659158343,7.681421153452087,1.6599421636475,4.925959096422412,6.363925707873754,5.731253539050623,3.8162526509021166,6.726113647056491,7.212003049549959,3.3417300979223166,Stay_Same_Role_New_Company
5.52468854263214,5.954916974975833,1.548755224223488,5.483271664591739,5.573067349015897,5.134219010522589,4.679129065834939,6.6343887820459635,4.5973556568367755,1.8835451218634254,Switch_To_Adjacent_Role
5.681162842097092,4.377173325215383,8.332501313127162,2.551436136506815,4.489955834562614,6.976238059614279,2.8110784391679013,4.890928904363047,5.561442758075758,3.897724513756529,Upskill_Same_Domain
5.45549663289745,10.0,0.9616904586403519,6.6392185206318794,6.778279685937262,5.892193552244728,7.898055693722766,7.294137367828913,8.762480708869784,2.5364288431336397,Stay_Same_Role_New_Company
2.540274440287593,4.409944623122551,4.587504465895421,5.824454616168765,3.279892088497997,5.622957316362979,3.2339478832168047,4.400941379664255,7.4201568759163194,3.628811811691068,Upskill_Same_Domain
4.561407098342275,6.2915762192420015,2.3451618426383476,5.162207505652469,4.6208792934273,6.668121864185402,6.0409348581705515,6.359865648130067,4.2444521565279985,3.594868735865364,Switch_To_Adjacent_Role
5.925634423756802,5.667668383437865,3.5352108588791045,4.221919931563823,4.4523068877970005,4.691390218927806,3.5388367088417354,6.571901156693963,7.555616229683113,2.8195188379721046,Switch_To_Adjacent_Role
4.539710547819705,3.617214917637546,0.7681429727216842,6.429195230457267,,5.593483383340708,1.6374408250190413,6.78681258078754,3.317824333043592,3.050962549481688,Complete_Career_Change
2.4252556925119175,4.773871878439452,6.866173467267087,5.160887922523332,,6.612464028023484,2.830727688560186,4.067624340997034,,3.1244039908751327,Upskill_Same_Domain
4.638432052983486,4.664818695026684,6.425880759552467,5.241261175085719,6.336390270827102,7.718056504488644,4.092682997546668,2.9767141425517387,6.219993142875545,2.71447950250736,Upskill_Same_Domain
4.2404292610752865,2.868548877045337,8.285096406685069,3.161516626649787,,7.24104445490923,1.5871731031471734,6.156967864995742,7.811451048482562,4.169000393354443,Upskill_Same_Domain
6.351968281886134,4.774041246836793,4.500899971926795,8.914184584281198,6.682145047610982,7.054598813287319,7.331610498281391,7.300205510927246,1.4636289051159608,7.803566899438271,Pursue_Entrepreneurship
,,4.460295242405326,8.965082127965458,5.845866601137136,,0.7945786632382261,4.575547144042316,1.7407504394763154,5.78759840460081,Complete_Career_Change
5.996269848194131,5.092984058170931,4.322299905874708,9.57629681363281,8.062674976231468,5.730147307300338,,7.841104967489947,1.3423052460725526,10.0,Pursue_Entrepreneurship
1.750090058692885,1.0937903670122031,2.4206376185758205,7.583049493154331,8.18887255941248,4.757570372855529,4.605989363000936,4.957891340184131,4.935438396820601,4.73285641219533,Complete_Career_Change
4.798604263502518,5.770083048355366,,6.7862290573157384,6.905113066436133,5.117347959414575,4.406996945050035,6.568952375594598,6.794098391334111,3.435539436763449,Switch_To_Adjacent_Role
7.152136288735437,5.670659199572186,3.167148618946836,8.638761580696855,8.36758911698345,7.941880672226729,7.741822259165179,8.920563711393616,3.6494828936307493,10.0,Pursue_Entrepreneurship
7.222869032705599,4.9061097245786485,3.736514722012605,8.418294190351961,5.733198176481422,3.946261534746917,4.060811469244659,5.807627094163572,2.5635475514328467,5.251561927286117,Complete_Career_Change
6.00324368596873,4.994945296977171,4.151754448851298,3.5956171446283114,3.194945423185241,7.445793801713539,4.221847524275067,2.692333836280227,6.754632523085404,1.057653963565588,Upskill_Same_Domain
7.3353473049212905,8.28754392309846,2.0119999860718982,9.603048289613112,8.200728915438553,7.685888469356035,9.635662968203011,10.0,1.6964712187655389,10.0,Pursue_Entrepreneurship
6.529443061856109,8.503176348214467,1.5002226086803112,5.205982465649655,6.329129392968614,8.010194846688169,4.876128476881885,5.39163079267842,6.681852170365144,3.1081657177825543,Stay_Same_Role_New_Company
3.9795069967775243,4.307485058787444,6.245643772616532,5.398958382822327,5.466669221548024,4.976382176561889,3.772250258075981,5.694304159401234,9.195716687457528,5.809692197266532,Switch_To_Adjacent_Role
7.330983497520263,2.699029707255637,5.03721696036305,5.397131580863202,4.966557049112904,7.700009702953157,4.071629580139933,5.115910099763067,5.830487489404611,4.5380016015559095,Switch_To_Adjacent_Role
3.920092942417695,0.0,1.7707922988572502,7.967773366172957,6.17713579812954,5.559420810773575,7.042132507152925,5.987133902896009,,6.4968065799420565,Complete_Career_Change
8.459500296406016,6.080093450046319,3.0050378303436043,4.459545229230522,6.217541365197278,3.205999131900451,5.715448631826355,7.063025088141786,6.567163289202723,3.7144398264798753,Switch_To_Adjacent_Role
3.7719216926213113,1.9446825989715864,3.828683630158597,10.0,9.835813380928855,5.728299164240138,7.694874286607794,5.596046636934784,0.2942576098844427,7.943285623080506,Pursue_Entrepreneurship
4.1691486305714,0.9390842014205383,5.730343292294147,3.7920580485366147,5.518887697617139,6.958145192713052,3.219094383899862,5.266949098971775,7.9402419777709,2.000890473271166,Upskill_Same_Domain
5.7539823567826724,8.427260602967225,3.470498410107497,6.716860152186618,4.554378003876307,5.080084838100548,6.3873891415435775,5.569065376273569,8.94897017795059,2.9983902471372117,Stay_Same_Role_New_Company
7.601309940990354,5.375642462788253,6.069755542385433,7.176113019298876,7.265078824692985,6.090029010229004,6.23195072350946,6.86717206821411,4.3017378917480755,9.686381221103355,Pursue_Entrepreneurship
5.9723248974684475,2.1534338272750113,2.2843171883685964,7.928113051529064,4.91854696543704,4.005856585162157,4.901067373997277,2.806943889808898,3.253883580661733,5.1060269590246055,Complete_Career_Change
3.411866136216003,5.592899879419235,4.215170100621791,,6.683131943421703,5.869077801528116,5.760821790766513,6.0833778430916,5.123992805365271,3.66035629164637,Switch_To_Adjacent_Role
6.163920333977568,4.188014302354986,3.1866886616781853,7.398439857742449,5.963783177400865,5.104178849929514,5.580399327618744,5.921880077918329,6.016352053057383,4.853864084736179,Switch_To_Adjacent_Role
6.507942533915565,8.708920240557179,3.3011585775074725,6.254721640547266,5.114227928204945,7.509614218575484,5.394988653328832,5.88099797475633,6.809931623431458,5.378398400529484,Stay_Same_Role_New_Company
4.311911528667311,7.094532832292414,2.3942868361718763,8.71705882819359,8.342458553925344,8.091215732229884,5.19295248211159,7.380597502207399,2.5976681092834686,9.567620942041025,Pursue_Entrepreneurship
7.546508606873936,7.801066360931923,3.715263244834373,4.086010194832857,4.84482394094006,4.892812426199403,1.9523536990554637,7.225595541592858,6.219506593958226,1.9078138014955401,Stay_Same_Role_New_Company
4.534517488888501,4.459909963238978,5.343952273818669,3.7846704866583725,6.704912687649504,5.171460993655024,4.724989415995313,6.532676585510277,6.755558455592528,2.9257538701224193,Switch_To_Adjacent_Role
4.578141819768328,9.334977470216806,0.5020441102867701,6.467688431250623,4.9283672712450235,5.449886070424837,4.241950406006501,4.677608356567866,8.626092761116087,3.45215615269169,Stay_Same_Role_New_Company
4.3237187977599625,5.847127170993008,2.4875915646762055,10.0,5.995742629601948,4.854753140445002,7.67335778407521,6.96218612597293,0.044013202736886914,10.0,Pursue_Entrepreneurship
6.574329502861236,6.363014020113631,5.779420021474632,6.072721155172121,6.144956920515422,5.976232813745057,4.625228904434485,6.526477014602079,8.904702120056987,3.6484839752759255,Switch_To_Adjacent_Role
3.970754141107224,7.613479628493074,3.12932071492046,4.888069152632637,6.028047958197105,7.448038794106868,5.868823823540396,,8.667160030933712,4.617618031911189,Stay_Same_Role_New_Company
4.560007529885511,3.8812935712028924,1.04058985483519,6.618899389052533,,,6.666591580809399,5.053776012785135,5.889069320022783,5.12343608522694,Complete_Career_Change
4.216828299102048,4.05254829199164,3.0743295839621476,6.7343924656547856,,3.7216750394035785,3.724570822291321,5.059793608276909,5.535503421653139,2.229333919891552,Switch_To_Adjacent_Role
3.8870502568602134,4.6179574192515584,2.5245204007424373,7.729800581693675,5.371800079644901,3.979487403515151,2.920170496406446,4.779237853076404,2.2818890428255174,5.139375339816989,Complete_Career_Change
4.462826615412904,5.27344674025386,6.540838185549882,10.0,6.913391993274293,6.12354127634262,5.367529347272287,7.60143994317611,2.210616577584555,10.0,Pursue_Entrepreneurship
5.908115503852307,8.434583667047029,3.06648467611781,4.004804139341373,6.170239933225952,7.961236473991232,4.792457200351378,5.151209011935874,8.212956297078739,2.744365663731936,Stay_Same_Role_New_Company
4.507190480218052,2.9284110293171155,6.48889559120454,2.1492911784947775,1.7347731932993797,8.284103664386649,5.174940168221864,3.13591411331205,6.996100463488299,4.325359178261721,Upskill_Same_Domain
3.850183500682244,5.964336639561159,4.395766179657961,5.042844948500164,5.536824768607823,3.4200658656903515,6.832878082457537,5.113901081710436,,3.9577833789073082,Switch_To_Adjacent_Role
2.516385922447527,4.497732475982913,4.706750591711823,5.6807398320475215,4.887960607027585,6.993147653934797,2.7716434971170623,3.5047357127251795,8.205425659549652,5.302037038245832,Upskill_Same_Domain
6.33365634992594,5.771168335855042,2.0720346536156757,6.003436580080777,4.636420119527239,6.334320154885135,6.821146418406856,4.638526709701046,6.4624006349187155,2.7748024175627477,Stay_Same_Role_New_Company
3.282422837106676,4.015508393155537,6.016970103378072,2.722751950755497,3.7986142892984867,6.079732621928729,4.537523407272438,5.099755145581418,6.244285973445233,3.60953048330445,Upskill_Same_Domain
7.593844082883884,4.272828560082433,,4.7859536641928635,2.7222718554549377,7.122437975702006,6.623385104133659,4.587461782532232,7.937321220296834,1.3094294795146308,Stay_Same_Role_New_Company
7.0519531514091245,8.124070750034058,0.0,3.72155922774326,5.894089471079834,8.576748799240102,6.441920754939771,3.930383097086108,,3.8201697814278086,Stay_Same_Role_New_Company
3.3242108058151416,4.256234226132563,5.736399837637037,6.500004908237081,4.942808637038573,6.7673565971518075,5.170841207712072,5.920733103520526,8.01868662258649,4.84530251465944,Upskill_Same_Domain
9.49524898903926,4.598599322984496,3.8045873157456906,8.059113722791794,6.369168580670966,6.070534671039592,8.571286418328022,6.8655273765005065,4.924106507752112,10.0,Pursue_Entrepreneurship
5.4947768646131365,9.92061176446707,3.6585581004473298,3.294655884489625,5.872596415097808,5.992952586859318,4.249904717209207,6.407964726139259,6.860728354350825,3.660712561219842,Stay_Same_Role_New_Company
4.923619156614735,7.424985076261942,3.060931533472399,5.226854453093805,5.513320689221968,5.5003511353146335,5.3374947522741785,8.719169816214134,6.437122720258081,0.9085298484239592,Switch_To_Adjacent_Role
5.8099392579774305,7.8292644834320795,4.771081389707162,8.957800610186926,8.205175039217902,7.33964370378795,7.962741084327353,7.231067604977292,1.0879349401785112,9.064407544048711,Pursue_Entrepreneurship
5.225084430446984,8.0110573147401,4.033411928790316,5.234473125934318,4.147128582366743,8.594180842343635,7.052941153876121,6.642923651919709,8.765762564747318,4.114547995857954,Stay_Same_Role_New_Company
6.008944848552539,5.488271287313842,1.895206633846386,6.148037752384616,6.902712531006947,3.9431352242555957,5.83038719617877,6.4310042036738,6.975192742202034,5.133568149634709,Switch_To_Adjacent_Role
7.530635455671002,8.57081268260845,5.267114884018129,5.570691106359789,6.076384629836177,6.614457760404879,5.086509560616967,5.09334902970964,8.78645911497331,0.9682052899506748,Stay_Same_Role_New_Company
4.723374754220609,6.125011123772765,2.924065382983713,5.10917530430879,4.098441986056035,8.080341414968366,3.2551722837178207,5.470973126595673,6.739663624587099,2.439436548558859,Stay_Same_Role_New_Company
5.619830239784883,5.803481105102286,3.959238889120548,4.123519163982109,4.248580382388264,5.3058641918070535,4.785151638970833,5.263953942681999,5.769882338100632,4.079319312038467,Switch_To_Adjacent_Role
6.293227791363235,9.23194449280279,1.5555636288071744,3.4764369292289667,3.5786789847464027,7.375591667319319,6.61843159224038,5.439258730288636,4.24779020259245,0.28480927860651173,Stay_Same_Role_New_Company
5.744048591684917,6.550997948011695,2.7019195503819993,2.929367462362014,3.8132586172655243,7.294821859941876,6.714717157063815,9.651974119598353,6.737439389407829,4.365890203639072,Stay_Same_Role_New_Company
6.579505224806526,7.733571255545444,3.3986667285997907,7.629573869810887,4.3127781377101915,3.1712741158877007,4.222176695868504,4.305019687652727,3.479098815115097,7.811420899849474,Complete_Career_Change
5.850271356597202,5.9070779582394115,,10.0,8.141268203412363,9.33293193689667,7.291896040198575,6.786573049013758,4.285940298840936,8.74852233816382,Pursue_Entrepreneurship
5.490348265368049,8.181901605650847,1.9384523603077526,3.509118293182327,3.777712428396568,6.174742886837106,3.487484060270048,6.2106774267817375,8.448630375918821,0.43677220896228564,Stay_Same_Role_New_Company
5.789479892482377,2.7157419093726665,0.360481885741482,7.956904320056575,5.926538368392621,4.671338567580726,3.991007836117944,3.9580767790340685,2.4979019856048508,4.800378718487074,Complete_Career_Change
4.587335442550176,3.4973112647652322,5.977335933966288,4.448309099143374,4.727265125127049,3.435266303316489,6.445139199110204,4.308525192405075,7.754809405281081,1.2084682560057685,Upskill_Same_Domain
3.4752964881306956,2.018767286193908,2.0827610990687524,6.698371718098193,7.204671214208721,1.5262279692786942,1.9184613120757374,5.00427151978382,3.6249653462099976,6.0254796768246655,Complete_Career_Change
4.8350673322661075,7.589498927342159,2.7394451026220503,9.00043111283326,8.740869300583686,8.188595364098445,8.533302666389957,7.893726468851996,2.9412043010979048,10.0,Pursue_Entrepreneurship
6.41119697313556,3.7218776255993546,3.367159211858749,5.177395533831419,7.4516224530100885,3.4047283176237357,5.430445465397204,3.7357073167874626,1.9594037437057674,8.069305357880559,Complete_Career_Change
4.137825495351934,5.487971340475594,6.77848442445289,4.526400408528527,3.206585223038772,6.794934923416559,5.316657816753985,5.05993503341098,7.216755720523367,1.963955050734432,Upskill_Same_Domain
7.1096083919368045,5.13541976352989,5.218590056995542,4.980615018488468,7.87407215097884,4.026097666954353,6.7270224540292505,5.146568061135659,,4.76871694750823,Switch_To_Adjacent_Role
4.981790541471573,3.3218935614343925,5.656255673457885,3.5160171654054158,4.290401739464958,8.95619340982256,5.800577515163233,4.960822641494094,6.967117454765562,4.097461547900751,Upskill_Same_Domain
4.9164590936355,7.96283188805641,2.6021251057122132,7.1306895433144435,4.869850009986308,6.209531887804939,6.426525759363727,6.963666297080528,7.18190748287804,2.502928406569657,Switch_To_Adjacent_Role
5.508388679748793,9.688996787121885,2.5368568376201464,5.958770239007213,3.78629701598716,6.732931174772081,3.7649713286162445,5.559257001329269,8.592400578694614,0.25448344984994664,Stay_Same_Role_New_Company
6.111585462241222,6.868657196624921,3.8088044506388146,6.104790108306678,4.4836727013466735,4.381112043886117,5.9998917525568505,6.578424681308008,6.591887969941549,4.365110653343179,Switch_To_Adjacent_Role
3.393688670872711,2.3594429103180024,1.5313299376001042,7.996551943530251,4.254939361293938,4.019112372863268,5.244140257332152,6.179874240101694,2.50658191475051,,Complete_Career_Change
5.271963240232633,4.352603132413079,0.9807746482138162,7.124800657599658,7.877525515323093,1.572821764836546,5.228595107446447,5.6918290077987,6.059993561868811,3.4421579543610927,Complete_Career_Change
7.025563197964897,6.34106846618392,4.165194461158362,10.0,5.636124566012178,9.389774175969343,7.258000050309621,5.672006331439653,1.0221273488640272,7.353950558459342,Pursue_Entrepreneurship
5.381923737885623,4.832393077965457,4.952112285162966,5.60352569942607,4.291510373271158,,4.591763542028285,4.782050370698881,6.704019082058424,2.9513109895217107,Upskill_Same_Domain
3.524512099175577,5.94794635834542,5.731420961262255,5.415735169122928,1.2776165267289152,7.238804701655643,3.790241484320152,3.8741279702423386,7.235247944647472,2.355427170044364,Upskill_Same_Domain
6.656237493481883,5.871024744206133,4.518834166887729,5.295919608135903,6.243724440678027,5.988449386896064,6.125562104133765,6.927498601177835,6.76535630974549,3.8720573687448856,Switch_To_Adjacent_Role
3.911051218815417,4.652886735641937,3.2522162484529797,10.0,9.184108877117097,8.433616921525845,7.300744072399097,4.344499281766296,2.508108927584126,10.0,Pursue_Entrepreneurship
4.672340622864348,4.482284692421419,6.783058690560276,2.9347780120131226,4.415289896417102,,6.228609083979611,5.783520022235036,7.438741080464491,1.6933616945010093,Upskill_Same_Domain
5.8502790563833145,5.866932345813317,5.3910956934815975,9.43184045683405,5.9614653258704795,6.366280265663143,8.651866758458898,5.938992674300012,1.897762451115918,9.488143411715841,Pursue_Entrepreneurship
4.837530442426679,7.658004548206741,2.1083915209703643,6.796219871391136,4.785580891984916,8.674977524113729,5.080216024265479,6.048396187348049,7.384564617973749,2.504935127107897,Stay_Same_Role_New_Company
5.12651436921642,9.920611724421045,,5.600876235713812,2.5674164491207168,9.421012829813344,,5.76275020455466,8.248210462999863,0.6672347423678466,Stay_Same_Role_New_Company
6.624549764502668,5.765824980847165,2.5925527586404153,9.549494778701508,8.11211084273758,7.261068763100173,7.644291738592634,9.683024334069938,1.188307580054585,10.0,Pursue_Entrepreneurship
7.410873105779683,8.476490829408398,2.6278766463776004,5.590155253101305,4.598725027789664,8.216211263104695,2.619172090520339,5.56371042144576,4.911944406338803,0.5564209207046333,Stay_Same_Role_New_Company
4.4109133936981255,8.323746958999024,5.367688506057041,2.8527131073669523,3.3346100311004183,6.4493114116009105,4.3232350632879655,7.056381674079738,7.814157635767089,0.19254932246523326,Stay_Same_Role_New_Company
6.099267315251401,9.482408767455889,1.999233299979824,10.0,6.3785277724700205,7.170554136146415,10.0,6.248920306728718,1.058965548724557,9.47723214170292,Pursue_Entrepreneurship
6.3329478432637965,8.115621741304091,3.923245117503428,9.107289523847346,4.86898493621164,4.50359961554303,3.4269312954042555,9.030332073025491,7.065281844403267,3.565643046605599,Switch_To_Adjacent_Role
2.6523201600675326,2.8879324821202426,1.2143373147054088,5.948923153576665,5.852489059292904,5.596778504013063,5.279556536486465,4.070316792972255,4.416544196633003,2.583179168553817,Complete_Career_Change
6.290181203024479,5.1497414545265245,3.6626328081732744,10.0,6.193647019184204,5.905842479565325,9.127928181705308,7.598507276424515,2.8706803257254925,10.0,Pursue_Entrepreneurship
3.76801989630491,1.9183551125534197,4.123767818382017,7.555597834900347,3.969923841335512,4.7071864986194045,3.9845943533395385,7.001806932489319,2.711956968075626,6.866593765843704,Complete_Career_Change
1.9382791492682099,4.7400168632042625,2.213383042637786,8.09225456853755,7.895122703124823,4.390381468673533,6.37764681272146,3.385740844203223,6.616589566477013,6.913243258035395,Complete_Career_Change
5.730989798143978,3.761209915427774,2.3100402151599693,5.710145698777391,4.226599983607203,5.117693284234903,2.8612277755601854,5.509634594377886,3.6486538427667754,5.990272229604336,Complete_Career_Change
4.097525397611896,7.232080881847468,3.4102865046674427,6.567609707154704,4.052191010933309,6.149609627911865,2.2085242613397487,5.78853430329162,6.118861264582568,1.8117287444241041,Stay_Same_Role_New_Company
1.6206051521186904,3.333694829184526,,8.089004097094092,5.981624163026184,3.749506086087124,4.367093553649216,4.970848399249286,5.247726463717317,5.474441756789386,Complete_Career_Change
5.456186860753133,2.2994791243850776,3.864048853551554,6.461113017062987,6.156209213392756,4.578776523321125,3.979697347122386,6.091622917527957,3.6936461036150545,6.525499427097956,Complete_Career_Change
5.124400162391443,2.833353062997137,6.440620079200689,7.655713657638892,4.633149653934585,8.40039311721168,3.0375718244096745,4.445288132872697,7.805434767963205,3.5165268007417234,Upskill_Same_Domain
6.253635165085754,8.81822520793286,3.1714359570574975,6.064393135451675,5.12297029284501,8.020095330971193,6.132069601476631,4.9541153807077425,5.14941273906803,4.50654071281892,Stay_Same_Role_New_Company
5.524226781778544,2.221352297163734,2.014056595543132,7.266185582418739,6.941818085214777,5.092945656621543,,5.991045327260884,2.6540624000169015,6.10959814739337,Complete_Career_Change
1.171041398643792,3.420036709141252,,4.696972063272372,,8.217183003470835,4.496674846801249,5.538586805868328,5.7785684355914135,1.5759882040191522,Upskill_Same_Domain
9.065759162437715,6.009723540357761,2.7745298422100975,8.934059925684535,7.073860259979412,7.565120229401517,,5.862069288631563,0.0,9.84178066342292,Pursue_Entrepreneurship
5.84780237196452,5.603671778108571,3.3150908452166696,5.6808480633438485,6.993365054769566,4.5483896872225715,4.918351259912858,6.238344878197947,8.028456208836795,3.6095992642927928,Switch_To_Adjacent_Role
6.514714036760071,10.0,1.5338850056407718,4.506251534673137,4.021240507602792,5.837350140099213,4.575859393470048,7.855730868789856,9.888602678133775,2.063279007447808,Stay_Same_Role_New_Company
8.10392753015764,6.601833712666836,2.4536464063600114,8.31710089528306,10.0,5.158251604936626,6.007806403404499,8.72531701651487,1.4394929817528137,7.963718341133991,Pursue_Entrepreneurship
5.403095079116369,2.015438386306011,5.148635666297036,3.407369288972405,4.528207622377891,8.616210159302284,6.629366226064371,3.441426181004733,7.684524425641646,3.72643720778501,Upskill_Same_Domain
6.18249237878423,6.543346836555593,3.9886921189885154,8.290351341056283,9.123135514984627,6.298965273892934,7.12027472807211,5.43105307330449,1.0722863601003363,,Pursue_Entrepreneurship
3.370021594811215,1.6951231441762626,1.325148977269784,9.809215087452754,7.177813555841791,3.4529017001931437,5.2490530961465405,3.236957958289922,2.6255600034536593,5.636322245724452,Complete_Career_Change
3.500764353550094,3.6790483874245323,4.252492683878249,5.027978431117072,5.266805320209854,9.709954847700663,3.191613212214274,4.151867054222262,6.251513918230319,,Upskill_Same_Domain
7.55170414341329,5.178199967265964,0.3816666266751234,6.034590251785707,5.078608982552579,7.3255801903389886,3.2756850656858867,5.969796175894524,10.0,3.5714595057346217,Stay_Same_Role_New_Company
5.435532599753479,7.751520214097626,6.3412877808953585,6.582584788014718,5.010426860069469,8.740560526630073,,5.257523311332341,3.692574042047655,5.814919040018166,Switch_To_Adjacent_Role
7.098391340581035,5.626202912980393,6.705518067586702,10.0,9.20232444260674,7.8727640674325645,6.950543208340655,8.27712814988846,1.5465174971127447,10.0,Pursue_Entrepreneurship
5.613060250199654,1.2862279802567278,1.2318133672808362,8.429405274330524,5.1818520062662845,0.4248069603933069,5.343381887249024,3.652860325510601,4.10727664127683,7.31066840411206,Complete_Career_Change
4.375415150464286,1.7794859829626772,5.809268380832838,5.297661170814789,2.7626668857924246,7.148226627427399,4.11571592978273,3.6631177020180012,8.111075012438695,0.13706620032787686,Upskill_Same_Domain
7.62456484715691,8.82598248571966,3.962018507195636,5.827978168383873,5.443028830402738,4.681305531371562,5.108707400633724,5.276950453496137,5.836206755067973,4.686361605091071,Stay_Same_Role_New_Company
3.665877829120579,2.9581295863182446,4.466036813903521,4.234332732502832,6.792540003727666,9.221912506069533,1.840873061457292,4.039217605230833,5.655334898878191,4.284839063574976,Upskill_Same_Domain
4.856409785299972,3.4548641847012025,1.8295294399885775,6.418215527433882,6.945320024584367,3.391180914691593,5.204671045713306,3.555029648533032,1.7419670749926819,6.481849904841516,Complete_Career_Change
3.8091060270011665,6.463998713119668,5.506343267795477,3.3623574651468955,3.2082096042045354,4.245900875801439,5.992416260111066,6.282387607999261,7.780968711750186,1.8350845498914863,Upskill_Same_Domain
8.757486423423767,8.304760451426727,0.5787698215877666,3.6969115305039173,2.73734611426384,7.0225350178967,4.8416532087306665,5.391046592730705,10.0,3.213677736299984,Stay_Same_Role_New_Company
8.076938390189266,6.060467121279164,4.083171024779511,5.51452414374563,6.937808178953622,5.07240416856661,4.452261542960591,7.272170722764454,5.3002111760883555,3.95091845521691,Switch_To_Adjacent_Role
5.811845478131572,5.394912071750154,6.843135589355846,2.608984123853066,3.406101800976958,6.142689664760371,5.013507326956669,4.472249655208272,8.477929223485733,4.709807617367566,Upskill_Same_Domain
4.900665835244911,5.436797546390072,4.426070410937534,6.759419795357977,4.320097242069219,,2.3588945607380647,6.275227919421776,6.990794014546292,3.635910785054862,Switch_To_Adjacent_Role
4.8647126603481485,7.828600193745838,4.420834564252784,7.606517760892384,4.517659268647249,5.572986342317417,3.7245866944488384,5.462313184432256,5.659264510431982,3.0563843131067188,Switch_To_Adjacent_Role
4.973977860959797,3.9500234620260293,1.4210353899262929,5.322569790532038,5.542007859276838,1.922961766763486,4.519075117319834,3.9854096381387354,0.9594471972190388,7.75683268961823,Complete_Career_Change
5.9716667773738825,3.5291515257285244,5.933731375103173,4.422189282995393,5.517273634874117,8.5196340690425,4.478590521757929,7.067358410964566,8.16635274344298,2.6947607876512563,Upskill_Same_Domain
5.63424805278597,5.44085185124405,5.194887477989843,5.267404422921889,3.640496252802266,4.100357462985128,4.160302225775196,3.887863956369511,6.427884286236729,5.567946053199183,Upskill_Same_Domain
4.158908430076783,3.7798547408722247,7.653910520303727,3.5267044646190566,4.618681903828091,7.7410161317479975,5.0518527349012805,4.292503532223126,6.624422354891545,0.7395398987227888,Upskill_Same_Domain
4.373823136363617,5.854225069970044,8.22239500031415,6.421827830572298,5.520749998748506,4.867641731815756,4.633310363173371,2.8861769085311026,5.066287448605014,3.31090628995041,Upskill_Same_Domain
5.561838712058315,2.5105271547535164,0.5154255466258684,5.80792344355623,4.9847234635029585,1.2192938593564886,6.3304399488772995,5.478014197933628,3.461050637081142,2.6526934349518227,Complete_Career_Change
7.276013200819653,5.173632887653582,2.5574581277885655,10.0,6.052271697653692,5.676305207318632,6.5042702779653006,7.648313638946623,2.807036670891618,10.0,Pursue_Entrepreneurship
6.8025338018030235,,2.6639549520211068,6.375701171268388,7.272347961527049,9.092523813001822,7.347800340594135,8.336660993263065,5.058008066506106,10.0,Pursue_Entrepreneurship
5.000689269793029,2.3028203899787267,3.26934132461031,6.1935683290396195,4.324100248072932,4.530857053274128,3.070428079588548,3.5699868001257062,4.587782840587154,6.182583342979122,Complete_Career_Change
3.27198368685092,5.289462641610774,6.554892624027853,3.917518445615077,4.689140961145903,6.391030722047447,2.872131781557744,4.591645097727513,6.192684718750413,1.771586013693871,Upskill_Same_Domain
7.011201906086594,6.916042181886842,2.7507047554983837,7.830086446830458,7.0981224107100385,6.279459875727491,5.26565199337164,6.293940413057682,5.897643470088809,4.833020674528434,Switch_To_Adjacent_Role
7.858462688630713,6.0010058220051645,5.326678565883234,8.12770050183073,5.132874181199444,6.127529606776339,6.451861331440826,6.67841680666107,0.7528128519855442,8.900557549146374,Pursue_Entrepreneurship
6.430703248419209,3.5894155811842285,,5.486346426850635,4.531023747546457,6.112719191429097,,5.661963859624859,6.138292111222283,2.835891890544756,Upskill_Same_Domain
4.619527318642588,2.332697489891886,1.2617349614784414,6.239171570345777,7.958799169754129,2.729431194399163,5.901966899331285,4.432570178125479,3.466668871151876,6.230397743710144,Complete_Career_Change
5.4272709383411515,3.063021959149105,,4.793178629974264,6.13139564694767,3.833593377952735,5.0390085000902225,5.631887672447542,6.39403245043543,4.162106460946751,Switch_To_Adjacent_Role
3.0622195658590137,3.945506623172797,6.0876909358882205,5.5999628196772875,6.891352603669333,7.00511718566298,3.298275206083151,5.523209774727666,6.092271494078281,1.6566612552142619,Upskill_Same_Domain
5.933443754638424,7.896351566986149,5.336829516638032,6.162477327067433,5.014879070818906,7.323423502741408,5.057476091535458,5.736211819765788,6.092844643395227,2.303632559110992,Stay_Same_Role_New_Company
5.628238930084646,1.9376063620821395,5.295951379667439,7.15827022301964,3.68609539735589,6.189711160017478,2.852644786644901,4.936599374751571,6.042855642815146,2.758705784750835,Upskill_Same_Domain
5.781745636067287,6.274963017462213,4.070867142202553,9.613253665505175,7.3734700775999364,8.21552624795236,3.9598993932624245,7.746991647705197,3.5632367128983304,10.0,Pursue_Entrepreneurship
4.609850379119483,1.0333260825825246,2.7309467896076933,6.959859536489045,4.761702333815609,2.0771276796157094,2.4670554497326274,4.517146033996968,3.3893765384476096,4.3621089467889895,Complete_Career_Change
5.866234714463604,2.4701710194846562,2.865312032132856,7.309745359007389,5.67371453323513,2.871299473780872,5.527559279089504,6.93661524776387,2.776331133416889,6.219602656462423,Complete_Career_Change
4.776159290316339,3.1692195080511327,0.9611622739051335,5.359896204339025,8.590565641085917,3.164845316379033,4.32144111700462,4.482865972426755,4.212514015306785,7.8046269000183575,Complete_Career_Change
6.4456189775778325,,3.2363302474730875,7.908973502640488,4.1839258494922715,4.674920269954374,2.6624328273149973,5.816519376614708,2.8406508639298975,5.510877429233388,Complete_Career_Change
2.9968655323775626,8.070659661007497,2.3866911562701634,5.597201503231595,5.912539714087651,7.179713861676286,5.98817301098861,6.297974786349589,8.189084117281906,1.583924758269153,Stay_Same_Role_New_Company
8.245555278413441,6.0059801736090215,4.122976417807645,4.572917209940238,4.920278350422499,5.631231936084866,4.56520697593736,7.690057973108646,8.25745181458402,4.752005087032927,Stay_Same_Role_New_Company
6.621316992580004,2.2935174685912694,0.9292360719343813,9.238577935773137,5.936229444500226,1.7555494467169384,5.426159154040947,6.333392689503505,,4.428078965227225,Complete_Career_Change
5.508851507414247,9.191204873396936,0.746828165828322,6.120600065535774,4.5064075173146705,7.490032121403984,3.534915716738877,7.727220386904267,9.119325448223435,3.7474676834750955,Stay_Same_Role_New_Company
3.8075914033956675,6.925901693726861,3.321965671441626,4.767005386915319,4.67060916036758,6.793059667205921,5.264404712805926,4.68890314547396,8.418904533168766,3.361465761501129,Stay_Same_Role_New_Company
4.047269801802835,1.2133174785369314,4.091363066585727,5.945357783247003,5.744201614537203,3.9146594916825506,5.846786315401699,5.798548358432821,4.094184388429921,4.976839858727833,Complete_Career_Change
3.5907687405901205,6.822728820624475,2.9815786299343934,9.977390597695871,4.088104342603778,3.865402782524219,5.6631803302974735,7.988107522657484,6.083966554026188,4.743915146243457,Switch_To_Adjacent_Role
3.8730381770061575,5.018368366171214,2.4123638163205174,10.0,7.486590942935803,8.213444445438117,7.129459813684238,7.266432265235161,1.9575848707384191,10.0,Pursue_Entrepreneurship
1.0977538055438596,0.5117981144492365,2.474383687400978,7.41433255084845,6.823160565122103,3.2856666691707472,3.059547289619978,4.462987696040839,3.5436933729850506,5.80000463344186,Complete_Career_Change
5.553567886816106,5.920029616513971,4.9153925841317205,4.6672670472225715,6.822070162709213,6.106227403821542,3.28799740427717,7.57074167312465,8.904321005037051,5.30238416041423,Switch_To_Adjacent_Role
5.649735148098627,5.6043572136067015,2.9108297635890557,6.913933096759035,7.108165704395209,5.434236378136541,6.700290310913791,3.4389804584369514,5.927910612749711,3.9478766142642328,Switch_To_Adjacent_Role
8.7841418811316,7.4716604787,2.3340844522070014,3.942095453277759,5.800773249348144,8.467663980537159,4.851868305048662,4.907796579948713,6.428174419601389,3.3457706241721112,Stay_Same_Role_New_Company
6.905885610517092,5.575883213889023,3.7692792667783364,5.509649262774207,3.0081393667054006,4.028417627899951,6.249421531956282,3.2570641590560365,5.003790045499583,3.480363926823307,Switch_To_Adjacent_Role
8.137711213974644,7.409156117022022,3.7813013734568166,6.218274315920862,7.307332087689297,6.014625983519837,7.331357475286236,6.627581839467108,1.9730381878947174,8.148941681998966,Pursue_Entrepreneurship
6.015527488377704,8.582144084636386,4.008562002929417,9.935430381077316,6.798598463610864,7.896882547126583,5.607682309874672,6.899312190565777,0.42924348874612983,,Pursue_Entrepreneurship
6.100757117448385,3.460629675360481,3.198788776652127,,5.31831033298062,2.940539901334173,6.176877184790172,5.994245553244567,2.598704504639448,5.5517812986900745,Complete_Career_Change
7.91945768756306,4.5282395423916215,4.288104632204106,8.527482494850279,7.37177444288403,8.123731508469367,8.765063634966616,9.31797674549875,2.553267325478748,9.356978172017467,Pursue_Entrepreneurship
6.9598194795194885,4.60644066177436,6.744113640438158,5.648419439612155,5.502347081787747,,4.354318409862907,4.150260370461142,7.570002712209658,3.4441981517456135,Upskill_Same_Domain
6.221812602101731,7.271415690556002,3.0403613606351203,4.672318339975637,,6.623161699882669,5.2578955088143715,5.002617810910167,6.451833633109911,0.7316835311301733,Stay_Same_Role_New_Company
2.8671014444601624,6.496748041655067,2.6180874038022313,,5.928715427419856,9.596485489972393,3.470400864741907,4.911297574689249,7.8060828788029095,4.594450993049508,Stay_Same_Role_New_Company
8.094218093515462,10.0,2.4731499549158684,2.4821105471937592,4.596370830945273,6.62791016520713,4.753099006671066,4.552595545501597,8.25342948521942,3.1818595878719123,Stay_Same_Role_New_Company
4.263297391846928,0.26949396768855616,5.369887358462995,5.9026852321850924,2.3136525163840163,6.646498560540202,6.0608395784408735,3.511203161086375,7.002793804555991,1.3047788656037023,Upskill_Same_Domain
3.521140942251143,7.335855391719968,2.6761898079303643,6.133214077234104,5.184595238379643,4.254584919088402,3.721967494044242,6.359338673529881,7.294201126611487,3.831342935854946,Switch_To_Adjacent_Role
4.268465493134476,2.162438822277359,7.285784007788202,0.9395451319736661,3.9197252984630344,5.69374200907991,4.19263254123284,5.2301603501435565,8.464794250739345,2.073873664642192,Upskill_Same_Domain
5.922932560166288,7.05192698271424,2.4611850144133838,5.824083491053865,5.0038912785599425,7.4422729699288395,5.871103014862847,5.5127060982331075,8.483122612718748,2.992495384495913,Stay_Same_Role_New_Company
4.04912977638361,6.666966833888724,2.3008452497357186,6.596947055964197,4.168645591846282,7.832277757127386,4.300188936279946,6.322331829107437,7.316185847213057,3.6349735801205663,Stay_Same_Role_New_Company
,3.5997794336838296,3.9068565297790965,6.822263418137395,,4.963776490210176,5.24735949328811,3.166206869075795,2.033033672803863,2.202640993567593,Complete_Career_Change
7.659671361900777,7.660849478006159,4.5570454226912105,10.0,6.635359376363679,8.193506548455497,8.67614789520332,9.466752677179597,0.0,,Pursue_Entrepreneurship
6.026370900561257,3.3973204199295135,1.4947145746852557,6.3107659732721135,6.8519616318837056,3.605776261766332,5.717358063306446,4.76833877427807,4.830432710682775,6.050295829471832,Complete_Career_Change
5.703338007812321,1.4295376570224283,7.759986210831039,5.009680751558864,5.814015799207455,7.003310312851271,4.063602272084203,4.142098023929329,7.4772876899520675,2.5947277184240822,Upskill_Same_Domain
4.893658542190336,4.558556132580549,4.298298473795959,5.32086383913967,4.887931844891803,6.461123833377374,3.4897466333853493,4.823025223513618,6.200303989793529,5.260232727972667,Switch_To_Adjacent_Role
3.057752660428986,4.271234478433109,6.263013634725862,3.445314764777226,4.272591153395008,3.927734633043836,5.204289772183221,,6.954946743163127,1.1452985523128871,Upskill_Same_Domain
,3.5328411501302903,5.672567170673403,4.925148162989004,5.4730817266618965,4.73830632641294,5.348611615241911,4.764302930658535,5.766077885751702,4.584759924523494,Switch_To_Adjacent_Role
5.92675615070534,5.184149586425662,2.851547297086073,7.3676973518308655,5.41696823933816,8.128741636109519,5.060202954232382,4.79609854754436,7.59502313936672,4.8200402133898255,Switch_To_Adjacent_Role
4.744496244588748,4.260608037399126,6.157612708080157,1.8762826884604302,4.395482087922364,5.6312742532090585,2.4576176283496753,6.364223770161379,7.6554697740947955,2.961219594772088,Upskill_Same_Domain
5.085162537281133,5.026625488824807,3.7131471047863323,6.391447117230902,6.77779106840029,2.087309310674157,3.918710473458347,6.206825114845707,5.871477949249028,4.524389115284743,Switch_To_Adjacent_Role
5.0474997786069125,6.2135017811062045,3.7239603332279563,8.141237075270045,6.888255768185804,6.799082541456996,6.501812533667824,7.509222817923295,1.6383703918341015,8.705332701812951,Pursue_Entrepreneurship
,7.977168325579321,1.8268499767697335,4.554956779736953,,4.7826521191798275,2.8996441588831185,6.626686886183183,6.820465694979416,0.0,Stay_Same_Role_New_Company
4.299334439237178,1.3066990533799687,2.4904890274965683,6.925948424047605,8.016392826052403,3.5785045750972504,4.430859302767798,8.218043581477325,3.246811705250107,6.223003924758818,Complete_Career_Change
7.020297247590576,8.354080681856512,2.071962728752571,3.288120725624286,6.086550265208638,7.454155809328558,8.097382967489295,6.546245178342419,8.00401408364062,2.2829936908588655,Stay_Same_Role_New_Company
,7.754288399389958,4.481696630978668,7.613766356557103,8.095765577277193,7.871143903333731,6.788089338346892,5.625279103497162,2.1303848835985884,8.19890197408896,Pursue_Entrepreneurship
4.669453259591576,8.233058325443212,3.2859956891632947,,6.085644619688952,7.463932376894363,6.90229375858543,4.454608029380294,6.668323007425328,1.2954512761728176,Stay_Same_Role_New_Company
4.554421937143129,6.052437327221098,3.594051347011351,3.9387156130196677,4.30340751687591,7.5386683811829815,5.5001403089608045,4.279335208178194,3.997539311397066,3.854186929856241,Switch_To_Adjacent_Role
2.3670450066271282,,6.99234050179108,4.561069055189347,3.372089280704837,5.226808594553921,5.333711771054296,2.5354105075553237,8.383811599064932,2.7852410931304323,Upskill_Same_Domain
,4.2822470990759784,2.9012848147350048,9.115604931569454,7.346852086196801,10.0,5.75046572324349,7.337371662918684,0.14914825543515842,8.995878361239065,Pursue_Entrepreneurship
7.635458381467105,7.6447079291348246,4.031783338495723,5.618575981616834,5.328268423342937,5.795311637903706,7.08006146571549,6.549207651508395,6.943837742950883,5.520051141791223,Switch_To_Adjacent_Role
4.182557005167831,2.90298840223436,6.808936372751268,3.454152834594865,3.219008594709155,8.044854896786953,4.46100750900753,4.194591743277246,7.8338628801538315,3.0116114350439083,Upskill_Same_Domain
5.358515835503592,5.170200375013396,3.0957061204716196,8.392771560410184,5.463059277481208,3.682366591344228,5.780033934833241,7.611301732376766,5.4343323165358655,6.546818018646428,Complete_Career_Change
,8.014281167585784,4.142640236011161,3.0534148788771023,3.2966142253049293,4.350952939944866,5.042503792829252,4.546202437631493,7.0000848569767085,,Stay_Same_Role_New_Company
4.138187172374841,2.0013241661353662,4.460971778568034,3.8268599964926384,4.427281907721451,8.799808323501155,4.696790646402792,3.314297936753268,6.05362536902665,4.787173288199851,Upskill_Same_Domain
5.730164151762886,6.457603840118921,,6.525908751012004,5.153683802249739,4.656222321046337,7.087128397632154,7.363638726269875,5.01087583143737,4.738977597272997,Switch_To_Adjacent_Role
4.8419799532999654,6.841898170385431,3.773573069112442,6.179690453116594,6.9136910061930035,6.622095960315381,4.789762696046379,5.129006374058311,7.475857151149145,5.0060585351828255,Switch_To_Adjacent_Role
7.472204160451124,6.54599577509099,3.639809900849898,8.869449179836797,8.489906339745687,5.5234650870431325,7.76541822768828,8.409362748396369,0.0,10.0,Pursue_Entrepreneurship
3.6513327040178276,4.93161411467018,4.112129987092508,4.465227358320462,5.3494554370367045,6.8761186609843605,3.307686341362437,5.731620514066298,7.332183753876004,3.4562510925270478,Switch_To_Adjacent_Role
7.074623269620763,6.956779336325268,1.628000971838651,6.677098054238489,7.401123631108123,6.743023952513528,8.25375279726267,7.526021972838557,2.756424414790474,7.880726149570329,Pursue_Entrepreneurship
5.792667163901784,3.4449465230036087,2.308590233712354,9.012942261436365,5.07754990698525,6.613691457513483,5.69027452888281,9.631920708925279,4.814685373195374,8.124343766955311,Pursue_Entrepreneurship
6.517151752775873,6.368084937356122,3.187494739940686,9.100053698227542,8.290321393861271,9.54988737089274,7.335882306734785,7.4463134900572685,3.9856880497733638,8.786084384212476,Pursue_Entrepreneurship
6.428397909071864,1.275164703952903,3.0462606589222307,4.455799046886621,4.541931684850939,4.606679837504994,2.793829492139319,5.55503449402594,4.6783955570560725,4.848283749466239,Complete_Career_Change
3.8783855981289994,3.936503338545786,8.48792185208895,4.139460328568231,6.110504850075497,6.550758611233928,4.540044479381536,4.590946166234787,8.102207114190161,2.1088089032910333,Upskill_Same_Domain
5.023074952945769,4.016069471476837,3.996605104548187,3.694060236939294,3.9705013259859703,5.975716093203187,4.097475583386787,6.353203784082325,8.05572507648998,1.716226886196697,Upskill_Same_Domain
4.771416547267315,4.171549184884098,5.327588975984873,5.301773913564053,4.968431182728573,5.553534026453931,6.48536598962715,6.026048478126206,4.4411477360112,4.707040105345834,Switch_To_Adjacent_Role
5.759678927391161,7.114791592274877,4.5893037402762396,4.799111673310557,4.443173831187961,6.542226384365302,5.692001941219353,6.4750772836733015,8.036552395074786,3.0600673039102477,Stay_Same_Role_New_Company
3.8122692968994536,7.564649461018493,3.2115789846365073,5.762089030767061,5.924594553730712,8.031351405759903,4.546657406077031,5.398942669536063,8.6153686456343,2.251304377653901,Stay_Same_Role_New_Company
3.7429403206999545,3.6365315004272145,5.985321898950921,5.1236522701792655,6.3707976085320865,7.452524225600163,5.250813906090118,6.37993534292608,7.740620245979507,2.952280645695306,Upskill_Same_Domain
5.021791194440532,3.7944955811625904,2.6999369846970627,9.56365812658349,4.619260758615762,3.9893205254585635,5.375110086553907,4.752464715886941,4.99788469564847,4.938348598635986,Complete_Career_Change
5.840202263402259,3.450822136833679,2.876333445034628,7.751993032733663,6.130434576788251,3.251207927096095,4.923174443691049,7.637239588651969,5.073886481652625,5.895093428892028,Complete_Career_Change
4.069140356495332,5.690032743725607,3.8507886662975004,8.07078571585965,5.038893506152419,2.3289754698556,5.6557780419612085,5.091271590964896,6.055420331769071,3.8872838889052392,Switch_To_Adjacent_Role
5.1510073060280925,6.537705851116994,3.237726864919392,7.026095639172115,10.0,5.697876055892554,7.244864850254486,7.228049723862161,2.923401897556551,,Pursue_Entrepreneurship
6.092709891629813,3.1327043321011185,5.130835785318263,4.993166595567246,6.485791684184431,7.989787400806328,2.3725921241661148,4.156701239010579,5.790215378903634,2.6522337215101643,Upskill_Same_Domain
2.9640507421796025,4.475850597643108,3.8167130705931163,7.955764252922127,6.215923319638273,5.794820430454316,6.074722753188181,6.5054581056529575,4.093683817716937,5.046003210631588,Complete_Career_Change
5.9174387232302506,8.950940130323215,1.8992326792507739,3.60175602801408,5.291586499336073,7.781247070109866,5.432292007026933,4.9477101521734745,8.380730294718813,1.5329807947756755,Stay_Same_Role_New_Company
7.969621195623843,7.537542318932632,3.3833231412715516,9.677658709590315,7.217771658721339,7.314480913519326,6.008562749783906,8.309240410211881,0.0,7.121090788971804,Pursue_Entrepreneurship
3.222808163732131,2.656273634825415,6.639509261763202,4.2695429400708,4.465641058837093,,4.9867482884805465,6.228835222943961,4.489003061714623,3.329417292387561,Upskill_Same_Domain
5.818217329180399,4.118750449899349,5.253672756159256,5.299671124356909,5.494980126696323,3.035053371695062,4.724259344900597,,3.1956933049958107,6.835885669821526,Complete_Career_Change
5.673640347619853,5.192407378981599,2.5386759680565203,7.156794160051865,4.4819225071220545,5.407045970765822,3.4988334925671065,4.876748872793015,1.895147036269605,7.5239629801266625,Complete_Career_Change
6.04877886325026,7.0983440341030795,3.4154334990167023,8.751284519926994,6.940586648786114,,6.65226691666896,7.003482270391037,2.0959736484283,10.0,Pursue_Entrepreneurship
3.6868439525355114,5.577060225605107,7.292049984521301,4.771265668653178,5.489495714748216,6.12488138566668,3.989122083965443,3.6398882897970353,8.175284434090338,2.0985626694824417,Upskill_Same_Domain
5.966643372846913,6.05987558015025,5.726603607164536,8.187098660942128,6.973639313738312,4.276001117101258,5.261748309179398,6.571370987578857,3.647497940407602,4.610168857507007,Switch_To_Adjacent_Role
5.7539139942480695,0.5261253081980115,0.7006395448889111,6.981345792075008,5.651296840606753,1.7614633495894192,5.565143196226773,3.587783274754078,5.441292030763482,7.866822376367437,Complete_Career_Change
4.793082354341459,7.834712081639726,3.8858136178151903,6.266118691826689,7.032640952169143,4.333259137888939,3.7092991498158785,5.744552053482461,7.075324639507588,2.269859571602462,Switch_To_Adjacent_Role
7.229810177280168,,2.500350378813449,8.33369165901895,7.626791694251704,6.757724193895572,8.610241679605744,10.0,2.5451169210836437,,Pursue_Entrepreneurship
6.677090066763814,4.461989073871125,8.550607362994922,4.444176592156231,5.739294617135616,5.913399844421645,3.331021508930607,3.6192381480551727,4.321312368738393,4.673219937930986,Upskill_Same_Domain
7.3583915669389715,6.333702848756011,5.109202461729799,6.934820959914838,6.310278386127562,5.952314820337524,4.69729406904974,8.490065099044719,4.820981919375329,4.005599935046107,Switch_To_Adjacent_Role
9.242981038308372,4.0152956998214435,2.14553299746405,9.73466645266148,9.612481862630554,7.246416099688415,8.799094809612868,4.905456454286454,1.3505915491645217,7.063867850713763,Pursue_Entrepreneurship
3.1010571022364646,1.3422092138901394,1.5650570352481767,7.22983115466351,5.010655925285178,4.91915294262597,2.4133268381040573,,3.065944545035099,5.271651354618187,Complete_Career_Change
6.614373459623596,4.554342469333038,5.0859900920729,7.541985252754481,5.774123982714514,5.2709230233494315,5.520402880802576,2.280026118869125,6.3929356840311,3.852639802808251,Switch_To_Adjacent_Role
3.108962965284465,1.7112265045581658,1.9786430373551838,6.9887126688712105,6.197445928276079,3.1399474502493696,6.421187190010755,5.634666031653644,2.450752423166281,5.622864941377845,Complete_Career_Change
5.5212763561755605,8.444022216222663,5.24730693772727,3.717085798043291,4.681138800275257,8.010538848880268,5.565195896806604,5.510997107400871,7.326030146129146,0.7126354491190237,Stay_Same_Role_New_Company
5.958201246345328,6.440692863617274,3.5193890312285925,5.224716832072189,2.657671627977704,6.759362691500626,5.582802617483293,5.7670842088225625,5.821605287612868,4.956987540939371,Switch_To_Adjacent_Role
6.758043002813316,6.749720870006422,3.682372488266612,5.787106664641138,4.9441663260302375,8.9251629807395,5.722685640689275,5.3970594262431355,6.6051458064161634,2.685870406786787,Switch_To_Adjacent_Role
7.4737389884515455,6.177085088967607,,6.723549380068723,6.040957518021677,3.735792475438719,9.748836062949609,9.485601837902474,2.510664084079383,9.675649634009465,Pursue_Entrepreneurship
4.760006900683732,0.5547093885123711,5.5573420764586094,5.350132167199822,4.191868965048303,7.4295075542916456,2.894968581974016,2.8022229153761105,6.907120976038113,3.0410353674768893,Upskill_Same_Domain
5.800209364329377,9.890265235894695,2.406587512507861,6.471904943833022,,6.921672599678327,3.606448682022715,6.591530836451776,9.378663744004495,2.39943696623289,Stay_Same_Role_New_Company
3.789617525187612,5.931995839618644,6.134494314361807,3.773036784156564,3.0112036378472604,4.066788067680733,2.3733351764205075,4.6455470138776915,8.274303899339463,2.2715430598511386,Upskill_Same_Domain
6.500549318952931,8.723493475576642,3.3853434010512573,7.645595293550388,4.8867775776317375,6.60079181616505,4.020414145535408,4.658058528248812,,1.344563492799806,Stay_Same_Role_New_Company
5.998482022103006,9.504477317638589,3.463449102718186,9.584694707178137,6.50380854371493,7.686072389599225,8.632023875907516,6.735646752230073,1.9288876402159072,8.336136299141865,Pursue_Entrepreneurship
6.1274024883291975,10.0,2.5085489207490803,5.421315989016061,3.961552531639123,6.543017844313719,5.323614083515655,7.100195281000048,7.914823284230646,4.136849304135157,Stay_Same_Role_New_Company
4.280696526720817,7.367947630091239,3.5462947223169614,4.866884281405575,4.1542672934727305,6.123523799758138,4.073961816263479,4.856637482743375,10.0,2.886764392541221,Stay_Same_Role_New_Company
6.501350903943387,2.4589398260229296,0.9996063837369935,9.496679164015422,5.524288754838708,2.5632337069372255,2.209246583785693,4.1602453285380925,1.6089704407110785,4.690332912520328,Complete_Career_Change
4.437174082171045,6.548101878882779,3.877780273689298,5.137874124172206,4.6390817348780296,3.926481653882375,6.27249374360836,6.102202970391324,4.878359974554749,5.0511120744826234,Switch_To_Adjacent_Role
5.874967381999668,9.466424514554094,0.0350408010165002,3.0543697031256754,3.8002476255361524,8.899532526736428,5.367363077795085,6.997512412599595,6.017790805135901,1.044603362148316,Stay_Same_Role_New_Company
3.7679698992756046,4.6202553992433115,5.581370582770425,3.657056437541072,4.567020932322447,5.008948453253641,4.557444183184083,5.970802790545803,6.897034746715585,2.736556308709729,Upskill_Same_Domain
6.338646493959458,5.004856108645076,3.246727888743791,5.397522002286985,3.0914537798026385,6.620286042464377,6.549071698437336,5.088252605307006,6.452663920728265,3.6547973829819926,Switch_To_Adjacent_Role
,8.008801797205527,3.7456909699500054,6.337073933995381,3.7822267068611497,4.918805630571776,5.273695072026021,8.061804980247826,6.288577610979153,5.798836469550899,Switch_To_Adjacent_Role
6.467471801799257,2.459259160047934,0.9072604654695047,6.737939120447334,3.632510739646237,5.22860510840337,2.4156983430765657,5.372880131190679,2.4031986478864056,3.6452855215006803,Complete_Career_Change
4.92558748301927,3.9539833903033488,2.874592364853705,7.665734013403875,5.597209825876165,6.0864134688149685,4.660152430675051,5.14265299497475,8.180840284838034,3.755350585833595,Switch_To_Adjacent_Role
5.96773135380703,2.011979786832197,2.962401396747824,6.559664942608099,6.084719786273501,6.497171068711827,,5.499758268905556,1.4648146042910302,7.476137959141932,Complete_Career_Change
5.737105979141038,7.665227471414552,2.601954316395536,4.799885338763349,3.9895297119202437,5.8253869744642905,5.08577829249372,5.396264634999465,4.681710049249137,2.3534248493499046,Switch_To_Adjacent_Role
3.9791001295735473,4.755529899706039,0.7774224773270402,9.600059355132174,4.678536191521298,3.9986827977023998,3.8627450524785742,4.553152727000789,4.541764407262214,7.449774836397454,Complete_Career_Change
4.2670899273058875,,4.421441332625053,6.588969605805376,5.0600901944598355,2.4957327568279104,6.198171002475094,6.4573057289911935,3.3622236600145774,3.685071044801056,Complete_Career_Change
4.872571611482105,3.1724598744062145,6.094345004768325,3.879355792169979,6.598519922687366,7.21104736952085,4.8707704471913695,1.0330072785572333,6.913174717522546,5.7081742467767445,Upskill_Same_Domain
,0.6506088219803949,2.2397233474907514,8.859579769288906,5.960759685710392,2.7267875830264003,2.746721646713855,4.701001045163883,2.5158615643943936,5.7668004192138715,Complete_Career_Change
5.024472625555362,2.69234600505223,2.2520641588494663,6.949684586304525,5.543175751592874,7.260042221159013,3.4980573030523283,4.27463638888995,7.782010340878593,6.047317293198718,Complete_Career_Change
7.03198610541383,6.259009453624011,7.213351798872111,6.221660641825544,5.122914493881573,5.505372747451326,5.333439571976602,6.5658301443223825,8.69972472361673,2.901083395529161,Switch_To_Adjacent_Role
4.4481709526466195,3.414082157313545,4.702792353831198,8.756105002366025,7.30642833615408,5.165486749154626,5.011498898706029,7.154018133819087,7.458766425785379,3.5534035655265916,Switch_To_Adjacent_Role
6.670033523771054,7.249199446437654,4.656781382023611,4.184136202632004,4.172400131967094,7.703471094045891,5.9918044270380175,6.582529173117065,5.3087234873997495,3.1994447719067263,Stay_Same_Role_New_Company
4.040974769156852,5.041531883966249,6.1933466286963545,6.17448589134084,4.116218280743141,7.107899274537995,4.6576505838959665,6.452082434420551,4.781371501765438,2.404069243080895,Upskill_Same_Domain
5.586721486782999,6.872893166779546,3.1549936194656096,4.257116015044241,4.783994805465348,9.446827344265264,4.779364264653508,6.537930012347278,7.198049871098494,2.5984272743438837,Stay_Same_Role_New_Company
4.422222119068972,3.2947607463356707,4.071980010489799,7.675159456572819,8.342135385650458,5.105633364162481,4.775577314703096,5.326932490323164,3.678408267657912,3.8733895787265107,Complete_Career_Change
7.556929235786467,5.67733039302428,0.0,7.373245802408216,5.065368858569567,3.655796697823846,3.9560994094992994,6.055286828023166,3.353659120941612,4.315820621540056,Complete_Career_Change
5.325671010717366,4.665809284875515,3.725777055479403,6.764603081874482,7.882931696976154,,7.710172201274401,5.743372732674741,1.5043185704058795,10.0,Pursue_Entrepreneurship
5.162501759250493,7.260745833609269,5.1365609825947836,4.723517200263956,4.387815611218851,5.641312798657433,7.243972087070363,3.5097652861903077,6.361832821441656,2.2111436689549073,Switch_To_Adjacent_Role
4.56681721061222,3.5737416185794237,5.789225141362907,4.676053780819189,6.733529995111769,6.188372087909958,4.068395698684795,3.3750090414715386,7.931620386415101,4.776682932333768,Upskill_Same_Domain
6.475382083101939,3.202394672924105,7.145200502158957,4.47532262041488,4.445003856625622,5.414005624497552,,3.505375035033358,7.221031608530942,2.6928754775892054,Upskill_Same_Domain
5.510392238413457,5.850064506750463,5.383605842121337,4.728026855946135,9.158781689246009,5.987834721616757,5.495078028688975,6.682624766164377,8.440277417931135,5.030259635174389,Switch_To_Adjacent_Role
3.260003796101276,9.000007070448266,4.58824726608287,5.837925935579174,3.8564648444222414,7.875932711768085,6.118688620349879,8.026461122138812,6.361057098503655,2.20560904009262,Stay_Same_Role_New_Company
5.510381497392964,5.673321315260514,5.3044617093991135,5.705394431395428,6.269172063720169,4.363778939187894,4.796048396127985,5.746064629914137,6.663655697696331,1.4259943492173588,Upskill_Same_Domain
6.335012290450643,6.861283968715664,2.0209915002095222,5.699622416130663,3.39630454962609,8.680213216583422,2.9266621567797197,4.637807715469234,4.647218888706044,2.0543413802602553,Switch_To_Adjacent_Role
7.469129111325868,8.798328930246411,3.777851161197348,5.675558745350454,3.5734610230888433,7.910940103917461,3.2374418375354796,4.9670207083374285,9.194634588150514,3.592286211502457,Stay_Same_Role_New_Company
4.306595788139934,2.6899245214521175,0.7536756319490558,7.172162458182971,6.9294374583519955,4.787712259940836,3.475134637864751,3.4812563198865325,3.52049279667733,6.2293426361252315,Complete_Career_Change
1.544869080842537,4.903990292218843,3.6493884723281385,5.054799598882756,4.231196187382538,6.668717019200396,2.814807840773292,5.51470344234545,5.117134810638505,4.614128441768362,Upskill_Same_Domain
3.5036947158554907,2.9476273057302205,7.284769724033456,6.049016056445189,6.465786625558496,8.845109628228728,4.175005267219375,4.095440982498928,8.75628822041201,3.926990066407063,Upskill_Same_Domain
5.7258424829425625,2.4406385241749162,5.768143135135827,4.447838724855672,5.430199467215199,5.685378972633708,3.1100412045237884,4.628590122392044,8.308307620905675,5.973685000849091,Upskill_Same_Domain
5.6323667970342886,4.163566670618412,2.2904621628009205,4.204486889061994,6.138888366921467,8.183062896353668,6.771195717200277,3.5352192411101164,,5.217320542119041,Switch_To_Adjacent_Role
6.440348077623904,5.140599471193811,5.1226091600505175,10.0,5.664348633256631,,5.649763528340429,9.175219886178594,2.1947760080964027,8.845188573752042,Pursue_Entrepreneurship
3.331555020144174,7.07083720515693,3.216128193662895,5.490106183203632,3.0861464774777843,4.617326891342423,4.990162514379504,7.20949121490976,,6.154588956302246,Switch_To_Adjacent_Role
6.004512166820472,5.865770280400805,4.182683340909646,10.0,7.5115372028420495,8.422128959658565,6.722365776333445,,2.0163185400433705,8.493627175595801,Pursue_Entrepreneurship
5.9048062226426605,2.3128362580125303,,8.279774808098846,5.916818647682865,,3.9099821841395577,3.428142303914757,5.755596151268558,7.510594833992647,Complete_Career_Change
8.521320380335277,4.662050603747605,3.517914653807534,9.851923766952932,9.42697673917033,6.74053700248701,6.973933069434155,7.593107337063889,1.1840708383690175,8.75403503571916,Pursue_Entrepreneurship
5.198731924456002,3.404612482834811,4.315671613532649,7.4658497414264415,8.964541205500154,4.302186878785875,2.796718688168377,4.269306562356844,3.0154292895998314,6.269765296499393,Complete_Career_Change
4.030818791468398,9.07785739238587,3.5263116139264215,2.913147378727662,4.96841340109794,7.473894835743241,5.722897855970096,6.230439777033513,7.878600841901593,4.4156948099290245,Stay_Same_Role_New_Company
5.187616211045269,3.10028799638312,5.682640396721595,4.473877087111464,2.4405187594665914,4.990296733860625,2.5419641203390433,5.493340690788907,7.318961433144142,3.794379560096126,Upskill_Same_Domain
5.290699378371619,3.7495043778332056,2.024324481321309,7.563423236545019,7.53559479373949,1.0377042955210358,5.266155652129844,4.56594972620838,2.313986438080292,5.937507491558774,Complete_Career_Change
7.234358828950035,6.797024398007608,5.162231724017337,9.405686351302567,5.980950112476876,7.897442209779934,7.4982045957031564,6.872441322379654,1.616973411648174,8.602665668092506,Pursue_Entrepreneurship
7.239642288286114,4.9482928176148695,2.278459604513218,7.671083665614622,7.868332093163997,6.874525555976695,4.727512061425298,7.001247274031529,3.520000592467194,8.913315627786607,Pursue_Entrepreneurship
3.6334712685527824,2.0131735436684366,0.7038792788843995,8.72379653563745,5.879934331110757,2.8947404763123776,4.619945280186131,3.4353197206359116,2.1564558091014714,3.601826411192685,Complete_Career_Change
4.882906145448813,2.7875424309435175,1.9590893423535127,7.938980124316103,6.027699737461645,,5.36204609538545,5.217299273860293,1.722623241307402,,Complete_Career_Change
5.672429408331049,8.19833126573321,4.912939564891104,1.663344026789313,4.69209465613741,7.229466147784181,5.38479218659323,5.516511044282323,5.2162616827778425,2.9263941288283424,Stay_Same_Role_New_Company
5.341416495237436,9.654747599381063,3.697186059935162,4.4986810240198905,4.6926196540461325,4.962669782238919,5.505016461107004,3.7122395799958947,8.477335405586093,2.6672080702386456,Stay_Same_Role_New_Company
7.861485094982137,4.8543900183331345,4.282672539894239,5.953427829334258,5.369613032323569,5.351381181593828,5.139236539012313,7.102346366502809,7.791057107157168,3.9970746821445955,Switch_To_Adjacent_Role
6.616759875631057,6.270075776898361,1.957572934658197,7.001908416723192,7.147910629045076,4.385670675089341,4.988385971740438,3.7570394593899854,4.363551602410363,5.362438450902428,Switch_To_Adjacent_Role
3.7657556435668456,4.385020460017362,7.288866921312767,3.424944403388977,4.493723116040407,7.628486448506524,1.483198532190631,4.425159308872975,6.4419212182882,2.826021184918456,Upskill_Same_Domain
6.134248344625436,6.68470745473595,4.737321919125603,3.4876342727772065,3.7306779937202896,8.065577867857773,3.638628611899853,6.794093340477696,5.1069810918344,4.103574561047834,Switch_To_Adjacent_Role
,6.993348727152327,6.193818951332631,7.016766710823163,3.5912571121704984,5.197922588810197,5.333624695405988,6.23086845200067,6.701095918825736,2.807836369601011,Switch_To_Adjacent_Role
6.1443990377203335,4.7511535726230125,1.741055551067046,5.114198300621458,6.649115438859925,3.5694654877322063,4.329566287258115,5.723031082450316,2.906689841226722,5.150492437253227,Complete_Career_Change
4.894199234173118,1.973363276750233,4.033955461294866,6.817657939415348,3.991526183544914,3.1177190395352277,6.2248069805912305,6.081771809894253,3.1684796515421807,7.285231684132617,Complete_Career_Change
6.78741145028409,2.825472701609007,5.0441577597115685,3.239236517759627,4.920504566235794,4.715034142560766,3.377912956814904,1.7019244302894299,7.312547760366518,2.3497206836168587,Upskill_Same_Domain
5.540475308828471,4.8969175320415665,2.63683086172413,5.02235287025202,5.788771915314287,5.464957412634231,5.279946931275374,6.651057073609945,5.184482796308057,5.905358218848952,Switch_To_Adjacent_Role
5.8873173072604805,8.022935509901192,4.928674911806231,7.8062964988729515,7.152808300101984,6.694358107069408,6.800623494697453,5.276724196781803,1.119091769993041,10.0,Pursue_Entrepreneurship
,1.7974039811626163,2.185871097688918,8.876458807272634,5.880356069886956,2.5585062043265507,7.81712325527716,3.5978294076622466,3.4158898939856193,5.950694602833297,Complete_Career_Change
8.402172516842858,7.773575446053555,5.1682538944553755,3.5651370928833908,5.76343691684363,7.415220342928597,3.870238577775783,6.2306149490280225,9.076274487881081,2.079070784427419,Stay_Same_Role_New_Company
4.780408328051738,3.9455043753849726,6.560370840379546,4.7982039599401975,4.576821332932522,5.666679309216168,6.201896112991241,3.134454073646889,7.555927084543669,2.583687035008137,Upskill_Same_Domain
6.486032058468697,4.256626240654881,4.502915314682821,6.558229444927683,7.9528031281031435,5.090300804833754,7.001413868811666,8.663405998884024,2.2955939851779426,7.360641709158409,Pursue_Entrepreneurship
4.67986703831705,6.73688940258605,3.927370131158022,7.142380382969982,8.057162015425057,6.650264691595023,8.18986440318571,8.074262278955178,1.209256771993009,10.0,Pursue_Entrepreneurship
6.1243134982652965,6.53004688050345,3.5832975081611877,7.023727515701183,5.4407744352190965,4.866752370940269,4.59454129406798,8.626831608408581,3.7445310933409375,4.6497245355845385,Switch_To_Adjacent_Role
2.1496982064342562,0.49584025204258664,5.167625510892282,6.079703221096249,7.855164295710971,2.7856872413571256,4.262807317353772,5.812770737479875,2.4337472194448644,7.569879676486771,Complete_Career_Change
5.933613715127066,6.241167298560167,4.893948229861717,6.709945380160182,5.81543755272102,6.223601665380821,4.94451197490428,6.53675881378912,,4.480617703330869,Switch_To_Adjacent_Role
3.4827406467486526,7.080743781140773,3.5128329478017526,8.660157511325652,8.5802306831766,8.816113500557979,8.194834341275858,10.0,2.6534958742744608,9.892877502653993,Pursue_Entrepreneurship
6.527511520056024,7.273460943502765,5.679192405356275,8.311817178735769,4.373659019742729,5.518067672132265,5.014661005604258,5.87250436090774,5.155958204506823,2.068769395799607,Switch_To_Adjacent_Role
6.347002806837147,6.808081707057263,3.951575971682235,6.256823167285755,3.959260045307987,2.657625427624262,5.1951054694485315,6.421187333153788,7.572043938952991,6.042736560907078,Switch_To_Adjacent_Role
7.887963720777717,4.450554295775563,5.987129058582024,7.328007025775932,6.250532564320084,4.388519784819104,5.1970667982653795,5.387802166161682,6.037751442956879,3.6751660631887724,Switch_To_Adjacent_Role
1.738962604145137,5.198922323523519,6.315922829752651,4.091874808827793,3.2439590163058316,4.589185229060725,4.291060519188475,6.5974732482929666,7.26411641976335,1.2024099120793261,Upskill_Same_Domain
6.794616341684069,4.785489216607652,2.825405219450846,5.901497080602228,4.913472035588761,4.020175254950774,4.425800667575108,5.383133186295249,5.126597938310432,,Switch_To_Adjacent_Role
5.53271002320597,6.79778397316079,1.5574611322404888,10.0,7.469874522493057,6.3668193508195845,7.197706840719256,7.293044895035105,3.686494888624652,10.0,Pursue_Entrepreneurship
5.789949813508615,6.64277401397674,4.648960856880141,7.939679136259483,5.4597294377294645,4.370391692213078,7.5908121371457975,7.887451629326994,0.4636839490518614,10.0,Pursue_Entrepreneurship
6.47561205274928,4.938915005393293,4.351363437406011,8.696751329011663,7.1866827830789015,6.333879715817613,8.702478221518716,7.824844294224832,3.3464111464565196,10.0,Pursue_Entrepreneurship
6.559910893823123,5.087702969853183,4.995742088544103,5.009411019024912,6.917857916914572,8.373833140611211,4.841290945637191,3.1496934619503687,5.28750518678173,5.601437674576094,Switch_To_Adjacent_Role
5.898326021662521,6.4003718061848724,5.663699126985586,4.545117887284759,3.8195193647757995,6.04963287215937,6.224849638612238,3.1944951160307347,5.775245531593996,5.09417121733869,Upskill_Same_Domain
1.7930863832811634,4.09176644804254,6.0335012518034885,,7.238112387014333,8.112775510050994,5.0205791937249815,3.2492997309069205,6.333106826044234,2.8767020109929473,Upskill_Same_Domain
5.982259170666114,8.912162742516436,1.6543984517471668,4.984289953975252,4.726102981327896,5.41934179866463,2.967478667770705,6.89147374585706,7.0437619031166285,1.1710356338584715,Stay_Same_Role_New_Company
6.275092652633566,9.152312147438337,3.6379967216919646,6.560398135737119,5.376166904044244,6.537592189757655,5.43659363401293,2.1902273113913915,7.997751457300565,0.0,Stay_Same_Role_New_Company
7.964596963259738,8.828793954167004,2.0913904428476298,3.6821674236274813,5.042616720739139,5.418471805804534,4.127517639384444,6.405612313016617,9.001905646938706,3.2913899138917717,Stay_Same_Role_New_Company
4.752710206179971,2.939537697958229,,7.827943543204462,,4.7838168276353015,3.6951219552817083,5.923177258739503,2.3217950591643435,4.755663352892389,Complete_Career_Change
4.41675863100158,8.806256713916284,4.610772400166456,6.926896652948629,3.409358445424996,4.430487369997168,6.609248794294349,6.372958453780386,3.512086344722396,5.349776907678965,Switch_To_Adjacent_Role
7.199431639624208,8.858048739327435,5.491378339756034,4.007528887496141,3.2071059732468354,5.707364358956345,5.858575336512968,6.647299814550192,7.63293365754164,1.040155836160731,Stay_Same_Role_New_Company
4.366638269928846,6.134810199509528,6.4047850678581595,5.068975290251038,5.85783946226574,6.971370899605579,2.8325769205615354,1.330161362086491,6.379742827376494,3.9892291836454516,Upskill_Same_Domain
8.85853134835301,7.4643679284055935,2.4384658400654375,9.278081712343061,5.054215772899507,8.172216605719063,5.3742554199104,6.455838279307992,1.995838044759296,10.0,Pursue_Entrepreneurship
5.240478627919077,4.507726262252988,4.115616203156071,4.096107921192335,4.164600224306042,4.52409268254459,6.097120792159023,5.528605764432008,5.417773664690602,6.541100270034621,Switch_To_Adjacent_Role
8.247693943151415,9.766986780384295,3.331777441912637,6.755812657238454,5.015669134782374,7.263636459967113,3.578487218399422,6.516088695848492,7.578501706951743,0.8065522481151961,Stay_Same_Role_New_Company
8.47657827828381,8.046249420080013,5.279798334711405,4.87871175545046,5.170375173859988,7.475116814435685,9.132509783177795,7.106671247298226,,3.7596972313586154,Stay_Same_Role_New_Company
6.514809356250621,5.531628048214473,3.263311116111523,9.656573250059514,8.514582634793092,5.530331804543263,5.826009929291697,8.74086294230732,0.21232678996482557,10.0,Pursue_Entrepreneurship
5.374386538974964,9.869110021891402,1.4892966334454267,2.2483492163383096,2.5796013007847347,7.03784293054967,5.040192461442508,5.847105887947343,9.078446777607052,0.0,Stay_Same_Role_New_Company
5.388717348323637,2.8152950646462265,8.250857376342047,5.197191861870754,3.998409593004892,5.631248993103113,,2.3276231897100086,,1.760357940897765,Upskill_Same_Domain
4.992539985626226,4.317514266199744,,4.872053425320612,5.802641591303322,6.375852504697463,4.41287335808118,4.257977618536646,6.159213408576557,3.6797435669928857,Upskill_Same_Domain
4.331947885742119,5.410249739880764,5.363791543890421,10.0,6.4947155730922095,5.843231872915757,8.237680359481597,6.690055936606973,1.6508487069179878,10.0,Pursue_Entrepreneurship
6.22396779104769,1.5987835383036058,5.592546417511327,2.9380246943056623,6.724432028471732,6.817561766958681,3.001865772349133,4.544405326603026,3.610424812210971,1.5895503055064504,Upskill_Same_Domain
6.948663161173133,0.594842646967428,3.469930434908374,6.858660971020037,4.790609814568889,4.7988108274957755,5.728436982719977,6.189848902640508,3.77931785556323,5.671544491728011,Complete_Career_Change
5.1519759248382835,5.436544919784039,4.627102108532188,3.6125367369124053,4.472305215360205,6.775394638299383,2.741351492219256,7.452846456013103,7.964477536266875,3.519708060829127,Switch_To_Adjacent_Role
5.003913502969172,4.518673525161004,6.394865253186726,6.693841157048346,5.933206468678475,5.121799933122253,,5.660085386864888,7.4094574732973255,4.470851681653548,Upskill_Same_Domain
5.18341354575768,7.7187766623020195,4.826596339745712,4.452371118905138,5.7099820478000005,7.642545810371043,4.764399655089289,6.582029539123589,6.709642489060889,,Switch_To_Adjacent_Role
5.004578000300633,4.422086149197505,7.452237554892841,5.993043888154457,3.3658993592180693,6.810148943065613,2.8978189879616103,4.255278850140363,7.418328779763043,0.0,Upskill_Same_Domain
6.375855218296979,8.820674693590103,1.1056974341876336,4.584427418735508,4.388515549419366,6.169458797283656,4.642315073405311,7.943423704604715,6.374419549598784,3.7587618609689253,Stay_Same_Role_New_Company
4.179178511769312,5.321089976594741,5.015535566790865,7.36843774290023,5.408069730758198,5.558055765252506,5.985858942437285,6.171337955114066,4.318443682860112,2.9431337679677654,Switch_To_Adjacent_Role
4.587861494273216,1.6508492219021011,0.5524110002600797,9.518077108661215,6.547834179163102,4.5889794376625925,8.551715513721096,5.422558163542189,1.806982173369958,5.2453253525091315,Complete_Career_Change
4.758770637729932,9.266062366682622,3.9081362489829568,5.132503653584455,4.008979504564052,5.883032175851759,4.30103865002607,6.705372802279548,6.257687282378183,3.068765923205831,Stay_Same_Role_New_Company
5.632365526108159,7.861963490190651,3.290058623928016,5.801858459596714,,5.645936077592347,6.436082980023289,5.46396206613385,5.658105279624063,3.076956522198036,Stay_Same_Role_New_Company
4.9286974326490425,4.2529314148012665,4.546470763595411,6.709916000080858,6.917613588480135,,3.8216396229396876,6.597870346200102,5.907482914490988,1.5485099062575332,Switch_To_Adjacent_Role
5.625203628046284,3.0972272193447097,6.079650380375339,8.298376181351717,7.470219135131533,3.600806323491739,3.2092139139335334,4.591387341996276,4.425548222746426,6.028876211277928,Complete_Career_Change
5.2539805944610904,9.941291139643825,3.7042117600278135,6.331751357282822,4.982888711877729,5.984023228078397,6.086299406252118,5.851908689030991,8.309735801252907,4.310894070023499,Switch_To_Adjacent_Role
3.7169112376192004,4.237300158661498,4.4022626957593385,7.842871077042858,6.921431682476806,4.997683971367762,6.3145037986559265,5.946489083061243,1.7740052393298607,,Complete_Career_Change
3.1370440647051163,5.042334682870582,4.730699229903864,4.216296522088674,4.116135385463933,6.965534696456981,1.245164877717467,5.658182759408295,6.119912548104186,4.585952283210171,Upskill_Same_Domain
5.4271518519593345,8.041739976162216,3.3495874819821814,4.194434285632802,5.612477181419909,6.306511948685858,4.464870181118928,7.771435431744344,6.147238131733837,0.0,Stay_Same_Role_New_Company
4.675369708416791,5.526243056516486,3.453339153532042,5.306065278443029,5.5093691784892815,4.804167763380248,3.0988053996896014,7.01383049627961,6.978733817293545,5.09612660302947,Switch_To_Adjacent_Role
3.4678238349986223,1.2013937935138561,3.0185463477324874,9.413175290872141,6.198140100026382,3.4648310637799073,4.7916425920756085,3.522132150732543,5.201626103497403,5.742572387860437,Complete_Career_Change
4.189198447843459,5.089890761460344,3.5484023163219085,4.142539935505838,4.95067072236163,5.654435501873772,4.480586375935043,5.647210559188758,5.974127827821439,3.147533498837992,Switch_To_Adjacent_Role
5.0037446021587995,4.6374791792224475,7.952749692392997,3.1287049653858547,,6.705313353485105,3.266392790910386,5.518077495854185,6.7563810128248205,1.7097073502536535,Upskill_Same_Domain
5.144184805436901,7.027442756320115,2.007275658141481,5.327881507559332,6.389249287052595,4.7016897920523215,2.9085512779490363,6.869121946233757,7.460023019574001,3.9415062300640917,Switch_To_Adjacent_Role
3.8473760921138758,4.59248113102714,4.512979247781702,8.39735133741255,6.011842499108717,4.997034484153372,5.996039156905369,5.68865177373723,5.508229217426532,2.754003162596157,Switch_To_Adjacent_Role
5.576791485024609,8.662867723019497,2.8632086254738676,4.486182611495487,6.907335625921755,6.851527140688812,7.989465820948515,6.117965332877825,9.820913912492145,,Stay_Same_Role_New_Company
5.852723392574631,5.437253564864737,3.3080471713922086,10.0,7.1352558955293315,8.784176134733528,9.818530331242918,6.539665122089216,0.0,10.0,Pursue_Entrepreneurship
4.569385323084397,6.1301857861980995,2.0556416738620227,6.151408939566848,4.286806784103865,4.9247851742949855,6.358584065502461,6.613612438891495,6.738932381947265,1.697433710090578,Switch_To_Adjacent_Role
6.437574098330682,2.919224591563503,6.188716814516116,4.248891119979783,4.41809347941219,4.380145091075779,5.833991710605866,3.4933425288453614,8.333893561199593,2.1922104095382355,Upskill_Same_Domain
4.283364320595851,9.11109144917623,,5.822715288989499,4.986169720396349,5.210696251198668,4.588942984044456,6.474972864682898,8.296854994616979,2.3167157333222557,Stay_Same_Role_New_Company
6.193590092770183,2.369338512141542,2.0696343090862954,5.719203495224212,6.774472278725232,4.878978600209916,6.820666142555657,6.3104653417187695,2.7279360723575445,4.194978641297231,Complete_Career_Change
6.126442327005833,5.883614232176109,9.640111716688624,5.485603140306977,4.711991270312511,7.765862381460732,3.2729926365865083,4.63999221534346,6.157954063998192,3.5173799248317463,Upskill_Same_Domain
6.218999823132818,6.323587678277539,5.311268862741291,6.629789471022948,7.083042743686478,6.695250779641081,6.9782105885580465,6.466434909078131,7.176837221942141,3.600734804988479,Switch_To_Adjacent_Role
4.08225471095158,3.7384533074568247,8.648266266047758,2.2093996918953036,4.194920139301061,8.075273579355004,2.0943410564564005,3.6631283471538745,6.312249953162069,2.70972336132982,Upskill_Same_Domain
5.298330623607879,7.860194724471658,5.7790102118946685,6.316418591320701,4.431540696994048,7.5479896442662024,4.920677443663069,6.164014755360267,5.558513466711461,2.8432725758136432,Switch_To_Adjacent_Role
7.308044604145242,5.824148926463875,3.7649130456385005,7.746646549276181,6.197739633746366,9.389593069195891,9.936650280844185,7.496558729380065,2.365980686620805,8.224884525851875,Pursue_Entrepreneurship
6.865000641664622,7.871968870137749,2.4497121943426,4.896366325821681,2.806465235854561,5.118753785849987,3.280490503939277,4.7035791241180736,8.019706494740468,1.322877228031921,Stay_Same_Role_New_Company
2.256674727311977,0.0,6.952969670905694,4.374922472193341,5.983645760363481,5.355066703075126,4.455276247216084,5.600025501936221,6.418297270331574,2.4460887586996147,Upskill_Same_Domain
6.213616857196491,7.167362906587947,2.6478382848077815,4.693030880688619,4.045295915391309,7.630622029046247,5.309904887288653,5.8848018711708825,6.940404166499454,3.5355072396759963,Stay_Same_Role_New_Company
6.916782543261318,6.77937208708549,4.716276971729371,10.0,6.527783524319017,4.894749133534775,6.134281105107019,6.585252613418931,0.7333749823980158,9.621759101938311,Pursue_Entrepreneurship
5.4343837053841515,4.841011708926353,3.036675846287437,4.9844516660088924,6.179068277984809,5.198236602356036,4.76785644173799,,5.815348509297178,3.6382701010056753,Switch_To_Adjacent_Role
5.7372917809937745,7.248737659499048,3.3287502594608687,4.3448549361662065,4.183514091157014,7.4048886845944715,4.477409645832034,6.317335705671858,7.85516522970776,1.0187422985809529,Stay_Same_Role_New_Company
3.919846283500596,4.162427479251551,0.9583274495803837,4.626749597445505,6.315742065673398,3.421951908382732,3.2214402998707037,8.32816814260279,5.172555135197269,4.417359811914286,Switch_To_Adjacent_Role
5.180159281450676,5.174390228025047,6.646277112501922,5.191061781465573,3.219951639509911,6.363530309909934,2.040748178675166,1.8956201317797454,7.962835522795997,2.0209382880717537,Upskill_Same_Domain
4.730399188848545,7.18214357967078,6.230777593172166,4.529224384999857,2.836792885702055,7.943731562380599,3.3472373323773774,3.658838068768655,8.665599732891344,4.505689469434744,Upskill_Same_Domain
7.244447221687528,6.054240697251754,5.841155706778694,7.165222309700754,,5.000609823359547,4.862087165523262,,0.5252033932801878,9.449617636741657,Pursue_Entrepreneurship
6.6967694065733205,5.744836983205184,6.822690872057091,4.992007021080881,4.38565323372447,4.860539149248725,3.718976109681445,4.631820043426834,7.298293416778061,3.610397277120574,Upskill_Same_Domain
2.9509007219896075,6.917760670708461,1.8421457541544055,6.401439059902615,4.346297027835192,3.9922089285029454,4.425516977796403,5.761713176644562,5.162529274497617,4.765314261679696,Switch_To_Adjacent_Role
6.226402345159086,6.726069736089832,3.1643813594670585,6.711258997071142,4.448780389165678,4.708615999261076,6.465026086175988,7.267054997910264,5.081711847249469,3.046350753448647,Switch_To_Adjacent_Role
6.507591411670047,8.645245944642951,4.184609457939631,5.258152206885972,5.636199120619932,6.663027962890392,5.081507794207728,6.139794434069724,7.779627576564747,3.5043017498575892,Stay_Same_Role_New_Company
5.26891451245853,2.820034367023066,2.102861846042133,8.725321683963298,7.7651108153952,2.6544971008168727,4.041814282113432,6.189602081686487,3.331586770880374,4.858598890906826,Complete_Career_Change
5.262498259208028,6.70885511513338,4.35824476865131,10.0,7.0760047165342,5.797845491249861,8.694500434938849,6.780516932513487,2.242512472610172,7.485097709150013,Pursue_Entrepreneurship
7.349753769261332,,4.21926796606611,10.0,,6.65146519906829,5.805623407109179,6.995135758363443,5.346230712855384,10.0,Pursue_Entrepreneurship
6.041278592580642,4.582418571684379,4.820657149158049,7.180911286447496,5.664927069184595,1.5170861737938854,3.3384851284746553,8.452045906122907,5.289500869063109,1.4206138099323051,Switch_To_Adjacent_Role
5.582875156260529,7.326095441358828,4.9883541494624515,9.99755832105161,7.779358620779503,,9.153190755625154,7.868028595154084,1.8510039332995802,10.0,Pursue_Entrepreneurship
4.547376843574202,5.099377978989319,3.476291643223457,4.004498099986842,5.812591460074469,4.613110678314746,4.297937685219425,4.5857668540378045,9.228694416463583,2.700822948954871,Upskill_Same_Domain
8.601981958380218,8.105005244411075,4.959234367821719,9.921452369918757,10.0,3.965285638238098,6.896363621095174,8.603039403799581,1.5615268898054557,10.0,Pursue_Entrepreneurship
6.370403611146289,4.137041799040717,2.5144790021771777,7.338067077948489,9.198906590774051,7.689732060071142,6.379893338398547,6.766316863026648,0.9271227708914658,8.348380418705078,Pursue_Entrepreneurship
5.413200213746286,8.093622934492167,1.3160564601941542,7.217919285565931,6.455350885043791,7.385990631956946,3.2491566865865646,6.273866941042006,6.042139640177568,4.401061842515369,Stay_Same_Role_New_Company
7.119355750383005,4.104862108498905,3.6982985020341097,10.0,7.521452284638748,6.035438227363646,6.188954387101367,9.803728678458246,3.102087336450994,10.0,Pursue_Entrepreneurship
3.8478828767165263,4.178911986769484,8.500715386549533,4.078900783892884,4.879224311822338,9.093170343931847,3.284979748115678,6.85907795360766,,5.316465093624404,Upskill_Same_Domain
5.671254119786819,8.730954733488842,,5.458415365092324,7.4868412500512775,7.606030960856504,4.5109242650814965,5.340763135443286,6.966558034651358,2.1698485185378846,Stay_Same_Role_New_Company
5.684926561409873,2.8948932981723483,3.2037625914617744,7.765199299443928,7.095618971858273,1.8846298514844437,4.329344482387698,3.200999558000738,3.85971262288635,7.634509228609807,Complete_Career_Change
4.887313130058939,3.024715208685228,8.321306973207697,5.652874227438964,3.618145157506513,7.166373491460597,4.335004437659522,3.8283878094328396,7.985613482396626,3.5060970084357335,Upskill_Same_Domain
5.541018368880154,5.647693779645088,3.631964389647042,10.0,6.987559313947886,7.447395281049416,6.750052143580808,6.733525491406105,0.0,7.457223877845578,Pursue_Entrepreneurship
3.080826636343939,5.7588416823533635,2.2268695868388093,10.0,9.56190788923756,8.107519832192263,7.189992331459445,6.189580582415192,1.1451446983417137,10.0,Pursue_Entrepreneurship
4.341607779660702,6.526726621795476,1.8047120281979052,5.646308967269893,5.185153456891735,7.897630960288099,4.4445715597625055,6.206101598399728,8.313267512157537,2.09784949836369,Stay_Same_Role_New_Company
6.065227957124233,1.883261026024402,1.4118562508089416,6.0779987163133296,6.549946767149521,5.787380024908358,3.9760039806920124,4.719767612938644,4.893121391855794,3.146420584334194,Complete_Career_Change
3.96282427469393,7.058354724769338,2.2437622460370794,4.524889527651507,3.211312334817983,6.1831175594446774,4.052806369162615,7.002993237690495,8.551857704287317,2.3104464044845394,Stay_Same_Role_New_Company
5.1654138836652255,3.9952908860466896,0.0,10.0,5.447129243642458,4.183423996810781,5.242883993171247,5.94396777295022,3.8560491197375866,6.796599958818278,Complete_Career_Change
6.443420378314339,7.020440575294294,4.47224200302179,5.9058639595202935,4.709122255324776,3.032683825948055,5.441534296727356,6.241868696747845,6.7248485956722615,2.2611931987192375,Switch_To_Adjacent_Role
4.778341057409165,6.325323668356651,5.39902753261429,9.46936127575959,7.37387964518858,5.117088614924709,7.424119981151115,9.103101404211237,0.39564779399901195,9.181828674055748,Pursue_Entrepreneurship
6.130606297183369,4.5991702724724774,2.327020327302713,8.057678280805334,4.299476286086705,4.142872707090765,4.949171402418481,5.882749862609395,4.82674154162372,3.60353481567297,Switch_To_Adjacent_Role
5.217713303000791,6.360547433636279,3.356827040316574,6.720139557793921,4.742107951236712,6.306484112110765,5.57488868064758,5.920800028879684,5.4262029939242655,4.197003034494846,Switch_To_Adjacent_Role
6.611847199743783,4.264373882104423,6.746660568263006,4.3003845811789505,5.1864242836028795,6.908154698248978,4.075743703426934,4.6790797999602685,7.587498968411744,2.6176018347007664,Upskill_Same_Domain
5.638555584922288,5.081931800262712,4.616758271796446,8.961925848130171,6.970491907504435,6.892380670393032,9.57292736018983,6.92407607123814,,7.280322507938756,Pursue_Entrepreneurship
8.085832071395497,5.265076478343317,4.818716371570863,9.87532791587473,6.297291060818614,5.3609609136131136,7.417734792408175,8.550019883511865,0.0,8.562832772049273,Pursue_Entrepreneurship
5.232418488961571,7.343509188814178,6.809173360787304,2.9990175127467253,4.866378511744198,4.835106573256613,5.602644796049518,3.257352635563697,7.09651672509963,1.884885997410598,Upskill_Same_Domain
,2.2464351934342384,2.468546645299239,6.768382873913776,5.99083949730387,4.92590069797166,3.9652654980486126,5.673935551295063,2.4434289506405364,6.486765735178873,Complete_Career_Change
4.064733776528036,4.256539626996701,,8.478619768573683,4.725192946002352,1.1578187806849884,5.902485388537923,5.144800579730403,2.531243287932099,7.025631046882284,Complete_Career_Change
6.148357129086429,2.1026187803080405,3.33422384371801,7.789768911904989,6.9357763752107875,2.2524007394166805,4.310640604843335,4.924549913722466,4.310734729495147,4.6830311184632265,Complete_Career_Change
4.002541660876537,2.2719116602016607,6.19010817405516,4.234449665850511,2.0425160779786142,7.159960299555332,5.2549447459156085,7.786863417771636,6.491443245683141,2.299674534486212,Upskill_Same_Domain
3.1781135079585665,3.5569464579539085,2.650214380113804,7.7467873126582205,7.873399811712022,3.4308658521165745,3.556438296846809,4.287907283149065,3.2497154596197646,5.381745636771273,Complete_Career_Change
5.745238636411929,5.835748885534193,,10.0,5.5940937090884635,9.12456899677346,8.755992440298284,7.301782175855938,0.45076082398726336,10.0,Pursue_Entrepreneurship
6.379417334883353,1.6049774158744676,3.3134679060164642,7.1708522909872725,8.052704045066855,4.570268617642112,5.716725433692036,2.1867000670850087,3.388755516274787,6.033717125575785,Complete_Career_Change
2.1084485132567963,2.0713633081329155,6.862180072333444,0.8877294658341337,6.092018164879746,4.129687713420373,5.096348359502472,3.3448399878159485,8.363574829723058,7.1706091880914435,Upskill_Same_Domain
6.541706680934719,3.0672494511033053,5.690584760256157,3.0965502635615723,5.7879902549382125,9.226763798257938,,4.049989310774892,8.644213801165046,1.1189708221467183,Upskill_Same_Domain
6.882516998056137,,5.500704269537753,9.401505725794893,6.898244071947202,6.575089804421322,5.780181974225865,9.659577996644003,1.2964743024228966,10.0,Pursue_Entrepreneurship
4.436970929388147,3.3947371865348197,5.108710909934259,6.5112163319710925,4.392976618349446,8.151055814105003,,4.818209168938254,6.927881178866764,0.7930909976264404,Upskill_Same_Domain
1.6721084638067536,1.0335958290234166,4.403104325868633,8.579517073839805,7.7147511366898005,5.804037650572201,5.37488365141382,4.411270709007124,,6.990767987084606,Complete_Career_Change
5.103224959754434,2.7787903143168444,1.5875683453837404,7.275136989855561,6.4022171238132,5.105797666439866,5.4739871659841945,3.5579632273241364,4.77007754988222,5.384594216809181,Complete_Career_Change
,7.149273256222392,3.3051117331177164,9.850212532194139,5.77205412865991,4.651119047199507,7.202319527361036,5.460939810551126,3.973749586595085,7.511255462356503,Pursue_Entrepreneurship
4.414161531706021,6.919999153913063,3.1897197823882064,4.977850743861298,5.367989164412986,8.409869709208955,2.705213590106296,7.265964793232502,7.510766482945305,2.2350835805380878,Stay_Same_Role_New_Company
7.105821604803355,6.0173622690067745,5.436422635645043,6.360046277785175,6.09612687707582,5.971912022028872,5.9067348054973,8.960659583122927,7.262308236746945,1.9455588868008045,Switch_To_Adjacent_Role
5.515211051541945,2.347761311372773,4.165001569050959,6.676761187113884,4.9570420178511965,5.954987146324748,2.7858774115598575,3.8364268964205364,5.452255963052696,4.148435826317767,Upskill_Same_Domain
3.768575129701909,2.112631352347785,2.2906476349650875,6.917442950047794,7.054839996183634,,6.016537275635146,4.569667264555441,5.0632858379422725,3.7268037882298404,Complete_Career_Change
,8.057482103770239,1.9481362195766483,5.087972635481522,4.963576879635533,7.251136053757158,7.868482899282522,5.319095387896394,8.048975724862967,,Stay_Same_Role_New_Company
7.208080616323746,7.080751166324873,4.620684485361987,8.605848640606322,,5.865018390796672,5.783321408619651,3.346127310070959,1.9088167627416985,8.431989628658535,Pursue_Entrepreneurship
5.030072266351732,6.37458979939991,3.664588358911795,5.508644057913205,2.677280235221499,6.840509971256335,6.2944118016699,,8.83358789575081,2.550587168971898,Stay_Same_Role_New_Company
6.5849718437505125,8.732306995571353,3.1489597681310415,5.428926600254444,6.0108923893620965,5.947667785439403,,4.2150960780487985,7.9268783646809995,2.732363252272225,Stay_Same_Role_New_Company
3.9069906606901594,7.9516066229753735,4.522506768002456,5.009145289651576,5.278467445594523,5.517207674642171,5.956453368364213,,4.906766119728404,4.354842481322406,Switch_To_Adjacent_Role
4.0471003436189825,5.59547849063485,4.894730412319225,4.9071152895320544,4.588360962512713,4.4762692622230915,2.285260761230934,4.515484321123221,9.575559998293054,3.7530507554684545,Upskill_Same_Domain
4.221873725223918,3.238275607542893,0.0,,2.790910838056873,3.705099255292005,5.610515880914039,5.808983897875889,1.8120663773494765,3.979436285078428,Complete_Career_Change
7.273108673404321,3.9195517943343865,4.252286755731703,2.7518318297886633,5.509535217225048,6.422329967351423,5.139880164883269,3.8062754760928454,8.079810611801781,2.7942110745153568,Upskill_Same_Domain
5.291287136787925,4.217946904144712,7.610923680714438,4.38183501789322,4.54322047124806,8.738049992485989,6.108501366341801,4.4893714509996805,6.410382949502698,4.902125550271048,Upskill_Same_Domain
4.647292879095206,8.617106215002163,2.8295873541059553,2.6198224263982106,6.20678608903903,6.2134990733486495,4.305929690114379,4.609321865323404,6.649431740306178,3.0562575729033923,Stay_Same_Role_New_Company
3.887699660375975,3.125989373783461,7.910640893861109,3.7384423111133525,5.485503983022118,5.654453411524846,3.4115953784498725,4.1807847852391085,8.66899866487809,0.5431915432608458,Upskill_Same_Domain
3.55861460424432,6.602804182036972,4.139506685305976,5.351124064456473,5.53556305676478,9.417343249910305,5.609118612058063,6.8552544135631335,10.0,2.222054074482362,Stay_Same_Role_New_Company
4.815541701857514,2.3948476101963285,2.054722896690796,6.865064847114803,8.007275462400681,5.801857616501904,5.077711424650972,4.860249799240057,4.304853380517879,5.595936076300185,Complete_Career_Change
7.84430509593019,1.8456449624987026,1.8489064965129074,7.018026638078105,,3.5730256874241357,4.32724715399088,0.412027061069141,3.5743077868023754,5.523148607932638,Complete_Career_Change
5.068773027377249,4.229180407425397,5.7401565367722,4.434275853388969,6.195969711381822,6.504816956036716,3.486503547312373,3.766140684702207,6.280105300012989,,Upskill_Same_Domain
5.805655926097165,7.580127141447002,6.100777151410663,7.013388247002886,5.873477989347273,6.47345805177722,4.1332238947310875,5.8007997516643215,4.92863006225868,2.376634606079975,Switch_To_Adjacent_Role
6.939980541328888,7.118802779038052,4.101213741547495,5.518203030398179,,5.474314782213393,3.9362489494060044,3.7688767192700827,5.426291157935612,4.981036702324391,Switch_To_Adjacent_Role
3.7782062725787333,4.501990971289848,6.036731982963059,4.104884920523814,4.073414318209341,,1.8604584762842822,4.9977636237102,7.301010872861816,4.104571328183042,Upskill_Same_Domain
5.213044999798853,1.7215257509061805,1.7782767583453207,7.345836134527721,5.941815066393466,3.4294958580693984,4.921121534711824,2.640809726722244,2.5503938634183627,5.136093825936289,Complete_Career_Change
4.424632690613824,3.7474098814382213,2.2360256828107388,5.554540603867931,3.816749144513931,1.755266401983448,5.303361984820124,3.5030443952145225,3.8901115085901368,5.677546872738837,Complete_Career_Change
6.037893332318375,5.260664183139638,7.846817767836029,8.138600304773783,4.810719959948424,4.920088437753513,8.487093409504066,9.237388499188068,1.1136636512152902,10.0,Pursue_Entrepreneurship
7.219508271804591,6.1502100241331386,4.469430987102763,7.2714817883731,8.220247085628882,6.367986547575478,7.954286590269383,8.695985499216903,2.869451059773756,9.953335643136317,Pursue_Entrepreneurship
6.2293764926786,6.4732534054471635,3.892293535332189,6.982418000936088,9.951223974633344,8.30548335968426,7.064009312824492,7.116376947327026,2.4673336131271286,8.03149218553757,Pursue_Entrepreneurship
6.396132203680761,6.648020661887356,3.9755865545483946,6.222734131308578,2.4636542547500127,5.307166641078986,5.166192524117471,5.588884629953343,7.478158495244425,1.3910428941543458,Stay_Same_Role_New_Company
7.609865483218195,6.705270076596216,8.252333958878967,4.449773495182779,4.603851172117456,,5.516404268872689,8.535180679427524,5.131112911710606,5.176394074302049,Switch_To_Adjacent_Role
6.758719270082683,9.143147196951379,2.1936196421164365,7.895622049722842,5.591176173875966,6.547930281840177,2.8578897165641877,7.908506369464886,7.022471776731379,3.9494169547779174,Switch_To_Adjacent_Role
6.74644865281425,7.601573224244529,3.9171194555121573,5.726065327200208,5.072230226337319,5.167429925484643,6.110511818749883,6.300312970432168,6.30587662192083,2.5372094365062146,Switch_To_Adjacent_Role
5.432961808680922,6.71066714240143,4.721235478242908,6.879598917309483,4.6616816013714715,5.942572576552009,3.861122696656248,5.194464122081785,4.8069783331496625,2.4550944890222497,Switch_To_Adjacent_Role
5.9678229914214125,5.956433372141592,4.270943220422916,7.803799343217017,7.195878055018093,5.998125330194127,5.920435614803965,6.437494786804733,0.5050329774959288,8.953798613424325,Pursue_Entrepreneurship
5.62631662046488,4.325420281147602,6.656847770712602,2.641652290127491,6.82043255974418,5.708493819411035,4.218667549244633,5.610700058881884,,2.2897783339335334,Upskill_Same_Domain
5.374367491828393,2.0137854416376433,2.8021558982799717,9.050708529438522,5.929519903737685,4.690526776789012,4.560268099124618,5.161985255569048,5.740433984019788,7.062249040351416,Complete_Career_Change
5.884863183208958,4.9786423698243025,7.393473843037455,5.29091504889686,4.772583101818936,7.929157264973952,,4.988923977820189,8.652393432118185,0.0,Upskill_Same_Domain
3.2060251343251958,3.5954933651704426,1.316949444038508,8.681779960146626,5.725749036818114,3.4282653956637703,6.591914459475857,5.736321758457018,4.76488626868397,6.06539558337593,Complete_Career_Change
4.850034057228591,4.245049589793789,4.685694501891083,6.689028920487591,9.335851391832787,7.207631299714202,7.443004579667551,6.154804277284239,2.9936839852458195,9.496223586323387,Pursue_Entrepreneurship
6.171257989714501,3.7448184968869307,5.741655558368185,,8.157666178003783,7.882695483465163,5.881089838234819,6.299649689802475,4.011125879172142,9.877566170388608,Pursue_Entrepreneurship
7.537289964278454,,2.7347096304370346,4.36084770054487,4.2451531764307395,7.903071795116931,5.33267890513549,6.847272583823952,7.488566903668757,,Stay_Same_Role_New_Company
7.361509871895886,6.183007987946075,2.138488169138157,7.49983005228655,6.465561190135149,7.126885190244073,3.7773107198484186,5.3119460012901385,7.595257908961405,2.548780202041478,Stay_Same_Role_New_Company
2.5655262328885913,5.411292223866276,4.300033032099579,5.53602679703668,3.5886469288158542,8.582042791264055,4.97441570060399,3.1895377678637633,5.8077926821266015,3.787182766791603,Upskill_Same_Domain
7.257489006595604,9.971830454281022,1.9640157139143026,5.3925619652750525,4.056991021389632,6.1829698508221735,6.006843115024983,5.949900259603564,9.761542454510316,1.8730977776862026,Stay_Same_Role_New_Company
6.58573299484596,2.150619156582078,3.8954751187357526,3.4228796005363167,4.873503783348791,7.306981266832984,4.568682965319994,6.028391024200321,4.707988727495891,4.544837499866619,Upskill_Same_Domain
8.125611052300393,5.203976343905193,4.933732963116309,10.0,7.464149492315685,8.291897236573163,8.190411745580278,7.651368009758593,2.975410266112008,10.0,Pursue_Entrepreneurship
6.62024013471679,4.941786616657632,3.404549478906455,,6.172370341472611,6.7685134243677325,6.9983506721300826,7.365629681685346,0.6879327119758096,7.092472342124255,Pursue_Entrepreneurship
5.600143397524051,2.9377260392981173,5.339215161031012,10.0,9.656980393316479,8.349852405524127,9.061975580405216,7.568814296269604,0.0,9.536245353950017,Pursue_Entrepreneurship
6.506599216916003,8.133319138844147,2.8083247631063823,7.064758939294041,4.191130321116867,9.678387621681303,4.706939116003471,4.339878621538704,,1.1008812395856014,Stay_Same_Role_New_Company
6.812505469255979,4.3288557692262986,,5.820894173980128,6.737871285541488,7.0298094557378965,6.473308979562628,6.912717300005332,4.391188236095397,10.0,Pursue_Entrepreneurship
3.4613398109372775,5.434015969183347,3.3559449989205756,4.990748088332929,5.221230026149512,6.399234802275821,5.863659776511911,7.212430495888456,8.129176982136984,2.160923004074042,Stay_Same_Role_New_Company
6.444934722805351,7.547780882528294,3.151364818000467,5.834570698319126,5.277115219065869,3.822029502009696,4.657332804794283,7.737293295239872,6.3085395349320015,2.2501202738015156,Switch_To_Adjacent_Role
6.155850455438314,5.20480555296377,,9.169065977851732,6.955209380710515,7.689076954502468,6.260518262921469,6.254096022520452,2.481254094165266,7.980765720366283,Pursue_Entrepreneurship
4.391180836870046,6.841846333980191,2.9190203955337104,3.690722069499913,6.8253641929640185,7.008120700636616,6.359867926362269,5.389175176014556,5.783191545797418,4.97469521975556,Switch_To_Adjacent_Role
5.671550413738881,4.753038829771103,2.6767110906480536,10.0,8.968177910066858,6.301851986665884,4.723182385728849,6.622816238099989,2.712210431149095,9.413259919322318,Pursue_Entrepreneurship
4.718100944973292,8.218797932544666,4.281066079219494,7.046344735621092,5.660862018734807,4.737529653804047,5.014277760357122,7.866792223098028,6.7218120965632515,1.775084892350403,Switch_To_Adjacent_Role
6.408300391030739,7.680510049983228,4.237669749081857,2.072689522195239,3.925283439008037,5.98285876585012,1.9835371838980116,4.747270022320555,6.310297049400296,2.2385639491255205,Stay_Same_Role_New_Company
4.869513358459759,8.454301162988306,3.9985443614027427,3.094453852731734,5.964574463802376,8.027977129938296,7.048696375109007,8.380240575383535,4.674311759004097,5.1857981147698125,Switch_To_Adjacent_Role
4.465998987992563,9.045941392060287,2.1223518622135003,5.525140226956295,5.735098544919821,9.387093591649027,4.736175473222019,6.488857680509395,5.569427877134333,4.047537632281867,Stay_Same_Role_New_Company
7.123729505935543,6.893999840653117,6.555965712788268,3.987817317438115,5.155031859191469,4.898722200874327,2.434212520668818,7.378425366213603,5.648484477455634,4.961520566482531,Switch_To_Adjacent_Role
4.200960574773232,6.6431010736088325,5.673700943003014,9.74941638178014,6.6211313563544945,5.9672755833793625,7.889808047426302,7.3007051700603665,2.5759535265326807,10.0,Pursue_Entrepreneurship
5.639683313506511,4.580162974786955,4.429675387163874,8.095483620707737,4.862399191098176,6.013685664741243,1.425733998149878,5.949392039369707,5.593045028295933,2.9359531168664996,Switch_To_Adjacent_Role
5.13598619991793,8.468769180953894,,6.8703171270670005,4.81276404192892,7.377052515428596,8.02351372944619,7.971372130766225,7.101464692326825,,Stay_Same_Role_New_Company
2.4715222838739757,3.9144225747239,5.266962920481804,3.6195126753128593,5.05737212368961,7.900722105535588,3.553767509612074,5.51488541690351,7.064662865077978,1.8394481279905888,Upskill_Same_Domain
5.697729257240991,3.100199706799273,5.112001710628285,6.386113683666107,5.502276065951094,5.991997775226682,3.860625480362092,4.366471869322632,7.041046358965798,3.614488019910197,Upskill_Same_Domain
7.841617026983247,1.9922043080260705,3.7464968598625092,10.0,8.70186334880831,5.41435966047016,7.118161348171764,4.202724843238509,2.5368906922245795,7.051673078405129,Pursue_Entrepreneurship
4.869844627982438,4.410680119380521,2.539090485347656,5.893624344940552,4.445357974516551,4.1809988981574815,3.0317435991017274,2.969005466998591,4.326196788214213,6.3898479237292385,Complete_Career_Change
5.968961512339823,2.921236103130212,5.899329472078137,2.1314543015614955,5.9600327433391636,9.184531535011113,4.104107412010011,1.7374868376260784,7.791557671550141,1.8246840840061955,Upskill_Same_Domain
5.793617787211518,6.42235013447196,6.441892871591069,5.130417857995555,5.40447773993248,6.053961130865254,4.96955015303894,5.349196410214751,3.9859656707524835,3.33591507323108,Switch_To_Adjacent_Role
5.433682996076913,4.107246111394223,4.080578167671215,6.9137561255238476,6.252222684342188,1.5766673582022128,4.628820911078508,3.967813743818505,3.2577028462513287,3.3090165757382968,Complete_Career_Change
4.0875501952996425,8.653963268889925,0.0,5.842912214610326,3.0602624138851104,7.0694952864027165,4.845080511473704,7.5203995914820485,,1.5976198705106346,Stay_Same_Role_New_Company
6.624186424409094,5.7320382169335495,4.2056700260256346,5.5907464396786715,3.5564401102611782,6.387017750315066,5.342832365663475,6.068206837863117,7.1201774584553785,2.3654652515142507,Stay_Same_Role_New_Company
4.430786961769199,2.075723540537748,8.101166279632844,4.729823929092099,3.323272426233352,5.5917778609388105,1.5437831357639036,3.0706995471853453,8.32122016330291,5.90132198914011,Upskill_Same_Domain
3.7650905259611394,7.475330245924866,1.8778586389524399,6.681562958997182,3.2448711464356528,9.085497836090518,4.956716838627981,4.489485271705886,6.619543560787939,1.4578955070010142,Stay_Same_Role_New_Company
4.7748245449300395,6.862834366791046,5.014719146119609,10.0,9.165677463020618,9.529114192623934,8.305810174424494,7.797453769520216,0.1995219422765293,9.900525494868305,Pursue_Entrepreneurship
5.304745260315875,5.9557132749968265,1.2034662592272776,4.308559257874415,3.3762220381185313,7.533275620383416,4.3945013856844986,9.086988515034362,5.240971026321729,2.7647231323227417,Stay_Same_Role_New_Company
3.9679746014067625,2.1765021193759835,8.073417870342908,4.412454551348101,6.979926761574634,8.087762968107345,2.9624105837776344,4.389513258782227,7.157349321562647,4.984194159982371,Upskill_Same_Domain
5.881867791486249,7.9599177316905605,2.7213123573833515,3.125427643667983,4.3285360351909175,8.1890112701829,3.221165413183547,5.7535778349989375,6.434319892597903,2.6447555582175446,Stay_Same_Role_New_Company
3.630241338574031,3.8961997266625388,5.92159147095212,8.395110824017586,3.0996037631828135,6.797660916363707,4.801460065208144,4.497956394190045,7.143234751115766,1.6417484374014366,Upskill_Same_Domain
5.272587424601632,4.103995199125063,3.8469013357472264,6.712668322844167,6.0346244346191025,2.3326919813848166,4.233575053729874,4.185952520136559,2.9762482556716745,4.525136459205562,Complete_Career_Change
5.577324827967667,6.217722362321405,8.597775678343735,6.042958747978805,4.533376789755399,6.218298769727303,4.7488903546298085,6.676166843852361,7.563899858878787,3.590891433429454,Upskill_Same_Domain
3.49197073878654,4.650603882480653,6.463981503980416,3.0851998690288998,6.055861721824962,6.633003433951519,1.752207509235073,4.433254284151539,7.365568392699776,4.264630069866463,Upskill_Same_Domain
6.582157831739524,8.07575663021608,3.7133604645233644,4.7560277117930125,5.361586844391015,7.205554810376642,6.011097605810403,7.049110766527812,5.394166407290699,0.0,Stay_Same_Role_New_Company
5.8036325473983155,6.173831850070465,4.9482542341118245,10.0,7.327996918185237,4.858236162991172,5.266857065351528,7.075663606848047,,10.0,Pursue_Entrepreneurship
7.423300787007851,5.752906825229031,1.328810300022118,5.7548380270921875,6.555256422995452,4.239259486350404,4.770724264363871,5.100699334096993,7.95263802739607,4.974294120028533,Switch_To_Adjacent_Role
5.876545096229527,7.568180911209293,6.515180639463203,5.51250894427464,4.064673990227888,6.09745710907751,3.774516111109257,7.217540162613824,7.026309519238786,2.6655712183534312,Stay_Same_Role_New_Company
4.994567568563544,,1.9969486235029383,6.723591036375758,8.145479918164757,3.0438425800640525,2.7812259324917106,6.034865802732226,3.219517689647833,8.15040579546325,Complete_Career_Change
5.011338497507226,7.271019586685931,2.9710778666960262,2.9682503510581957,5.297401037607619,8.257706154802515,5.3808139705464795,3.9344331665676573,7.339047917371443,3.464637573873338,Stay_Same_Role_New_Company
4.315687109939484,4.2210591871288266,7.159466848159224,2.588719691273277,5.456872973859887,6.4733557691753205,2.6237715516601945,,6.82258417455814,4.8820268782562914,Upskill_Same_Domain
5.014460293745509,0.0,2.252268991205898,6.521039239048809,7.193493123699607,5.293540011899208,5.249684304368884,5.514096243438884,1.5534492266636517,6.267836003995937,Complete_Career_Change
5.165994462982299,8.300666629566374,2.610860719922761,,5.617666487552412,6.100486194973007,4.780752720579412,7.356866417036643,,,Stay_Same_Role_New_Company
4.073158983324333,,2.11825622779827,5.974264069646063,4.629650713702652,7.257127106524408,6.415982745724031,7.725991971947999,7.410120684856018,4.259661656440216,Stay_Same_Role_New_Company
6.316878224522142,7.803378059229711,3.562372787243998,5.080491428783947,5.143514443295884,6.46916688832533,3.182457442261494,3.9932872367212937,8.349218348265595,2.1402898828885726,Stay_Same_Role_New_Company
6.595686685851252,3.8508869809294355,2.324353059821383,8.638463252889233,7.128488267979598,3.886417348358883,3.5989952824153297,4.1741957595409716,4.589209353528578,5.4452091421735025,Complete_Career_Change
5.3717986036583465,3.307443625054143,6.021456729060403,6.342027740527842,5.549733404229833,7.534633584428851,6.481427465994057,3.5849568566352628,5.7183625325096905,2.061241048702832,Upskill_Same_Domain
5.90599426118885,2.313397419339378,0.08804043888208168,8.377138679625313,5.2652555632998475,4.707111202438342,4.215558608658452,5.309451192851291,2.492504704167982,6.623705625482611,Complete_Career_Change
2.7896373781432375,1.468503284603238,4.5862472443101145,3.4449199334502607,2.401174369682494,5.54560792940093,1.3808711747865603,3.1766146591020146,8.56054651988326,3.5246644913654337,Upskill_Same_Domain
6.598348099931834,4.131171995691188,5.189802061520025,3.6921871583887462,3.656139941870265,5.578353272640406,2.331907856615242,2.549453477113339,6.746494309049255,2.2291963685834806,Upskill_Same_Domain
4.860080988382135,7.877458679471676,0.7149530912363793,3.0928411809917122,7.768021245636787,5.326350644343759,3.5741787480089684,8.387987586817708,10.0,0.9769633825270558,Stay_Same_Role_New_Company
5.623951986671637,3.553318577279507,3.9670409012814978,5.307556827288773,5.962234754722609,6.392631099731291,4.526812118698361,3.883161401744808,5.900495366856338,4.334353384711385,Upskill_Same_Domain
4.697990484311515,5.036454329520064,6.021775921793265,8.633823835470569,4.696751013753763,6.753866728036615,1.7763915355547422,3.793514574505549,8.491590986339752,1.2639060945321656,Upskill_Same_Domain
5.236689079062412,5.5879138602698415,6.101697458663888,5.215341992222172,6.78917310196589,9.03295452033149,3.919442623055172,3.807908795910997,5.804025855604195,4.270053395557326,Upskill_Same_Domain
7.017080818897956,3.437404387742322,3.15866788383065,9.611350877623831,6.161213009746326,7.532033773196721,6.775870626411547,7.457349197286003,2.7737054083419124,10.0,Pursue_Entrepreneurship
5.519351637769874,6.523172979346578,3.441685560337149,6.409170197266464,5.280504639236144,3.443461727330731,5.012417972133901,4.569265067060803,3.7452985088164286,4.177935316896201,Switch_To_Adjacent_Role
6.859516114675293,6.394851380091229,3.847317762145962,7.975861444785325,6.240903979360432,9.247005005446418,7.64814940248842,8.962848070043947,3.800379018938826,8.965898990871022,Pursue_Entrepreneurship
4.242262899412195,8.786480872210074,3.7688265571247035,4.992796405748132,7.360428915266087,5.8663511132886175,5.751601391923878,5.820538802134006,5.585724982250155,3.7795377157535226,Switch_To_Adjacent_Role
5.8751851985675785,,3.59136284041557,3.243168422484155,5.234123004177109,6.527558236566075,,6.115679499028713,7.177653458129982,1.9352029367999415,Upskill_Same_Domain
6.265232197258624,5.88572156642002,2.739781848939793,4.756112273256459,7.381176304840433,5.296652077113712,7.1324603220678044,5.332272861070617,6.378566761470942,7.110479739923714,Switch_To_Adjacent_Role
6.833786284049293,4.751475148404092,3.5978897173291355,10.0,6.893304887955569,6.628151299091752,6.274711952603994,8.990046190964323,0.0,8.924363482008893,Pursue_Entrepreneurship
5.739877374427778,3.8761553698546916,3.120200868209275,8.773907842606345,4.326747696461893,3.8417322057558128,4.449322401304212,4.683125068984133,4.077052619411743,6.324693550844477,Complete_Career_Change
4.933085291697643,1.1942754384276943,5.951690979585952,,4.631699171699243,5.098942734538557,,4.525125650767606,8.82047569194573,3.008754894332109,Upskill_Same_Domain
4.554907315870449,9.099019349376436,3.9139495775046105,5.469949996914237,5.533750747463556,2.8963421399164213,4.012171697051611,7.278211960279025,5.182371038587393,2.9224622883596467,Switch_To_Adjacent_Role
4.470939588363537,6.989112293927253,2.1808927366676296,3.625698663620243,3.632546545232062,6.812430307923669,3.4182660560976705,7.094765046878923,6.306920401357232,6.15243966112531,Stay_Same_Role_New_Company
7.697802264218872,8.285197251773013,2.4657945999161415,6.438175323077855,5.557383370000098,8.99648278959479,5.238204768388478,,5.721393040980636,4.646206311900625,Stay_Same_Role_New_Company
5.898689885800627,5.736940112330873,3.845654495829523,8.933260596702166,9.018345810816067,3.9486741531603826,7.5396997959563885,7.39665471159669,0.21704851612260634,10.0,Pursue_Entrepreneurship
4.83261385155143,1.1927824768366027,5.549452950649309,8.87685425827064,6.355022337321016,5.5237468057197034,1.9269717803110886,1.6750163408157919,2.980921619725122,3.7078666133172584,Complete_Career_Change
4.655399532823282,8.305858945064742,1.1491452339812216,5.580218791805983,3.9514214244004155,5.332574954661322,5.92796617742712,6.314137878179777,6.701830158189233,4.386532503727383,Stay_Same_Role_New_Company
5.7284105930143046,7.676908608203713,1.7450050539816462,6.23354068501407,4.739007947435043,5.018076500184963,3.8237502458212513,5.779584069589423,8.393632298754977,2.356240530469622,Switch_To_Adjacent_Role
,6.702603439236482,3.667997664589452,10.0,7.681818754987265,6.255137094798814,6.579554132153959,8.033305297748106,1.8927269434397178,7.711843300562273,Pursue_Entrepreneurship
7.455858734165995,5.140610175450718,4.651411062409205,7.385770918666075,6.000199107466491,5.622810989365529,5.01404271031282,,5.250291964394247,3.4156715412993846,Switch_To_Adjacent_Role
4.765414964734684,4.684399237771835,2.6020111016301155,6.972664577733312,5.402500388103896,2.4230537392416807,5.22352686652132,3.933985436568647,4.927592727844071,3.819184429797955,Complete_Career_Change
4.676769537044327,6.730003501005538,4.177806352511709,5.417223294262496,4.134776244415076,5.848106456740265,3.423465561244633,6.55572535475709,9.41443038174797,5.755221066640615,Switch_To_Adjacent_Role
5.239391064785045,4.511264163405599,0.5742709210248218,6.3155666914076365,9.645801240556905,3.6449735308572326,2.041708047125743,4.242684813647384,0.0,5.813196926192999,Complete_Career_Change
6.818009433448566,4.315951918701165,3.8557405842707064,9.670792508989946,7.220378175197364,5.699734540018492,8.839241018181951,8.449334050101905,0.6464566773051363,7.817660165470697,Pursue_Entrepreneurship
5.813681226424727,3.454280309228139,4.576894696859867,4.443917552709724,4.653412679067861,3.935484508548014,3.947029734837649,,7.586598201178383,5.898733649753463,Upskill_Same_Domain
4.113711841600815,3.3782397205893466,6.615773458061842,3.9975852654680186,4.8499415254759555,5.120450153863953,2.8538840127808083,5.3260320913237775,8.152697098027925,1.7186469803433153,Upskill_Same_Domain
6.44883972159675,6.1712670184388765,3.642922936480281,8.32073575354952,6.788757047908052,7.35251618588781,6.493065544430273,8.739166348538674,2.8491937019836704,10.0,Pursue_Entrepreneurship
1.5702385008215587,2.9908109096356092,3.0605380638509985,8.118153033097448,,5.936638927873484,3.9021588395418716,5.54714272557408,4.273027092505302,7.734362207673843,Complete_Career_Change
5.3373928382975775,3.0457044914134133,6.414021486835555,4.204292084110461,5.151570825248479,6.653534504508398,0.005060647932310314,4.732559225216735,7.834798837989042,3.5797068528399896,Upskill_Same_Domain
4.126854969222132,6.981827308768931,4.456702578784293,7.428939191920904,,5.7712444564353795,6.559648714447421,6.610645541655563,6.088531252469035,5.924588944109891,Switch_To_Adjacent_Role
5.330447879524955,0.5731783514553219,3.6069345649880304,7.490770309518115,,4.97067919508161,4.282631111929897,3.4846402581225733,5.9021526248844856,5.477526324241716,Complete_Career_Change
5.526333972734798,0.2944606957517095,2.6927699888290624,5.905542729070685,4.89546665432335,5.501151733308712,5.264293329687709,6.493964078971706,5.527645272251677,4.4953096807183055,Complete_Career_Change
5.133362237873072,5.1786396041923854,3.7686551775306074,6.985109789217043,5.204353180017646,4.854257886368183,4.7415189161274665,4.34658826014885,,1.6772554280016165,Switch_To_Adjacent_Role
4.660724416805026,6.9524314364051385,2.700019784946484,6.463726430746738,6.470900853824583,5.38528091461897,6.313082805924406,5.604396779663269,5.721987718707911,2.7295798995285865,Switch_To_Adjacent_Role
7.302269016946959,9.544042621240518,1.6731900746326613,2.582213971490683,5.128745267309361,8.210089694255688,7.336872879164609,,7.016768294438597,1.3389301919396785,Stay_Same_Role_New_Company
7.230091375974482,,5.29583049141113,8.659999935211534,7.727767613325814,7.759252532031924,7.00084546628208,6.024577956056403,0.9518476132872395,9.186653924687619,Pursue_Entrepreneurship
4.164662278786617,3.6106683419709005,5.094342113742919,5.057027807252584,4.805040044016187,4.432155392249756,1.8530162061888347,5.05208978916748,5.940127642567105,3.3926535016304213,Upskill_Same_Domain
2.6289678884734795,2.496956195356954,5.0616369551291704,6.591762545364993,7.12293741873617,3.376126870022551,4.571811037075527,6.579089003560811,3.0502628807834924,4.602863619532227,Complete_Career_Change
8.234433503964818,4.984506055223417,0.39799053222971725,4.293877919627052,5.018886246518839,7.897135752193216,,5.500480313255259,8.824756801214292,3.83925402409855,Stay_Same_Role_New_Company
6.879974401537884,6.789169465201717,4.095753573489853,5.0299468203758355,4.107820905402125,4.835859785172108,5.532916260474737,6.437610818615545,3.270127418557341,2.978619863252246,Switch_To_Adjacent_Role
4.917052260365185,7.27495244625622,2.469094784568856,5.050155459875192,4.594729769930819,8.364141493706429,4.121177502614221,4.878986652681794,8.1225382000766,0.5036653090960448,Stay_Same_Role_New_Company
7.957153961979471,5.47067031544543,6.241981438441288,6.238593732225514,7.675234285388693,8.858210432131717,6.342604389346514,7.293038783684854,1.4760535713267429,8.611102065202033,Pursue_Entrepreneurship
5.262557038533526,4.2545639042459,3.7749988122618094,6.970702332064343,2.6295923345877408,7.04534645400263,4.506947927457072,4.8583278170278,6.35705005318991,4.075428446482653,Upskill_Same_Domain
6.843491720362193,2.559225167447674,3.918566617762012,6.609176438599907,7.828676471649269,4.355715456894995,5.0652239140790565,5.171118104857927,2.842882523404548,5.497812346356537,Complete_Career_Change
4.267157303832865,1.9717070208418102,1.89864749852679,9.10612217670339,5.94680898969459,4.102829766709568,3.927172999297684,5.601726868931377,5.254113462985873,6.342219062732458,Complete_Career_Change
6.564750736609614,8.30905628303196,2.2276050575941673,3.120124789295009,5.09376836002803,6.311659478217057,5.3024790747611155,6.028407789180476,,2.1888376842850685,Stay_Same_Role_New_Company
7.202383327468721,7.742330721237377,4.6720876138094845,5.408347465749733,5.18868761534878,4.454605049952553,3.7067949452627618,4.642258565199038,5.19652927117923,2.654862712109831,Switch_To_Adjacent_Role
5.60842401495124,5.389563535735911,2.339894866882603,9.916491921807978,7.175334814466382,4.443593587837087,7.631018669353075,8.070672548682374,3.2520832651275686,9.404638767050193,Pursue_Entrepreneurship
8.94986260481943,8.587896732714853,2.777855828654873,9.74017981276472,8.63223827242693,7.985860503607723,7.039282672547984,9.162914373854925,2.0006174822764797,9.666537962416072,Pursue_Entrepreneurship
6.119764655964342,6.911382309024299,2.2272795421416443,3.0753025336654787,3.8454259901462517,6.534578305503242,6.044660525192182,8.237000780515778,5.703164030009848,3.0106757087378946,Stay_Same_Role_New_Company
5.8838834764890455,5.922531912140272,3.1756604874285066,5.585026875448381,4.704354763562951,4.900433842239776,6.285091421706901,6.473882549390643,6.55618037298873,2.1352194191105167,Stay_Same_Role_New_Company
3.7688618119252717,4.2736877318085265,4.693227627577892,4.250887572687237,5.206762872610814,5.89539558004203,3.5211278060285043,4.668458965333477,,4.65474537378127,Switch_To_Adjacent_Role
7.63461725153159,4.736331280616717,5.225585741962572,7.005580681799296,4.048339478367947,6.6722752015764755,3.3667494464830847,6.647589388676341,6.863519881802356,3.194329330961362,Upskill_Same_Domain
6.6342566708718875,4.546401323460905,4.1310162476353005,7.510281161157875,9.042931583577346,10.0,8.129123369764928,6.674569698899993,0.0,7.310196651094957,Pursue_Entrepreneurship
5.879356597654203,7.454813210306335,3.393174055543424,7.1281081766840355,4.627506566330127,,3.960862596377534,6.445441358953245,7.5053597683352145,,Switch_To_Adjacent_Role
4.492502189962382,2.2711416708272445,6.946121995403246,4.431153737238064,6.010255227019108,5.579939586676082,1.9170428544437073,4.455766196512002,,3.209224777600866,Upskill_Same_Domain
7.360869280986392,7.636670744243732,,8.223451481891022,7.034778753817773,8.033132141998637,6.81345630399495,6.941347964568287,0.16440964970470873,10.0,Pursue_Entrepreneurship
7.491726061005622,3.768584431721152,4.0937232410916815,,9.921017265223362,5.39353691970283,7.003998888614842,6.2931374719293,,10.0,Pursue_Entrepreneurship
4.25319296453806,4.559980246744589,0.9969996445952538,8.418310837187036,8.842720609211435,5.400448274831694,4.458999583272903,3.5257107687496743,1.729319170440208,4.964982796555222,Complete_Career_Change
5.892927049735313,3.288099267649649,0.7056845636954878,6.36104551879112,5.733516388321136,3.056376744758807,3.1161018678172026,2.5661715368682536,1.7495120229256165,,Complete_Career_Change
8.454889373773206,6.831917015541029,5.915437005874283,6.237789149167317,5.404816178821032,5.995652807105268,3.9394253576202374,4.747092256595295,7.646195924320176,5.784045045726474,Switch_To_Adjacent_Role
5.584426013815966,6.5464196787089675,5.073372239294757,,5.051296072584233,1.9850370159046578,4.192099442148893,5.318260639137644,4.674540139382324,4.215295795302447,Switch_To_Adjacent_Role
5.793774711849705,6.653650121326445,0.8229121718843357,,4.930082683936184,9.298308887653848,5.169356877914751,7.277561364329975,,0.9595731036578681,Stay_Same_Role_New_Company
3.732782868496751,1.9853710870423957,1.9766335164190105,6.7368682916128355,4.188732743037984,6.070252123773985,4.888502457769912,4.70688635488969,4.484929178370466,6.112387457304209,Complete_Career_Change
6.9477576187636885,4.891498950974734,4.337404295243,6.335720043096395,6.130659326530456,5.938043678878247,,4.245172364015569,7.1340532839502995,4.24158495077459,Switch_To_Adjacent_Role
4.9309022364511,6.238805885188092,5.399025751869961,6.677336115035827,6.786200158246538,5.223042077844547,7.156439777626385,8.898500341819295,1.419052877909632,9.438227936140395,Pursue_Entrepreneurship
7.035444152794035,6.240878973184833,6.771086898526159,9.570503461626059,8.996489212521976,5.60732927025993,8.182704477039353,6.560124249418623,2.514089242285525,10.0,Pursue_Entrepreneurship
5.620483279837705,5.001137642587714,,4.967743395791491,4.070444150402356,,5.196197984848444,6.753066562717213,8.841622896342912,4.360476390574101,Switch_To_Adjacent_Role
3.8441637647430813,7.9897241300147925,3.355995117800993,4.609006039699245,2.592189587978438,6.5765924569041525,4.574502940668469,5.807505874087919,6.76748714694741,1.9240842007860923,Stay_Same_Role_New_Company
7.1317222922456445,,5.332681070980467,6.709250232957677,4.857345563880761,7.458536211934246,5.9968697333195164,6.157531334089301,7.669993444285008,3.5708790714390366,Stay_Same_Role_New_Company
4.993677845048306,4.962289982687393,,3.9318645001069976,5.1986587011808005,5.571806373594917,,6.055448021642178,8.149444060326623,3.7820150030470954,Upskill_Same_Domain
5.70898353805535,8.315245828652587,3.229545365989824,3.5902955060966235,5.117636716116237,7.2966968291805765,8.272716248794097,8.439897994666172,6.390783644273534,2.126401629986071,Stay_Same_Role_New_Company
6.433043291375083,6.14738169943279,2.3671287692715506,5.779163171346339,7.295662720226604,7.6795732377194055,5.932552994891281,4.4525534653811185,6.637788973192655,5.106119175016951,Switch_To_Adjacent_Role
,2.7779526160285313,2.509575719205485,6.3908501708401015,6.465403164452365,4.190176409941073,4.405636968500619,4.91084929022371,3.382986663399295,5.021990492379774,Complete_Career_Change
5.012275044335141,7.347834062250269,3.279798770351258,5.862303972939509,9.79496300344171,5.957276080018612,7.17971504312756,9.63317845714261,1.815735277556068,9.287662417137577,Pursue_Entrepreneurship
4.144300428883988,3.7214820936178166,6.189633571767379,3.588406209579134,5.070461480370206,8.38771457165111,2.2922834582945875,3.033409241780313,6.371893878113501,2.4321657718598213,Upskill_Same_Domain
5.587248149310571,1.8869473524560636,2.6655774960426992,9.299151336019126,,5.19574564224959,2.1703572873510226,4.388528082267227,3.5359952073988947,8.000329882968398,Complete_Career_Change
6.018676470913049,7.072419256498334,3.0730387938012917,7.367411318685775,3.529600502032487,3.87808386111307,5.922560425329239,8.172457597132222,6.641461584638804,3.9475548975057837,Switch_To_Adjacent_Role
5.924188626461029,6.0492439928364785,4.056485031656895,6.319731502215022,5.462718226022761,5.431604279027995,5.796957472702022,5.295294963647149,4.768007763669072,7.930915888409109,Switch_To_Adjacent_Role
3.583251428391876,5.627737051861169,7.933737751299244,3.0074267167542024,3.9042390311875312,6.400945626368866,,2.21224665740256,4.91609989401303,3.636513987034123,Upskill_Same_Domain
5.475908047794245,6.300591472082877,4.883719451287733,8.365648286747987,8.573183029592798,4.6694031221697685,6.144803285578076,4.816326787205293,0.8333733142693989,10.0,Pursue_Entrepreneurship
7.7007205889438834,7.358491328099961,3.8573294785274648,4.484012006390871,5.147872599531986,7.957887490196066,4.398677568778046,7.295521349847926,6.208192759761571,2.8829706953258927,Stay_Same_Role_New_Company
5.538080933960787,1.7075747920572737,1.4498308990950586,7.039992372869194,5.36011809087171,2.104430269869475,3.6530563927249418,5.346089880024931,5.145726659393178,6.220708735725723,Complete_Career_Change
6.007821684566893,8.582821285765107,4.5148997962113295,7.141612196884328,5.402506106481917,7.766410951846283,3.5038761380587626,,8.722376304348666,3.6257592299422994,Stay_Same_Role_New_Company
6.235166885216155,7.154466216557251,2.9595260705805515,9.00011574025273,8.421353617152713,5.928194136543432,8.924037930399443,7.59474852362472,1.7853406676589234,6.889407852459721,Pursue_Entrepreneurship
7.061808627361028,8.812610761622599,4.627242511134753,4.32228020577153,4.433970285172849,6.377165877814425,,7.947886772385752,6.903507358905909,1.9477941538689814,Stay_Same_Role_New_Company
6.811856324153606,5.27635862142078,3.8126256040038684,10.0,10.0,5.629682752831344,6.311218163434874,6.122775739910404,3.3741701219639113,8.981911910551597,Pursue_Entrepreneurship
5.281763709745795,7.4248835029743345,4.754514754316184,6.9513574126171545,4.636037326063824,4.141158384181984,4.261961213771488,5.192932198615234,7.022059049248789,5.268779265382268,Switch_To_Adjacent_Role
5.7522168078273825,5.519545445120441,4.602109132465463,9.830853104943357,7.199658935113022,8.233618742611787,7.397333564677279,6.844505656439248,2.2579402473795738,7.732797655957982,Pursue_Entrepreneurship
2.849806341455869,7.458319396279965,3.8945606964858306,5.369759480647092,4.771574597321302,5.965997449276799,3.8381167602171864,3.0682717739837435,6.529268744170759,4.674833897343868,Switch_To_Adjacent_Role
6.7219682970611485,8.402209041204028,4.27592367410055,3.485723474600648,7.61138200204068,5.752743920915572,5.973989805361111,3.8064479972626426,6.290655906548934,4.471279240742937,Stay_Same_Role_New_Company
6.014886679171851,7.610955884949167,1.680411722552539,7.6633823461222725,7.320718922693771,8.476863288622058,3.802894482848134,7.111525121586462,8.331514332347272,3.075309311465269,Stay_Same_Role_New_Company
3.051885614416806,5.476350799949482,3.0034588731439102,7.078946867863233,7.242966289207573,4.912993623127751,6.204219854852372,4.138947874716135,3.91401543660671,3.958368700681582,Complete_Career_Change
3.8889886652800483,2.1876494031205613,6.911346834933739,5.953184720714639,4.095821326305655,6.009593623674845,2.7499649915416216,4.305083719392163,6.268921102199852,1.6856575072857678,Upskill_Same_Domain
4.996197694823498,3.930612702242936,7.412223691934942,3.6979266451187893,5.782026262257926,7.200047209733407,3.9843611041313696,4.090582367015711,10.0,1.9378887540352967,Upskill_Same_Domain
6.94231107302306,9.848738254900624,2.4061470250397368,5.131881659845065,2.389739033953928,7.346757018369634,3.6173723517348675,6.259525523284969,5.470436201154456,3.205715691820875,Stay_Same_Role_New_Company
5.434183453025912,6.918492266767176,3.902800401965854,4.5177310863534945,5.316176527927008,5.587822129305072,5.149414085055317,6.210495177470588,7.351179758394119,,Switch_To_Adjacent_Role
,4.702569328717959,3.5420554545653,6.624434584645793,8.79147608106483,7.424128964828091,6.455216310597894,5.4958756577859225,4.851840479498338,5.025580248398211,Switch_To_Adjacent_Role
2.9562154512166745,4.234435942863088,,2.9412864897304845,3.146539923266572,5.922397712145611,5.218059694265962,5.251917657421891,7.679893926721527,1.5713980647322947,Upskill_Same_Domain
6.822640869319805,7.630225005932623,2.897183493587716,9.211368275189576,7.873169569464557,8.797181011437788,7.914495952182592,6.686834735742921,2.0832959905964863,7.320662836801687,Pursue_Entrepreneurship
4.58550317774396,4.221440402048825,7.2150866817652295,5.0110831740916515,5.099490308767787,6.916379189209392,3.7553107223204902,3.568915150355356,7.375489857157189,2.566937804351267,Upskill_Same_Domain
4.506034803655218,5.519430462807153,2.8480557576689187,3.7027924217827666,4.889694308839387,4.919732396243479,4.0094332041966645,6.19321522389368,7.976072477119119,3.042713546364619,Stay_Same_Role_New_Company
7.497262281622825,7.060854476831649,3.752171289530452,8.543376405515486,8.973307250425673,9.163350941400488,6.525785484810804,7.157610321917633,2.4562129993911075,10.0,Pursue_Entrepreneurship
6.282348635132777,5.882114902009781,4.030920057264012,10.0,6.51826319433817,4.780938993780212,7.919841880770058,4.843244487974932,1.6085653263237978,10.0,Pursue_Entrepreneurship
4.722613071980743,2.150582756625326,5.573509489546723,4.39223386947398,3.8364047728629775,8.426256272904766,4.6237907479728815,6.285127393255243,7.342452840147807,3.105804187352601,Upskill_Same_Domain
6.371136502574789,4.214093905765634,5.677049829637657,2.181157645477078,2.394344898044738,4.113591702444767,4.493140916169511,2.7290756761723025,8.632250575695197,3.03932053431274,Upskill_Same_Domain
4.705763937058225,2.624647847057583,2.7525277990999033,8.981963581881802,6.110218272321053,5.660437424375662,4.3470476435775725,4.544822193832977,2.6300621220498126,3.1377868621438014,Complete_Career_Change
7.052529372193986,3.611636949141561,3.3129068320048742,9.905281093238713,6.684775286177775,9.106137981296238,7.417866223383639,7.610823402767267,3.462167458572256,9.26229513349792,Pursue_Entrepreneurship
3.7234360026996534,3.787346447016427,4.01681811084731,7.741907761797387,4.057598101485433,3.8508305821998823,4.752727640022739,3.5120196908771373,3.0318205173498827,3.6678197961738954,Complete_Career_Change
7.299137232216836,8.126637436845117,4.034511412667503,4.418695045471069,4.935573511182943,6.849851456911384,3.913125750700477,6.8607059949562785,8.345323707251874,3.2716211033772367,Stay_Same_Role_New_Company
4.456808445713319,7.527761158160553,2.669009379304161,3.040476657895038,3.7192945579959256,5.880905817919359,8.194651319698659,8.34226453207129,6.964725757009956,2.0273417226011614,Stay_Same_Role_New_Company
4.297117448931527,3.6206941651009976,8.914389140014281,1.5870844607026715,3.99516592592756,,2.9845147600323876,5.669773581766768,8.057234982335531,2.937918995964897,Upskill_Same_Domain
4.129705622826287,2.2831658940792625,1.8148528983172996,9.205170969861884,5.737087883718823,4.201975469950271,5.24584439364668,4.037003415106096,3.751822305975704,5.8567662402124725,Complete_Career_Change
4.1174345627604385,7.911625667220274,3.3406465556966953,3.83039677756592,5.246796410688676,5.108730769164874,6.737041930015822,7.6223349805772616,7.171727465406146,2.972490639190795,Stay_Same_Role_New_Company
4.950684973366822,,7.87192608083086,5.00674873670008,4.1078149910299,5.67345667648808,3.6061964679226652,5.2069494222932775,5.950583052902759,3.984650963465495,Upskill_Same_Domain
7.0995757543156515,6.2523771457317565,1.1997612322401827,9.269279291654206,7.9765264446145965,8.66889059765831,6.648199545380154,4.585310663823628,0.704198022653298,8.073815449470876,Pursue_Entrepreneurship
4.490332749360734,1.7375845650652515,,3.9136984017191674,6.139995597254367,7.268369518335217,5.521086325485552,3.1856950681706193,6.517197366456346,1.384803966305368,Upskill_Same_Domain
5.358397952564662,3.390497494596875,2.6741151668862537,8.371287894089068,6.979045991141108,4.211534355542644,4.21348715845505,6.989517141890081,2.8787279982945364,6.00870768055555,Complete_Career_Change
4.38571781245809,7.734710840229496,3.1425420809462112,8.178669188576592,,8.913618936437173,5.194795138183464,6.534523493420752,7.653852287404666,3.0781448636538027,Stay_Same_Role_New_Company
4.997917095587189,2.9380977269119084,8.691518191583809,3.7464940420209074,6.522821225034971,6.25447049590418,5.049226250351451,5.454490548733977,8.49090728169506,1.9071891806866117,Upskill_Same_Domain
6.433852252962412,5.888710512936508,1.4796215848954168,4.281027685329761,7.167630712933528,4.473317095837786,4.09097227238674,5.784654381610772,4.619339863499479,2.405200645082873,Switch_To_Adjacent_Role
7.102722866301712,5.711924979002466,5.294325247953182,5.10284979650247,3.568799092621044,5.683519724482432,2.7165802630297917,5.68829768323833,7.672894941439154,1.5173082225298349,Switch_To_Adjacent_Role
4.507203095629337,,5.664183535547547,4.336101802719118,3.6450080585697906,6.583809603933474,4.816594061085158,4.192853621459697,6.410846845840643,2.784505608349966,Upskill_Same_Domain
6.40808067489482,6.916620552265773,0.9335622586983403,2.3051215332113206,3.5474006531135096,6.403722129578867,4.618850937356609,8.518400511158372,8.937791380879487,1.2492815487558846,Stay_Same_Role_New_Company
3.9239212190223567,4.758095038534249,3.6333811734842274,6.313887807483158,7.373056377405542,5.445663603761834,6.304519178140963,7.4031103533617575,5.699119163004571,4.7730972747812395,Switch_To_Adjacent_Role
6.073335037320442,8.318982311693931,0.6906822147550171,4.149847926272002,5.279893418923965,5.668112413213091,6.180481696573381,4.436494438328661,7.127724023375272,1.7381328680317738,Stay_Same_Role_New_Company
6.441837969550515,8.410862231837573,3.5327769945273007,5.800975068402909,2.259660655689324,,2.165726916163684,6.046877904837134,7.493977136108351,,Stay_Same_Role_New_Company
9.175142904961023,6.304967608699576,3.170042030550879,8.711868128893773,8.115341858082928,4.968124892869193,6.7557510712244335,9.365360996785324,0.6405769098731287,8.526267630959994,Pursue_Entrepreneurship
5.363243068199089,4.738319817036468,3.4614658685987205,7.727345462607137,8.404218147682473,5.982120936086113,6.33803985851251,6.989140476647551,3.2906905423051827,9.779339025693519,Pursue_Entrepreneurship
5.587899973889687,2.3733031368325226,2.822417563928494,7.6018373979390645,5.787349377370988,3.6150107301518384,3.945855665518881,5.301518761217165,4.034060265959293,5.757866917514484,Complete_Career_Change
5.470779549563343,3.6227830665613734,1.762228689748008,8.302597912645645,6.676205620619742,6.708734081895169,4.546161059433393,7.380813926439506,3.33604870769124,10.0,Pursue_Entrepreneurship
5.617203875967845,4.7178878563284234,3.927609431555007,6.006919718587211,,7.069652536804561,4.57202778213329,5.721860912980945,6.863579992672326,3.239255016394885,Switch_To_Adjacent_Role
3.222104248224621,5.906111890948585,5.459151732089769,10.0,6.367924556330374,9.277572836061855,4.603687885438289,7.021534202021926,1.4576261300195288,10.0,Pursue_Entrepreneurship
4.430896565509312,1.8480157448166596,,4.991351413844296,6.980333041350946,7.602235276346545,3.4502114674307465,5.563491121256832,5.183036954771268,1.7487856152145889,Upskill_Same_Domain
,3.4210812703427607,0.7033719854925418,7.756529170229828,8.781586267275028,2.87080493242503,4.423063955216718,6.83758165734127,4.302274098695661,8.724203221830637,Complete_Career_Change
7.137617608744527,5.845262941419837,2.843254813847067,5.3600787846049975,5.761105386458709,5.014431803664899,5.630894267982083,6.67969688897374,7.155678134526043,5.850627313944543,Switch_To_Adjacent_Role
2.646261129521129,3.3708188271434767,4.16823239796463,5.534518529557473,4.062414263202246,5.585192355079066,5.149670777760153,7.227740629102355,6.177582967916511,5.5969126788347,Switch_To_Adjacent_Role
5.845961255954396,2.414789495682149,3.2499509037782452,7.26221597275598,4.9767470742307625,4.1483528424801985,2.8585231343761808,5.701270076827642,2.2817060315329263,6.693702284493484,Complete_Career_Change
6.368942990871812,5.129414143506136,4.067381728690701,5.189316737481833,4.8155412945290506,4.037591838367199,6.645507402716522,7.385390727136063,6.698664010495539,6.563854737526958,Switch_To_Adjacent_Role
5.198818985350259,7.97050914207666,2.190697801534781,3.606788275079732,4.540300835902262,5.56481477401684,5.419636703321222,4.5048888576019275,8.425570129888367,0.9640772116925338,Stay_Same_Role_New_Company
7.660075081857457,6.698321137416492,5.1886620723994294,4.309730544077571,6.358334656190756,7.088382613866416,4.464205808005942,3.6499940822925874,7.276966136718747,0.47280179410270806,Stay_Same_Role_New_Company
,4.938329866290462,4.201244016967057,8.387556987719291,8.630089409759506,4.483258802103532,7.597514849049777,6.357173609431744,1.4674734224095984,9.896014345323014,Pursue_Entrepreneurship
5.4107539271023395,6.113114110363475,2.415127856798109,9.054093453304818,7.32612783171372,5.0636579269695865,10.0,6.856061680275697,1.357198675502163,10.0,Pursue_Entrepreneurship
5.718547051169692,2.1871286377735624,1.7629021632763855,6.142909666280831,5.228896540460493,4.02554512367754,3.4778280418517724,5.1248742808526755,2.2449063187145764,3.340710544290871,Complete_Career_Change
7.773020898758082,9.163740476563191,2.0646756967297724,3.046745507146834,,6.293455839687575,8.146539515921624,6.565349552902742,6.772556028135663,3.1046042723503984,Stay_Same_Role_New_Company
7.529542493129426,5.757214424754341,5.699099419425221,6.457510002064255,6.1126255951996615,3.76356333790406,6.218779798274685,5.564588351544311,7.122020189694181,2.941579023418053,Switch_To_Adjacent_Role
7.874011315623432,5.062063458582443,3.5144188665955034,9.184117405955474,5.5740695426497116,6.408365824580236,9.15894565323034,8.179451254123746,1.7962233236717844,9.646994070387429,Pursue_Entrepreneurship
5.71760599431572,7.72776852484851,3.5076897752153724,6.821542157544065,5.235708483219845,5.815123289921523,6.071755181100474,7.19749597031323,8.351057386982122,3.4691485784824776,Stay_Same_Role_New_Company
5.530701254072984,3.3631921288341045,3.643635123460766,,5.442921282090613,7.24795153134984,4.548842659868672,4.046836944258517,5.95122987312073,3.7172467497569146,Upskill_Same_Domain
4.122397873617415,3.6024723946527497,7.498487740726041,6.5428134960360005,2.6147668187266584,8.334517326394058,2.4771212581658504,3.0164201807709308,6.695428586974426,2.58633158622764,Upskill_Same_Domain
5.868473866468029,4.655655518611376,3.603601177779089,5.102571547068892,6.282464343188374,4.617575374005169,6.315158537818641,,5.15551517752672,2.370703158951288,Switch_To_Adjacent_Role
6.21694706240862,0.0,1.778769520170844,7.429000654894921,6.299636536458812,3.0555895141124694,2.110650072028533,3.9585787199639304,,4.494978456298396,Complete_Career_Change
4.754229401884055,7.512544558598416,3.601937297336988,7.4358435327672385,6.057655008465359,5.054301951217212,5.62359768977679,6.4165843679998495,7.327147667303216,3.2871508007754757,Switch_To_Adjacent_Role
8.240765437018286,7.766625022732619,2.501856482523216,6.899877579914863,3.5608406133434656,5.836854875357425,5.836324833095758,5.487013340282534,7.4933415732639075,2.2875242319181335,Stay_Same_Role_New_Company
7.306436890554899,1.4724947502131092,3.4656755419422196,7.422430975271313,5.573934858333207,4.822009942607811,4.111074477053534,1.5394450616954733,0.0,7.154148808369264,Complete_Career_Change
5.142532003856343,4.594858925304598,4.978570542947841,7.043837040068558,8.244595316944645,7.131707151837724,8.893408547251335,7.422722845558644,2.072863630184185,10.0,Pursue_Entrepreneurship
7.464066999795308,5.753675829718085,3.661419831098304,9.235131294340349,8.640692568799734,7.516482935273529,6.6201492076616955,,4.575642491138502,9.82657793648505,Pursue_Entrepreneurship
7.528960623530476,7.501683906053297,4.540939292768827,7.745174325649003,6.445287471553796,6.43430749437119,7.746303080577483,7.341093068300129,0.539148314679812,8.031363955390432,Pursue_Entrepreneurship
5.214527813963612,5.795486817296994,3.791619174330075,7.8406885569504485,3.919462211938462,4.4279906574340036,1.6041454621848659,5.3748083339736175,5.485663379636199,3.337029670765467,Switch_To_Adjacent_Role
5.475261462430215,4.399240871357148,5.914680113547438,3.6887461281570264,4.598529014953659,,3.982955139704328,4.088390353419585,,4.29021959765797,Upskill_Same_Domain
7.447722428721302,5.981435203883986,1.6237180156676225,9.14234886322923,5.309309388034308,7.90137061255236,7.176671371974225,9.906409481458866,3.392706697684389,8.121099741898629,Pursue_Entrepreneurship
1.9622362107353952,1.0624960162201014,3.4923343460998364,5.484673153629126,5.575299634836965,4.440024797795742,6.410441904489963,4.252474394609262,2.663465978191932,5.4318205035558496,Complete_Career_Change
6.140244577645943,9.702415890318685,0.917062596623397,3.3728586216620187,2.91833868174549,5.967622822966949,5.571527587822092,6.681444195656602,7.8591564331271195,0.6634043509399234,Stay_Same_Role_New_Company
4.993136920032586,7.195369481631228,2.1467178383874583,4.264669627138449,,,7.222927140215693,8.947937465069032,6.160067858487958,2.5915448655254756,Stay_Same_Role_New_Company
4.804386700610275,5.475888519990937,4.703470089683453,4.92414048704494,4.966305815580481,5.6164705975789655,6.294720290268936,5.214021798966597,3.6049001993601264,1.5084232922263259,Switch_To_Adjacent_Role
5.625888001897769,4.048207916880157,1.7968139505132483,,8.228387846628134,7.572787696930396,8.283414859343676,7.484515893848436,1.644592715625042,8.105009874818991,Pursue_Entrepreneurship
5.1817843235194765,1.6629115239270855,5.953852338910999,5.667866780895089,5.239843099595204,3.3425352640499773,7.152641438621899,3.283824955029251,4.053698987381943,5.822912284560502,Complete_Career_Change
7.255176975188703,7.004133192283148,3.276661608407167,10.0,9.211252661566059,7.8804349194591765,6.404152174400341,6.173708921198228,1.575415064424429,9.578994626937734,Pursue_Entrepreneurship
6.412417638600546,5.922484077892462,3.418859755084736,7.994847205069605,8.905916101662282,4.264272587053286,7.232570293287672,6.89043068655052,2.5444289327444327,7.609419364525289,Pursue_Entrepreneurship
5.660830230098895,9.091899386672637,,,6.7730054224124965,6.69234352795253,2.6850404601674884,4.9557878804627835,8.216549247312203,3.0141618382712605,Stay_Same_Role_New_Company
,2.8368198164214706,6.946026785642589,2.9775830185855714,5.165464685664016,9.196786813252295,5.931177935237588,2.5433336745281507,6.302240521553706,3.547885962721939,Upskill_Same_Domain
4.817631075937221,1.0839644438202078,4.344577863303895,8.010248618102098,5.08021971519487,3.8512084865861995,5.162545992168164,4.674065413461042,2.805188191773619,4.649444208220369,Complete_Career_Change
3.1033883573036776,5.119234990600703,2.604299552121163,3.5364403950677548,5.652074304231053,2.5843240919064363,3.281145244086317,5.301648067782557,4.919328413263601,4.515331052869188,Switch_To_Adjacent_Role
4.152084815635098,4.933852349730088,7.309488787565546,3.7571155577932562,4.785271946205911,7.704528089982176,2.4916267102521905,4.516049094653982,5.55129345103407,1.7213453539951458,Upskill_Same_Domain
6.599335995243605,4.9535432301327305,2.477213277233169,5.819574757402741,5.454541004553698,4.014851869969706,3.190850308429358,7.143147139866027,6.411353743536858,6.121764910949231,Complete_Career_Change
5.094610840924013,4.0380370311124905,3.970764297929313,6.953664732989695,6.721590636092748,4.547532808763494,3.798079067829438,5.8007349182924965,5.921239823668085,6.11321086458142,Complete_Career_Change
6.854647986026856,3.542765090021847,5.650266419405352,6.368436804566899,5.356583759825134,9.361434080380972,4.323338938414725,3.9838599605476577,6.204653651502266,0.5989049696521849,Upskill_Same_Domain
8.486362532339921,,3.5036584863096683,7.510492713330629,10.0,6.96821263562941,9.316526481210342,8.661723607992272,1.3228279698377956,8.833176550513285,Pursue_Entrepreneurship
5.148775995941793,8.579893861926704,2.408521475556986,3.4067125071025774,3.3386811533844947,7.2243642930387555,7.052818633333565,6.20798909764547,7.345770176057153,2.871573981483306,Stay_Same_Role_New_Company
7.9980553500929386,9.884148241607194,2.512571903196124,5.484968013964432,4.189319103964324,7.030361910948922,4.220325716145476,8.106091401876867,7.972807595445851,2.2165621334642513,Stay_Same_Role_New_Company
7.35508019739441,6.1109827960833645,1.8400436043399369,3.6026434134822174,5.831606657028086,4.730427549951026,3.8110508381744435,5.918429310840722,6.800260874219674,2.1114151892092083,Switch_To_Adjacent_Role
3.3171564440891674,5.859296660180135,3.436284269299556,3.2894632143161586,6.0057488675638915,5.005950519150145,2.271031754670383,7.091438518006528,7.865508031385615,5.937161644985544,Switch_To_Adjacent_Role
3.568161525464981,1.146542092389612,1.168507147572545,7.031574136346217,4.4028327193146,3.9368570645609484,4.284862746979873,3.977530351801196,4.635896130273054,5.422649313227242,Complete_Career_Change
6.811576516675189,8.59605753326515,3.986395767396399,9.918123338284516,8.176546974090511,6.235317442795266,8.876910251264416,6.395388948169758,3.7418437223774283,8.736313745228145,Pursue_Entrepreneurship
5.279055872667419,9.392695900608501,,4.830966120051963,5.804836524004308,5.490814456697239,5.04208113094514,6.191519029632412,6.889212538951655,3.066095836744643,Stay_Same_Role_New_Company
6.239275180653035,9.251454844232894,3.3544388424617675,4.2700720651822515,5.9071618907000065,7.143797059352281,5.001741800780833,7.914839643846447,4.313866232897888,0.6570105787925593,Stay_Same_Role_New_Company
7.3347667850398715,6.894934370055421,5.944151509799104,8.955734090698398,7.7131440914751055,8.211686851668945,6.862496107307433,5.764152285518619,,9.232169209999272,Pursue_Entrepreneurship
6.052720188361684,1.3148389109806207,1.888058901073041,8.700750401979587,3.7247198957001086,2.2819574241405904,4.2034502637696685,4.021964711293136,3.117973033284336,3.8571245847715216,Complete_Career_Change
3.823048671182231,2.86830843545176,6.202103517679887,5.148729380933068,6.6357026195091375,6.959875621884243,4.837190482090605,5.435057807996418,5.501080003487581,1.7476683083895923,Upskill_Same_Domain
5.948381832948929,8.575190986460624,2.6042452082863328,4.467456393121598,5.120060249730796,,5.6201456653943955,5.999267973740154,7.55160158457683,3.7489545998728033,Stay_Same_Role_New_Company
8.567703514628494,,3.4525011225456983,6.154263420641195,6.783421558878432,4.763273067096805,4.17974992372823,7.3743460513137755,6.492231120989446,1.341853258093733,Switch_To_Adjacent_Role
6.564829497201916,9.12952343791723,5.856373699840988,10.0,8.493572050081017,9.292369063049058,5.63193991329002,9.281368053387748,0.7113823944006201,8.76635914521325,Pursue_Entrepreneurship
5.045695753207662,2.7726345885475205,1.5204404847432693,5.617382222306546,4.535162134912077,4.064740044878519,4.1204100601453195,3.08972578386441,3.451479607235343,5.086040578194272,Complete_Career_Change
8.247297444975608,4.931651030111017,1.336246530752744,10.0,6.801788044495966,4.713897223138202,7.293933892263584,9.099725368711212,0.35777159684349225,10.0,Pursue_Entrepreneurship
4.106899045911919,1.564589018354428,2.0757925078873827,7.367078779248607,6.630775531938886,2.3908649146988417,3.613083065027035,4.7924262923307746,3.2458692485497505,7.88735081963745,Complete_Career_Change
4.301169772963005,0.3710949061725426,3.6676233276594763,6.552801328698929,,3.046587364918536,3.7968330026583637,5.44828122232016,4.271185194915343,6.499028858542778,Complete_Career_Change
5.444315467158646,,5.438452811649908,3.256555442350729,7.177695669141663,6.254626687576312,6.7503187790812555,6.3115753624930795,4.736964639249845,2.1342618855129207,Upskill_Same_Domain
5.560064258559439,6.9053354580696,5.215641389329619,7.184596406747842,5.3689887092702175,7.30309054888149,5.296998886252018,6.8220890503355385,6.366714258085343,4.321108719729426,Switch_To_Adjacent_Role
5.829521210735652,8.453408662260184,5.536316328164189,7.700074687769879,5.090195475672612,7.208247771312198,6.399112204706301,4.900640657402448,7.932991484403732,2.4663782976599866,Stay_Same_Role_New_Company
4.732923306981137,7.714714998104118,6.391462165707631,6.588269495819934,6.067375088749542,6.978413047442874,2.7140454968801175,5.877679694063706,5.052456555857539,5.08113766078022,Upskill_Same_Domain
6.032667324580843,7.714083466153764,3.443961291197844,4.983179601465335,3.11032093608888,5.358893911485685,5.0382506482604645,7.337415195669163,4.621556417644096,2.9494445537420537,Stay_Same_Role_New_Company
8.380209367314096,7.9012725324059705,1.5600092310430451,9.714714339276851,,5.6566798881799425,7.8402699231323565,5.745524171717687,1.39360803896007,8.461984147399042,Pursue_Entrepreneurship
,5.041542675161722,3.8332879352134652,4.852881067352434,3.68351099319539,7.1645757233610015,4.241215536151964,5.313046029549817,8.28817850294132,0.7601028652790021,Stay_Same_Role_New_Company
4.745348209097917,7.05720611610352,,3.932197317008298,6.090035964857249,5.826194668486866,6.211044916736517,6.500436255937622,7.2963707330444825,2.4470087160239355,Stay_Same_Role_New_Company
,3.6945442084527995,6.013747767187797,5.5339620379309995,6.640440998128984,7.261132101919907,5.044308490711547,4.240189719268538,6.079862777880668,3.8501821019056495,Upskill_Same_Domain
6.290003665412858,9.863178858588025,3.1189762316251706,5.7550102239287355,4.926181847289501,6.778470144486534,3.9866728842569543,,6.3930016540585015,3.365260807207458,Stay_Same_Role_New_Company
4.985436508962213,8.662766920108954,3.7174164029906795,1.207692155093814,6.547397414563153,3.0380776650414196,,7.332952444535081,7.0875272571718275,0.5939582227895954,Stay_Same_Role_New_Company
6.50938399374273,5.642015971315691,4.849763178699268,10.0,7.386517611656654,6.687079540443457,8.179535765370966,7.166772734599753,1.5580232688341762,10.0,Pursue_Entrepreneurship
6.6154004841626435,3.8916675849044013,6.060614895632224,6.260590605157309,5.359921913039125,5.361682647754238,,5.143410695880288,6.188642628418178,0.24758369424331494,Upskill_Same_Domain
5.3282758834123785,3.6991924532070692,1.8076290988021255,6.466363106776331,7.768934553803184,2.020153606807189,6.126898921934812,6.716656119727098,4.618116368545898,4.6058502278864175,Complete_Career_Change
5.545768190011611,7.4416357448433565,5.603377815104707,8.619033435577553,9.659251970279083,7.609746652769916,6.359545826517262,7.013596427294028,3.4725909979386467,10.0,Pursue_Entrepreneurship
4.532841680427907,4.705479250528428,5.981365794134516,5.766195239087333,3.899484253952861,4.773086232897958,6.570067978547134,3.7139761424948197,6.261025291166929,2.9144556826061603,Upskill_Same_Domain
4.310206562500679,7.274875282625653,5.26164737512285,4.705602705105651,6.141248131990829,5.360206132454117,5.720629006022108,6.299873993094813,7.555241330981321,4.098019406089881,Switch_To_Adjacent_Role
6.534646952601063,5.277762644645523,3.326800328514704,8.267804799970985,6.884055869369998,5.356221052423956,7.1636515946652395,7.033031300852212,1.0148642816756546,9.701560133196468,Pursue_Entrepreneurship
7.690182497117555,5.258856755553919,2.8666935950954895,8.218381534461003,7.549172866312029,2.456643381342423,2.794399981048872,6.633344588014925,3.856185014734899,5.2055431802262735,Complete_Career_Change
,5.890124154035084,4.8776880578633675,2.904352457841503,6.84392201832057,3.9628142561316313,5.431594141494015,6.320688094493967,7.4099623089029985,4.716201695161603,Switch_To_Adjacent_Role
5.690374132832935,7.653696262988358,3.3018208565141327,4.278074615535279,5.613000079308681,8.316530563165777,5.202058125969006,6.457283330918965,7.569101951851228,2.5001097110188386,Stay_Same_Role_New_Company
4.839200577434431,5.828733416574437,4.269540660496665,8.345817816437918,8.510160575432947,7.102442912614174,8.881006100853769,7.035647698495065,5.958923269614489,8.766164659483856,Pursue_Entrepreneurship
3.478876904996191,5.233154268980053,2.5228062782397105,8.30296206723277,6.638352191409291,2.6364995665240265,3.0321098853680315,5.8279506246352675,5.385827724305848,2.278303129500045,Switch_To_Adjacent_Role
6.734452070781977,5.3196522562417226,5.318315862122694,9.446149342281027,8.262402514072942,7.206785387934686,8.181678612694096,,0.7935029834234835,9.984982023987666,Pursue_Entrepreneurship
3.4774087648355843,8.164208876372752,3.882585286668331,5.158366732587897,5.1438107056338955,3.579499919387468,6.850023694365106,5.489031181138161,7.777621986059948,4.06714722878151,Switch_To_Adjacent_Role
6.080659969862574,7.483924998534183,5.56351104849699,5.445413522023171,7.014427778744566,6.706065119416567,8.344272668060649,5.024997742876935,5.340379250679447,3.60204523700206,Switch_To_Adjacent_Role
6.014853872228857,9.727648767568086,4.113832177336485,6.094366086957081,5.720351451721322,10.0,4.7332898044741425,3.395421020313532,9.585530669972282,1.9049907397561268,Stay_Same_Role_New_Company
4.6772704075781695,3.0706644325436403,0.8984686112905378,8.310779224422848,5.352349849535319,2.5865940819351403,,4.394527589073028,3.077292776095119,6.734583873661267,Complete_Career_Change
3.2682473417671787,2.2341219990748424,0.8599524188828618,5.097768844252958,4.589266818856248,5.961290380145163,4.148270438032741,5.285840571930375,2.832454873442527,3.172283674712533,Complete_Career_Change
5.878641963303077,4.584965829285171,2.7984627659383587,8.445206380972904,4.3392468747162045,6.696667956471725,6.839633491586028,8.527014428195383,2.5498749598638732,8.580071339570914,Pursue_Entrepreneurship
3.4362593291493084,,,6.821346108975508,9.139606388388502,5.023317568254321,2.8332146871126915,7.169999563758653,5.0549975533907965,5.689151009719603,Switch_To_Adjacent_Role
5.939307071076284,4.380999649246991,6.344912984101378,3.533943470179214,4.342663059486032,6.969301434720872,4.931054461626478,4.377940625526125,8.402860913121472,,Upskill_Same_Domain
5.903884012746321,5.694996549922833,5.931743520818603,7.931003915406626,6.56431113556415,5.5328406028977035,5.57334867673296,,2.2637743303951727,10.0,Pursue_Entrepreneurship
4.8642656465236245,4.006441118824215,2.2385229688058947,7.322940378580828,4.423987343220455,4.987684064923586,3.361408059769981,4.367650914841002,3.5013613419072978,5.657591438796164,Complete_Career_Change
4.482932996753146,5.714910051674101,6.33010944192506,9.170840797654428,6.765959593924535,4.714508141995303,9.294397446050047,,0.0,8.298454613306996,Pursue_Entrepreneurship
5.759246448380361,7.312215217223967,3.068843063329185,10.0,4.469674394955348,6.272790842463858,7.277238960358428,9.765302394345127,0.4802182559812127,10.0,Pursue_Entrepreneurship
4.52142250593799,2.8817570784972215,2.744558137454151,8.283145201759812,6.7861748751217394,0.6124748362146062,4.187351353972887,5.673275444631573,2.966406431649281,5.547063431037775,Complete_Career_Change
4.342996077379842,8.12327491764949,1.4037097841006037,,4.506420587897375,4.6562869446567525,4.022190871512223,4.818166244815638,6.367419106366442,5.101252032067199,Stay_Same_Role_New_Company
7.188741975931789,5.892243602734574,5.033013556008191,7.512149197338776,5.1019456113789055,7.567628850992436,6.192618057706495,7.415101248184875,2.155515120634659,9.822555426931785,Pursue_Entrepreneurship
8.298048903390011,6.103152249267235,5.057286560096269,10.0,,5.941161065780169,7.753900510559234,9.069194753880625,2.6888577144798886,10.0,Pursue_Entrepreneurship
6.010426269122612,5.066779083496953,7.627656632808262,4.431462211194622,5.818065884333582,4.587382754621023,4.926961834765893,3.497488409270071,4.853177617850182,1.538617326386331,Upskill_Same_Domain
7.853831710045009,9.116251728891351,3.9039654021965755,8.661311567064931,5.809705751326633,7.905551617719223,7.65409451388024,8.346646196513888,0.51913851499008,9.957085445734709,Pursue_Entrepreneurship
6.195024537375662,5.672170856824249,1.762942893966831,9.701654872433256,6.595332746704947,7.971260209698708,9.211371932210454,7.255710465299093,0.6696953350043402,9.478291802987812,Pursue_Entrepreneurship
5.96459345321795,4.036594883291464,5.424715594799518,5.962412686416036,3.2086747352579073,7.00963951747478,6.954456688161331,4.7669623869268944,5.991707676959915,3.5334793134729994,Upskill_Same_Domain
5.928584673936207,9.472496766675466,,3.151707255852055,4.593937925847369,8.765557424627438,5.660502836758785,6.253841940923705,7.217009898534946,2.001058796579931,Stay_Same_Role_New_Company
4.3796313823716755,3.8656937448784516,2.339865615513423,8.295053174527048,6.872316155374301,3.411827558633468,5.919478366490408,4.013319676808971,4.511314486035806,4.9927331175835095,Complete_Career_Change
7.020394428448295,5.023962244720336,2.2183473154293014,8.2065298790445,10.0,7.822927232773043,7.856895288244365,6.230714592759241,3.1846260412789995,7.734998743392071,Pursue_Entrepreneurship
6.750623350775025,8.060524715326219,3.9904112062552026,6.528158549461414,5.250147453098636,8.471667974938432,1.9524127380747194,8.06758798729083,7.987580797460042,3.9011963624687365,Stay_Same_Role_New_Company
5.674791926798356,4.789145482041995,3.1790258057109764,10.0,7.171402492308953,1.6525248365012586,7.894433481904194,4.253352658979615,5.444207219762256,5.53483147605527,Complete_Career_Change
6.350139436636112,4.201779232763222,2.2559795201906634,8.561097806176143,4.567960585421751,4.9975450455049355,3.75578146112505,3.4598932914309284,3.2587347183347344,7.320614181357113,Complete_Career_Change
4.351581908102804,4.4254211744802525,2.695636801532214,4.755100634556301,4.448198477283533,8.402542750738661,6.558075787471702,5.778495049637056,4.724898232280087,3.302466054639936,Stay_Same_Role_New_Company
3.938519012257033,2.226927495102341,0.8164484201191806,6.249797801620324,6.83815457896176,4.844153848491405,3.1355527255045565,5.878958515890097,4.090594297461748,7.4628521309502345,Complete_Career_Change
3.4551072487050263,5.419240252940947,5.409333225483116,9.622509461106464,7.658122681506863,,6.016510717471371,4.874970552241034,1.4804271950811008,7.454161838239894,Complete_Career_Change
5.032398337209102,3.790680489177623,3.9945585176787075,10.0,9.146071411522941,6.2792197989412735,8.051865774760744,8.44586297967679,0.2210952870472802,10.0,Pursue_Entrepreneurship
,7.6468233012065205,1.5020765063402022,4.687431643808554,5.1326406864127465,7.102685331242013,6.473784622383712,5.530348447495521,7.957644813343801,1.214784705735012,Stay_Same_Role_New_Company
2.4095223607510246,4.979786978697211,4.179666668159264,5.746526148044277,6.120893948683801,6.526176522370617,5.790987257358583,5.7214425746791955,3.5997618855433755,3.4078743764887376,Switch_To_Adjacent_Role
5.478512721155134,0.2868921905016606,3.1464735784008635,6.434742330422213,7.663594420372517,,3.0392910495850183,5.098545925347028,2.308894498597657,7.149628683863064,Complete_Career_Change
7.543924710537457,8.263607562728078,2.34953059938403,5.630709446309459,,6.998189553123646,6.281977212048998,5.2748972502137494,8.547382231015252,3.380621779299993,Stay_Same_Role_New_Company
5.544431030441946,6.390799248793897,4.720039216362482,5.827000625385353,5.343889181410632,7.293782028680704,6.572376913175752,6.620633745466915,,3.4976205091056576,Switch_To_Adjacent_Role
6.804167630503076,7.06851836144128,4.749175949233674,4.69568739252981,,,5.368272837595839,3.8687931228960606,3.3468834941582246,4.413778563449049,Switch_To_Adjacent_Role
7.655496912510758,4.156450846345973,2.708468284751656,8.572595249926797,9.5978761027107,8.370564713820704,5.366906955778607,9.256751215378232,3.754246282078789,7.973789176170564,Pursue_Entrepreneurship
6.058921609280368,5.567202733824373,4.651907923943666,5.127426149292509,3.710212246757959,4.356213769233042,3.626287528327413,6.222158055315427,7.598964613154003,5.62315218308766,Upskill_Same_Domain
6.404155057358933,5.74549352426034,2.904865658144187,9.5624529983536,7.08746175080268,8.434764331981192,7.2655160717132015,6.245958350273433,0.0,9.276257739117117,Pursue_Entrepreneurship
6.9708326619143826,3.9584843897963626,1.7392607005153344,5.684065217932378,6.597779398404275,0.9873432747302497,5.943200350647481,4.722336304751788,5.880690416750621,3.254944868750594,Complete_Career_Change
7.991312557781368,9.309764002282527,2.6663496486803213,5.975158355778028,,9.548629981017935,,4.795506955495704,9.430394422754006,1.1242346339110716,Stay_Same_Role_New_Company
5.529698379322578,6.7765412752975545,2.4168665295631393,5.5880341358360806,2.964513206165331,7.828712173446458,4.299597287096934,7.492156458953632,4.3874616036293865,1.4774644923645806,Stay_Same_Role_New_Company
6.088287119920136,8.712566893534856,4.16428681630865,2.4032932992431824,2.812975573671665,7.273378678411991,4.070660469533237,7.7056328408858885,7.090273293149209,0.0,Stay_Same_Role_New_Company
3.90840556694506,5.399865136202771,4.763434960268293,6.773438195629843,,5.710161102293419,7.858502209527032,5.97712269196767,5.098856970014821,3.7741088938291916,Switch_To_Adjacent_Role
6.014303825382484,6.483070140988894,6.268948524443208,9.738255900345097,8.964081101311853,5.4281640542914795,7.335130755651159,9.086970375027523,0.8459463844801001,10.0,Pursue_Entrepreneurship
5.555201242048339,6.171011584717579,0.4289262189227334,4.6599695286136775,5.073445699591202,5.328030952278572,4.955182675454977,6.069878331887653,4.6971895921228075,1.3103379426766484,Stay_Same_Role_New_Company
1.9662498604066982,3.4191633720194687,6.210719351126493,5.040365760913052,4.315766475793018,6.02451626523821,5.0979421176314235,4.870767704275485,6.1588783914631025,3.04903976568691,Upskill_Same_Domain
7.6255493794126075,5.748774991118617,4.5205127200594415,9.968769070920828,6.4419778323927295,6.081097112435911,7.746644032958228,8.675315647861837,0.48425599573461975,9.242668078484474,Pursue_Entrepreneurship
7.570083260177492,2.553226176154184,4.639608025924855,10.0,6.750712178184428,6.4407529998545145,6.103621448588125,6.821988744349175,1.359660947449715,8.612306343194822,Pursue_Entrepreneurship
6.593807808824635,7.139496276613353,2.5280299994654065,4.503740737802172,3.4454084607342486,7.633064225021256,4.3897769577364585,6.0162423543459935,8.124970656577682,3.0804905288389275,Stay_Same_Role_New_Company
6.660203199197009,5.762930752906373,5.652600365333969,9.00713752979726,5.868828278191576,6.66447146512662,4.781592303922383,5.925806814240465,2.826157758598897,9.178457428060238,Pursue_Entrepreneurship
5.801720707811934,8.498412023659544,4.299771520983383,3.623903093428068,4.837488260584549,8.925892211956665,4.033335302543667,4.9310749775225835,7.762998049380552,,Stay_Same_Role_New_Company
3.126881509535245,4.413866994547154,5.820753154375093,4.597405202136095,5.851029692524278,4.9564799582190435,3.692965607097555,4.745324252434583,6.084592081153129,4.860920248105642,Upskill_Same_Domain
3.652518185574234,3.106992950179767,6.537515281037155,4.320975126985263,1.994222523568229,4.607776002294283,2.5085535611000975,3.3521365220518335,7.53875032832223,3.2846205011931264,Upskill_Same_Domain
6.992733351870784,6.704853871441533,4.318086503133555,6.189169246936274,5.272541552271568,6.859332156272045,3.8750543182676154,3.891497335120728,6.798772159760217,4.820609826487292,Switch_To_Adjacent_Role
5.3702150453559145,6.743416937427723,2.4016403834325226,6.464267279152717,6.919058705190714,6.132864111294069,5.180845261690069,5.875351316664238,4.914693501397048,3.9064018298282748,Switch_To_Adjacent_Role
6.268220371414138,6.936061633646509,2.390956449213538,9.924683090231746,8.258351186013984,8.650122913449183,8.657057853913184,9.189971858740842,1.8564515293390667,8.37852858568082,Pursue_Entrepreneurship
5.627336358345616,0.0,6.497699421524689,7.841418575227978,2.5391145964685986,6.186219708888224,3.9897157128378558,3.8986423417264495,8.347286515326672,3.614186318661891,Upskill_Same_Domain
4.513372745538718,5.123960754185953,5.870201013967132,6.850788822841839,4.2964998489703765,6.191011270073136,3.777658241896949,2.7883661427445867,5.6522550992137095,2.310133043339179,Upskill_Same_Domain
6.385353956324056,1.837618533145406,1.1614874059353675,8.156257459525309,5.638261950122147,,5.4664288936617424,4.263625545604166,2.0490596095103615,6.001564008233571,Complete_Career_Change
6.341493188332911,,4.353992249717276,8.155640262692772,9.951399165521266,7.208786486193275,7.802746312071093,7.7564040406291594,3.3037828296325014,10.0,Pursue_Entrepreneurship
5.526727682250316,1.8341922023302972,2.8871717752325843,9.453062112658793,6.2666880935017355,1.8769076834357938,4.764160439530835,7.657144062576392,1.8263919429497257,5.538642060377729,Complete_Career_Change
4.610077168566259,5.111980657939273,5.998564817467143,6.2748981980730925,4.78236785228495,5.298326929465229,6.758995650804677,7.906063665513386,4.938168866948667,3.9448360468971595,Switch_To_Adjacent_Role
4.078024035333881,3.078935067135406,5.272083467329982,6.765008000055103,4.899633996442231,,3.659079083901969,7.679772194869437,8.696513635500352,2.0626192507615695,Upskill_Same_Domain
6.836469635018938,,3.9600330180613112,5.24076186681139,5.654861108176161,5.913398302738262,3.9804639384102662,5.837442259382151,5.2068714741257525,6.989563290499291,Switch_To_Adjacent_Role
5.3100517589270915,10.0,4.370660993744954,5.505187698813726,7.346036293123236,3.106652982519301,5.1226162032954266,8.592757043085395,5.848940930332319,1.7467086419574973,Switch_To_Adjacent_Role
5.2638166097446915,7.188015569320267,4.722690747537291,5.4293769293015695,4.724746056692288,7.64833527339064,2.2606499484714053,5.943926333466821,10.0,2.6720504583234743,Stay_Same_Role_New_Company
8.566794904073879,6.5398118993301075,3.5024740975901594,9.189618560072121,6.16513382219444,6.432196911187842,7.083899314430278,5.879167917117153,2.5035602623927433,8.842703486603327,Pursue_Entrepreneurship
5.347902761740449,2.2533331847916815,2.2598115183157996,7.194588573825658,4.549285983831217,6.795284978749548,4.21401180697261,5.776010290670024,3.064951285013913,5.038807225937871,Complete_Career_Change
5.9088500147895875,2.75538945610329,6.0313006284290855,2.7039470744121985,4.264414225802877,7.587999621311363,3.4345539511230117,4.1762548822730565,5.531265982215133,2.1571340622875965,Upskill_Same_Domain
4.0372200077077185,4.958189412989098,2.889495980733104,,5.91429579176061,9.186942223344685,7.556579213191462,7.339909823911024,4.070527853917611,9.479138088691647,Pursue_Entrepreneurship
3.8590684680028557,1.1070278567726226,4.582142033319929,3.5347895714493482,4.596416029587829,5.27100251683224,3.3325124168361584,2.907070113942621,7.222448068090652,3.55342897296038,Upskill_Same_Domain
7.6301230549474,6.701850483424002,4.355365067197013,9.14130857001959,8.666607812922473,7.934234905903888,7.843061521415013,6.5981087167877455,,9.41288968259149,Pursue_Entrepreneurship
3.7962913379336567,4.353601438948145,5.183184018995063,4.138123627608572,5.073766300288934,6.046595514438307,4.293877465832633,6.570546992825439,6.776583561316903,4.533139152634968,Upskill_Same_Domain
5.781053713738701,4.718915301417529,3.2301305337833455,6.7737365048434075,7.437789957666349,3.1795707149426446,4.712625414813848,3.3189913095794727,2.156734404462222,5.566802671567042,Complete_Career_Change
6.6109079979465655,0.7717126409388697,3.240737333317497,8.840980907491812,5.757709816856183,3.8213189092389395,5.043984179680399,5.448262201256725,4.257058389577259,6.229664684321582,Complete_Career_Change
6.142330967281214,9.462557098220433,2.9825594769977486,2.0614608154607916,4.7520114015650865,6.788361304377611,7.724798375293071,4.105720713204577,6.992119116621046,4.717608484707934,Stay_Same_Role_New_Company
7.251848745224282,7.0580056330269585,1.8901130106363646,5.597617741519484,6.28511921520491,7.052333452600601,,4.231664123823875,5.644722677157887,0.20209125317880483,Stay_Same_Role_New_Company
4.021170462036787,1.428940991888374,2.6018168992606103,7.236323647242,5.81608757829415,3.77286461086202,4.529129413285813,5.702170257045691,3.6941303339330975,5.130342638414074,Complete_Career_Change
,6.915447448660117,6.52312702093643,6.937592984639729,7.400338917811497,4.4000672229694695,5.307221566636661,4.773892098319793,5.703904790744255,5.003874920558256,Switch_To_Adjacent_Role
5.8209237329863175,8.448576819447258,4.548723845208722,9.690798431011718,9.78654930596528,6.416219887182033,7.385038560625039,,1.7759443860703483,7.564394218884028,Pursue_Entrepreneurship
6.454065082017867,5.547211145106877,5.081025429228964,10.0,8.909444851120925,5.458886876258011,9.196384323197627,7.034684169543062,1.0184616011917154,9.279873994200985,Pursue_Entrepreneurship
4.998119729453051,6.233708413886796,7.022220768779054,6.078923912740127,3.706210384810481,5.818562221868497,3.694006009343113,4.313355559370387,5.689567554856243,4.645713714523864,Upskill_Same_Domain
4.335813539703322,2.208823187130498,0.0,7.10751282125801,6.1184169568205355,3.4669354974270097,6.783044488510681,3.4887940890771407,2.7673443917648965,4.323665607018391,Complete_Career_Change
4.851381185049471,7.156150129904054,5.267177359612556,7.7030516007270355,6.636645156980304,6.905787232118291,5.952781124668795,6.345187243851414,,3.6915623651733775,Switch_To_Adjacent_Role
2.212118466456621,1.965333087149479,4.834621297038447,,4.907207485587133,4.940777626428754,0.0,3.1429146930336946,6.386582457962155,2.212915665766445,Upskill_Same_Domain
6.994189893245164,5.941847185555772,2.1732863311199515,7.255968585305338,5.018518207440561,5.9446044946473275,4.158302742976625,8.137592223303798,4.860465728561844,3.561341319661973,Switch_To_Adjacent_Role
6.8523034795227975,6.590006190832891,4.836266990949308,6.331328491793332,5.376851118693921,7.204402696467051,4.728258067164354,6.8820811368200365,7.01798837969932,2.806240831831862,Stay_Same_Role_New_Company
5.285581592530892,6.5404010380477065,1.460633168532246,5.1124572044979,5.4251128294261095,5.969716420404711,5.034560943723928,6.741698146980031,8.30364792906489,4.517444156159235,Stay_Same_Role_New_Company
5.186986140473702,5.5232832632113995,2.957598912948014,10.0,5.3695864464651715,5.2567632054334466,6.7309900456261165,8.387830831079823,3.6029783572696044,10.0,Pursue_Entrepreneurship
3.443878493876502,1.136295802737481,6.470762468725507,3.068366132945398,3.1050997996721392,4.715731517673284,5.010561581559222,5.4249027470378115,9.35564405840242,2.1085813926051347,Upskill_Same_Domain
5.64779343079485,6.792314082730247,1.8713485401669863,2.8738977770047844,5.308033195009735,6.891516581805428,4.428015984111378,2.157695528351409,5.87848728939758,3.957092846824117,Stay_Same_Role_New_Company
6.261076167269884,0.922316388419115,2.8912730567696068,7.70578614838329,7.248591600713171,3.8269285667419894,5.528470257356826,4.776113820477673,4.06471028456024,3.546176586578587,Complete_Career_Change
4.930214364745321,6.6507045081937886,5.860472919538022,6.881334689824188,8.829022493781427,3.7018122295306135,6.979627380764032,9.892670685915354,1.5731787369332733,9.616919914567289,Pursue_Entrepreneurship
5.693415483041564,7.601293525826281,3.136097038854564,7.2055626878621055,3.257536929572435,8.00081396097196,2.538877490390463,6.2824551056972116,9.54760767589135,3.1352690818074995,Stay_Same_Role_New_Company
4.78446518236084,2.323864243377463,5.564449270444086,3.825501092734469,5.1037849447440475,7.822128348343648,5.28838669808095,3.4043440461171057,8.298008276009899,2.9426893217598638,Upskill_Same_Domain
3.929022604321535,2.112016396862861,3.6356464632322734,6.83129427423134,6.308924027154196,3.9834171343743754,3.760543528892285,4.315949430210567,3.881317133191161,4.230045422696326,Complete_Career_Change
7.423467485746215,5.858902377509296,2.978464849802395,5.328813124080039,6.93048188490639,6.378288623113822,5.728427931701934,5.665222441417271,6.745371211224828,3.1633705375641576,Switch_To_Adjacent_Role
4.530048572174456,7.1305784837028385,5.53164030866234,7.373301261840148,4.5182147547578735,1.9386069410236768,2.7029495324309294,7.8481150715068715,5.478368578884229,3.0240579962553538,Switch_To_Adjacent_Role
6.95331259742423,5.589823998379263,3.266750067806879,9.732591873906637,8.146851757102453,6.549823467574695,5.349713985161103,8.093291640993288,1.0024746485262104,9.778643397981401,Pursue_Entrepreneurship
5.829165863383955,7.1637839228940345,4.355317633497936,8.910481166338752,7.358723688211544,5.1002139058678795,4.5865643360508095,6.610605735330959,4.91057506544661,5.516174798492233,Switch_To_Adjacent_Role
5.942232981984339,9.677732891017527,3.5342773499711377,6.017326473429707,3.8288339061040526,7.681136240450472,5.9473285042966495,5.250358520096199,8.227402481801017,3.236044086147283,Stay_Same_Role_New_Company
6.971453666486492,8.074633092869606,1.5474741173333426,5.539001170534714,5.752260123959717,7.114351765230302,5.285460405333928,5.663682327808551,9.421762616430877,1.3291001611735205,Stay_Same_Role_New_Company
6.019084181856624,6.973017739972116,3.1689088104158962,4.909261578509221,3.2664833856455386,5.086643943278559,5.7346993924527006,2.6175451904328044,7.767033685049638,1.8784920249200283,Stay_Same_Role_New_Company
8.028190908945636,6.406301888177353,4.617261219722019,5.100380565998122,6.438956391331403,5.005437410723385,,6.794302547772838,3.8823031654216105,6.076136217806278,Switch_To_Adjacent_Role
5.309861621262144,2.066060799094359,3.589645837052978,5.852113150652681,5.015490960884031,0.8960651289618413,1.6603493129737004,7.337650132972067,6.20867771732957,5.620544066791139,Complete_Career_Change
3.8627630132820263,4.292881966340081,3.799006013794118,4.454455800323114,4.586418552232435,4.493688349523335,4.427339780897609,7.71925563098006,6.860531866259672,4.020968239858805,Switch_To_Adjacent_Role
4.985306646266223,7.890873453246748,4.488890475217002,4.909487057633727,4.6091843506672685,4.772389647505243,5.469557249270195,7.739654972820249,7.368149916638922,4.592815836741867,Switch_To_Adjacent_Role
7.06221737710894,6.156923460431351,6.566648209658846,6.126411082164108,8.110143256078445,7.008346310081658,8.560371445083558,8.431404765603531,1.7855107248242699,9.724446670313782,Pursue_Entrepreneurship
8.391796915310008,6.595271209660282,3.0118805874381573,,6.424186285177022,7.5466266165568,8.169942200294587,5.722692389352011,2.2276942426015056,9.347154764605305,Pursue_Entrepreneurship
7.096674999526633,5.341579750649302,,9.60536411296186,10.0,7.4031337550430925,8.406994450718308,7.877551058684841,1.8711718305714464,9.163570985536163,Pursue_Entrepreneurship
7.1769654007475365,7.253370850535243,1.6701725552523965,9.479604009204081,8.90813778929873,7.77468436079102,6.958328767721113,6.273454719324015,2.1052715031549862,9.822120576500945,Pursue_Entrepreneurship
4.738805624453164,6.845995647571073,4.736519637216302,4.751252817296422,6.824967809686524,6.424703574540161,6.891559249151925,6.1709315618470875,7.835697470319504,4.534133428170875,Stay_Same_Role_New_Company
6.220618508685655,7.429229916863581,2.4870552925697877,2.232042744039977,5.334932547197509,8.099128041026411,2.9516948746782004,5.140158040001139,5.995295978096551,1.2450434467486073,Stay_Same_Role_New_Company
5.311912953654871,,,4.66416547840884,3.641119973096654,6.686291519242005,1.693674293530405,5.390440923651511,7.42051630854004,2.9251789387943052,Upskill_Same_Domain
5.753995190720438,6.470356827986477,2.2364201937791517,3.9947700098579717,4.34639297139681,4.245840024085255,4.163028781835747,6.825123834717005,5.78039209677784,4.255312986513244,Switch_To_Adjacent_Role
6.597195040663334,4.956471314162161,2.6735724720627116,8.68709020266661,8.454234507423832,7.241297559998276,6.809515129135134,6.757250124771785,2.8265572408453985,6.384243499718588,Pursue_Entrepreneurship
5.124547478206922,5.818965494152354,,8.340114034201708,10.0,7.303762866426923,7.419644151826036,9.048106357535517,1.5252224047095146,10.0,Pursue_Entrepreneurship
6.782035528992993,2.3636853958820563,0.0,7.574265897489629,6.260918915610081,2.6554608831178474,4.69173785076282,4.530676034855821,,6.372930363512069,Complete_Career_Change
6.112578737537787,1.370071318650152,2.1613341995403657,8.732204797439271,7.933317351495649,2.9978739762760087,3.8713351977498958,7.8357885320420975,3.6251396246996643,7.870370564510493,Complete_Career_Change
7.050557495706197,6.058514008138752,2.4956220560780444,8.758876031324467,8.263758567310996,6.351261968485884,7.07770384601658,7.274623087998662,4.744988130703135,7.115736381764229,Pursue_Entrepreneurship
6.943927869880235,6.789604465675266,1.701111641269684,5.047847148826041,5.224909281547894,,4.765600870295605,6.018293707735556,7.220306084497532,1.4425924639493206,Stay_Same_Role_New_Company
,4.094802359232273,4.6969999033542225,4.090796465106611,2.423344092483469,5.181592400217724,5.76844166076039,4.314772848297413,9.457949228931568,2.876047809955127,Upskill_Same_Domain
7.143217367321677,9.011129516057633,3.0858399068295808,6.465413569058443,5.607762144927659,5.88291979825179,5.4793760193072485,4.753452618922301,8.641985391699453,2.435096315717871,Stay_Same_Role_New_Company
8.187793205721714,7.240490752063414,2.2442849366303372,10.0,8.16175455917154,4.827395299136532,4.812882022557806,8.84938607702701,1.7658709087269822,7.829263279808662,Pursue_Entrepreneurship
5.505224342035571,5.184160816443412,4.0008556706899085,8.177236961160798,6.774486900242539,8.280830082037337,8.834003165003876,5.359039773336737,0.9363796267297144,8.89679429701259,Pursue_Entrepreneurship
4.901441073640104,6.591191524434521,3.4479863761754648,5.493064044674712,6.673530445086585,8.429973545444708,4.828102746509476,4.382532357480869,7.0851614238858325,2.782400553253682,Stay_Same_Role_New_Company
5.976578803505169,3.956936122829387,5.369962553499581,6.0944951692885745,6.516530272759939,8.131997199180088,2.890983003594295,3.8561767937482476,9.357856891409135,3.3134815996000286,Upskill_Same_Domain
4.500816512689713,6.838194460444885,3.661464772355866,9.604212520730682,7.805647809746004,7.235217549662902,7.440572355793311,8.52257965505859,1.7414397020494141,7.608243354711122,Pursue_Entrepreneurship
4.814539170169306,,2.7776751481625728,9.60781472956805,8.087628126519494,6.397881334117557,10.0,6.543918484988137,1.8447396117323736,10.0,Pursue_Entrepreneurship
3.92093117449887,6.928347873119291,2.4611131738217464,8.135554592518918,3.2695142303081886,4.0796794485015635,5.542582043941378,8.16350322694693,6.409555946951022,4.731715296237109,Switch_To_Adjacent_Role
5.817542447730965,4.293067939719474,3.719705056565785,10.0,5.085492757154871,6.53267640362967,6.832620600539126,9.555363289033437,2.5612893102053707,7.969617752744551,Pursue_Entrepreneurship
4.469458609818779,1.2600937488253863,4.160065758975212,8.207079363368836,6.427159643980735,3.176278289571311,5.053362956427795,3.5891385224394847,4.324281062902742,7.292552709488073,Complete_Career_Change
4.896070348858375,4.623743016067051,4.257729099459637,,5.162022379737011,6.171415002305247,5.398417312274313,7.505380463335679,5.768818324777863,1.671286580230294,Upskill_Same_Domain
6.39838133562694,7.866771562242309,3.396305490145917,6.630757700921019,5.188497697934959,5.9751335485500565,7.035513390564231,6.6612574059235286,3.694561099547415,4.5901943208810465,Switch_To_Adjacent_Role
7.25282207456136,,4.806456774763678,10.0,6.735288484046141,7.517571180110821,6.930443387423555,8.743841650889332,1.9199526611343551,10.0,Pursue_Entrepreneurship
6.356839798143087,3.8243003108578595,6.970343685522849,3.5223626607999727,4.285702303946306,5.373091932099639,5.606798027592411,4.904832151685879,7.4771695846851545,4.765639391236473,Upskill_Same_Domain
3.637645725836202,4.814549306728305,6.330920363166542,3.865458592059818,3.6555126776178364,6.663586871787083,3.4676947817339223,3.0579917263160903,6.567667864078132,3.4414704102317395,Upskill_Same_Domain
4.750444534798765,4.53552511401068,1.9565029823245106,7.732195393163218,6.788571104827256,2.863853494840253,4.405285827944971,4.653439649989921,2.832042471572235,4.9283600980717885,Complete_Career_Change
6.585412461456957,8.004041115241328,2.025242660230127,4.693421829172691,4.760571529530212,6.648798331861775,7.302743614947989,5.872020196999756,7.182935056769461,0.0,Stay_Same_Role_New_Company
5.819552874374215,1.7292247813719446,3.3905636527456684,10.0,3.8814730823704164,2.904773344660655,4.192033173152718,4.457785304715464,3.067416292171163,3.804498054728784,Complete_Career_Change
6.045304360709223,7.635112636130276,5.482329265227564,6.0152313430351745,2.4015946861554296,6.171713664243006,2.1146834637900316,7.910918400223601,6.2203160325512385,5.299576225833586,Switch_To_Adjacent_Role
5.054381641057757,3.270831181903026,7.442251445949674,3.352274831088119,3.7414196075716473,8.627352776044164,5.129156519054087,4.034587902341671,7.373594922536616,3.20122991788099,Upskill_Same_Domain
3.0909348235126544,2.2682105176008607,7.034097837331524,4.877065119162882,4.6033448820188845,3.129468529977051,6.672119916204204,3.3374463946003776,9.667356582720645,,Upskill_Same_Domain
6.547682116442335,1.973686767955598,2.739531789125919,6.4832987642311295,4.7109845936528965,2.5098088225527304,3.931154700920632,5.324487320319425,1.014640292323044,5.439740186645005,Complete_Career_Change
4.543522412674585,6.911756089848274,7.6988827133799305,5.5127664027728915,5.592293130052433,4.919933156348559,4.365574127969485,8.007784321554276,5.125137676954296,3.3836953846237305,Switch_To_Adjacent_Role
2.9796975326731925,2.828505435410893,2.440509315573919,7.668956179750795,6.046318627537737,4.336920834835107,6.238546193379006,3.4666403642893577,3.055201963849454,6.3666042176516875,Complete_Career_Change
5.440650469013449,2.0345294370261096,1.9101149448084298,5.763119718427973,6.10093274948532,,4.081857146765446,5.258401880735334,4.472402941556667,6.4120351135226095,Complete_Career_Change
6.729160146446642,7.168860529198846,2.086048199416208,8.629112388896186,8.577899283992856,7.085280192845373,9.407533955700725,5.451299634357007,0.0,,Pursue_Entrepreneurship
4.327255520364633,3.9817402847099292,4.338980699383518,5.956315528057015,4.860996925995685,5.610059664952593,8.597666659641938,7.0848832115797755,7.364348187622315,5.0971179590193625,Switch_To_Adjacent_Role
5.301920570541014,0.4023332444527479,3.043635770062794,8.209362839567172,5.837333563281841,2.422584323268038,6.7854711039075015,3.6091509123443655,4.3590038683407135,5.760065687783116,Complete_Career_Change
7.536574485959324,3.5637794925905593,2.1599697191801255,8.331454419357806,10.0,9.180645168018547,8.418434082536276,7.963505091784085,,9.703785611744909,Pursue_Entrepreneurship
6.148920449640549,1.9958461090134447,2.1095866348906056,9.297025679665404,5.540020951162363,3.1776771527485135,6.933905078327389,4.938019013901966,5.798952927067999,3.6820905161029973,Complete_Career_Change
6.883472335515411,6.895195211272554,5.269664980971569,6.051106985831585,6.50985000852469,3.2103237739646917,6.122013773458962,6.230255779006539,6.815242480193915,4.494030288763197,Switch_To_Adjacent_Role
4.219945480468905,3.139759322355412,5.55603204130418,6.741061976561021,5.360788865937784,5.771608990032405,3.9111478751294477,4.463192663652053,6.0016579361378035,2.000130716932989,Upskill_Same_Domain
6.2344228496108585,6.22221988246679,2.9884390055812307,8.405536019087533,5.042816806506329,6.508477990584883,1.855801432495571,7.659412147615208,7.909392868050956,4.03878392326463,Switch_To_Adjacent_Role
4.458481207231109,4.6156089163127785,3.6489224243810554,7.12375759602468,6.971076131078883,6.512980616399185,9.202588922666703,7.685293812978901,3.3382584488830416,9.892177134452634,Pursue_Entrepreneurship
3.639963114350235,0.3096783138381376,3.5813808877252935,6.7891880510565095,6.429504082352777,5.611618979189861,2.7983981800904694,4.941321405333301,3.2780976099154695,5.9936657383163485,Complete_Career_Change
6.338521696109578,8.67090862300701,4.101985170011285,5.919835085031497,5.901703062911412,8.142038132123439,3.669257909790142,6.264169013412077,4.960445351013062,3.2888938629015065,Switch_To_Adjacent_Role
,7.258398445920024,3.886952031712173,6.44175114683756,6.098284231265582,6.792655608561613,5.107533662422146,7.833210593892517,6.402236691687902,4.811439554210392,Switch_To_Adjacent_Role
3.879973454858848,1.9485981642997745,3.1823574736120923,6.052316318900659,5.857674817510812,5.41587833908737,,6.621654237870785,4.973683065407798,5.510059834748105,Complete_Career_Change
4.98547245918024,1.3629897555189916,6.697862693577227,8.532451544868323,4.340520912550864,6.34513745616877,4.966689100129589,6.638932468657351,,0.1977110578413841,Upskill_Same_Domain
2.716691774871741,3.671653750611437,6.133496702240806,3.846096733465619,4.863766344524861,9.833867313780585,3.841921832549495,3.9339726843443934,8.31993137169641,3.3114587373891786,Upskill_Same_Domain
3.4970451548566936,6.388593598359396,4.878772512549,4.659437311028539,5.511925222636768,5.348853361096524,7.394795856138742,8.501844848116345,3.836336688670739,7.2421051074463865,Switch_To_Adjacent_Role
4.92264210932483,6.987200771479966,4.393962767812532,6.767416744882308,5.415440625465548,7.020670035281172,6.20210895580073,6.579983305521977,7.205809510507606,4.97555062072465,Switch_To_Adjacent_Role
3.702440378611785,5.885694367754133,4.384843000155403,8.40560220399688,,2.4655698451266033,4.877818937379992,9.561355373040797,7.126276105480551,2.9458443730488346,Switch_To_Adjacent_Role
7.098188432945136,4.952208308518663,2.188225770323977,7.22537170716973,6.139985985519448,4.69332579315674,2.9431828790350067,5.031989636629868,5.928884232095947,5.5153737168489645,Switch_To_Adjacent_Role
6.060719797485284,3.567543658328276,3.9179843615113072,7.376532268678091,9.658492464664864,6.247531761937125,8.385957781564858,8.915651935600483,0.7585930116758464,9.59886125282112,Pursue_Entrepreneurship
7.451549739900582,,4.219616794486365,9.003721348705183,8.188240336196078,6.995847432241615,6.482935291577431,6.830187682628531,0.5542012221009955,10.0,Pursue_Entrepreneurship
0.9307019755294084,2.8215838656846035,5.933899397757934,4.0364050804729015,4.821233334279547,7.968327006832296,3.5820034799498943,3.1250487650402756,7.422307156064359,2.5753896663618554,Upskill_Same_Domain
3.491110070812615,5.605837898276353,5.424179134944552,6.715563564215221,,6.2939648025350525,2.221249225095236,5.710331171515625,7.479343800220064,4.023912480242716,Switch_To_Adjacent_Role
5.044960790777787,4.192690025038522,7.423700305706376,3.5500737822384134,4.540531983264017,6.476796770219891,3.645409338027645,3.9932528351530223,7.094728709177038,3.044729744781186,Upskill_Same_Domain
4.4086335013813445,2.1807725662328528,6.500910736915539,4.486978036348811,6.9886230311849165,6.17080268659732,5.5184044009245685,2.8527850759310316,,3.938160547752337,Upskill_Same_Domain
3.9720321889253705,8.956440539413922,3.697002293145266,9.452151286824353,5.660718195089168,8.295933041294216,7.553914297257242,7.420092365455227,0.0,9.595935858001656,Pursue_Entrepreneurship
5.098446865488934,3.099106100189571,2.1521108895751366,8.356336373122218,8.05243056180482,3.8293282810898215,6.748626627974007,4.204925449107146,4.493324851157223,6.135848637115965,Complete_Career_Change
,3.755411314539088,,4.638780763003609,6.258922508880833,6.281419388638582,3.8249569235448626,5.661702780267943,3.5842845392537037,3.3573580647624977,Switch_To_Adjacent_Role
5.434208113008369,3.794572402629107,6.728686757854698,3.6773035086922485,4.275186953308093,6.713391568099352,4.320161518942016,5.1418395287983225,6.247046520117631,1.2537302122567364,Upskill_Same_Domain
4.276919222112409,5.111447679114095,4.275746731535852,4.212851831483884,3.9075574859073363,6.31941464348337,5.102928383651689,5.2204099306068255,6.026712998912721,3.177708964325376,Upskill_Same_Domain
7.719129000082567,7.081697744779251,4.253500087317997,8.425380135389773,7.640090715279217,6.224926458322602,7.244642401391978,10.0,2.2368466111486027,10.0,Pursue_Entrepreneurship
6.905112182376978,4.625466003480335,6.109268379512343,8.619339851317793,6.907823838960357,3.3216431070762544,8.324719468509738,7.631316431560449,,8.976327927555937,Pursue_Entrepreneurship
5.540543865289778,4.410255630456572,,4.931205552328972,4.471779002145986,5.636360366555105,4.167755027163405,4.845051259331489,6.5119864130037,4.174973395192373,Upskill_Same_Domain
8.128451377224128,8.001556794860889,4.655601052400586,10.0,7.036715026463655,4.877725245396846,8.86913148825462,5.109827290726219,1.0184960704902544,10.0,Pursue_Entrepreneurship
6.612220551869733,7.2360304197303655,6.581646924563092,2.778810276850856,3.49484634810426,7.16185283976626,5.743450295185672,2.923242175095587,6.8383673328964285,3.2547116837771597,Upskill_Same_Domain
5.454425333221678,1.8994090969394608,2.5649687671185744,6.102898187800703,6.321824080095432,4.057444185447462,3.7978003797057855,4.928463643692615,3.6742058190182827,4.698735830755354,Complete_Career_Change
6.06491679893308,4.760681294699399,5.9293475153257065,5.943508264064702,7.800028198256338,6.912633583439248,4.1517881142343365,4.721815208704806,8.703558351080973,2.221042944457201,Upskill_Same_Domain
3.1438162772126894,4.637247209974352,2.4710447377751947,7.912773632053768,5.486442651110648,1.8328052137196709,4.318507131994487,5.43516837896063,4.379093080323372,5.242556842029428,Complete_Career_Change
5.529617701790356,7.363324762228428,4.181181767859744,5.040411264102499,5.362148688865348,7.01818078842488,5.437558064587066,6.552455666666994,4.9819429874829595,3.3665444691923936,Stay_Same_Role_New_Company
3.080448210142777,5.635046578894075,6.014857735967864,5.433550885383238,5.631217829255701,6.973926054333216,7.73895015326159,5.250096984907193,5.978112259146546,6.368671787745695,Switch_To_Adjacent_Role
7.092520374141124,1.7726880339064264,1.9188877021145887,5.911394296952269,4.585792351292997,4.524579051690099,3.053968510784238,5.96236963374879,2.6381441389393205,3.923056052396758,Complete_Career_Change
2.452062291762142,2.37492717953939,4.393695506191142,6.4794734731530665,5.723309546446629,4.431260680572201,4.739861119839614,7.035501618090739,4.0830159530952015,7.226104764168485,Complete_Career_Change
4.197625070748749,6.167039385990961,2.7740109898769987,4.051549647623659,5.491362297393108,7.588299944673469,5.417104540221989,6.310181028206976,9.551098666411452,1.112128100241648,Stay_Same_Role_New_Company
5.603526496845592,3.0916075555407394,7.025194455044787,5.568898110228464,5.871442923135082,6.682703293393453,8.213636800069821,5.870893805504707,7.422340911728875,1.8612982616937443,Upskill_Same_Domain
6.478863596510856,9.100559181596426,2.257773240021667,6.057892796956073,6.38901302278575,7.302741426178319,5.304721160508305,6.351446211066244,6.377651155838803,2.3082127156875414,Stay_Same_Role_New_Company
4.094276083939821,4.950942602746328,4.2795469452078345,4.506443706111791,4.807152001765718,8.002476348747944,1.9391689906099052,4.539978313095375,5.589194121515214,3.6571448574707577,Upskill_Same_Domain
4.53366106944263,7.358578257502518,3.1838453153427073,1.977017212663427,5.307873951824436,9.473779700956419,,6.337750213847162,8.832398201063018,2.2868604499649043,Stay_Same_Role_New_Company
2.4740575363680604,4.844841365540337,6.883223152144582,5.870254075012772,3.9365080712887752,6.448542470535816,3.9604446856265647,6.694394073909004,3.3154817825768164,1.7559723463141654,Upskill_Same_Domain
6.249335979605878,2.3373107346754924,,3.578704379523725,5.490070296423003,4.439753890975377,5.104876838017842,6.251062424734673,3.2266649226945434,5.284647443588606,Complete_Career_Change
7.683919767322713,5.743351507035977,4.72283623718746,8.089169471799503,8.198155293368892,6.3405982983600735,8.09729607075702,7.992051722870975,,10.0,Pursue_Entrepreneurship
6.366904075936585,5.7517614082670425,2.464972957333992,8.985956893736661,8.804761235359129,7.025958291496824,6.420706356466621,5.878200001223471,0.9475270421577477,,Pursue_Entrepreneurship
4.743707973824286,2.696387876837151,4.003089553241859,3.019097101805435,4.4438272250351805,7.628629813644669,5.173077642275917,5.319796071228333,6.041176076711673,3.0319147821251846,Upskill_Same_Domain
,5.742229661296479,2.0253726311860194,10.0,5.796170672095518,5.7368631764363105,6.705699258402191,3.670165093365074,2.8695024982218706,4.15712700659191,Complete_Career_Change
7.457721541113966,2.4682424350860868,3.4171366019055913,10.0,7.509376201683725,8.165211861029352,5.365662166383586,5.417413632831781,3.8684151951988044,9.63157997548443,Pursue_Entrepreneurship
3.7594975703729565,8.58729918122328,3.6207881384468337,3.48884258581809,4.07426734555738,8.781703285198372,4.370760828955521,8.915796406123881,7.49750419087075,3.030447029945647,Stay_Same_Role_New_Company
1.9053201380442686,5.975203978339166,2.3964576801862933,5.719398628569437,4.488756786184088,3.4450374201819987,4.579979175411722,5.996091673897676,7.473053104968045,3.760275928177497,Upskill_Same_Domain
4.920109808003516,7.274248133173368,4.365525115336523,5.093175631424799,4.374278151018029,3.3582548112383295,5.377953131226869,5.539036188573235,2.9161458135174314,3.30357066539978,Switch_To_Adjacent_Role
5.27860753169796,2.305996989266015,3.2139476425029425,7.760519350624381,6.26869709424483,2.1198004391108523,5.140369017138334,4.5698736776542255,3.283422200055497,6.8627436893080525,Complete_Career_Change
5.2353071977501004,4.445434591981894,1.5266474720394547,8.862206435912388,5.152191951591971,4.292927272935964,4.781687677257239,5.859939254101424,3.8259628058847257,4.539060100831637,Complete_Career_Change
5.495404183659742,5.472010725311549,6.758582619383344,5.349787521454714,5.176937168312261,7.629014017951555,1.635614900138906,2.548622736292031,6.043189729753297,2.831233776825681,Upskill_Same_Domain
3.61318699117538,4.264538859199748,1.5469461693326252,8.106092659446922,4.912808154057302,4.987393869492185,3.1660933987892896,5.050996306090283,3.5687067028296333,8.52614693735457,Complete_Career_Change
5.46538644700588,4.057380565665271,5.9297022711507195,5.22461552435171,4.349625304776715,6.746532648729104,2.6247608561098628,6.1861743554385065,5.517759854706718,2.4382547114110835,Upskill_Same_Domain
7.5145342456972575,3.988599275434281,2.3388355001575585,9.668232766449824,8.880371657623048,6.7933414593020185,8.241224255341063,8.19912461693502,1.7199450827247862,8.076882872247877,Pursue_Entrepreneurship
3.5651888774449993,4.793169654936242,5.943514175138397,4.716383497132696,4.964284501757534,4.9990387012457775,2.8374320715533323,1.627072202498928,7.734164936037529,1.4241269691292038,Upskill_Same_Domain
3.615442319057773,3.0915778139871737,0.0,6.184949601571745,3.5781759878179824,4.544726785015375,2.156446384928888,5.041247958096203,5.631381220471651,7.675464175652173,Complete_Career_Change
6.055436533431816,4.873957662928412,3.234666462001141,8.460742032224163,9.186351017901861,7.207884611112769,9.168678219140576,8.142486155062045,1.5980000588643701,8.992535635827966,Pursue_Entrepreneurship
4.118894050660479,10.0,3.354721273433505,5.493593854798179,4.598270925244876,,6.253915886911134,5.9579617456962195,8.189902119432153,2.2451944128014794,Stay_Same_Role_New_Company
5.920008235319271,5.589037666440967,2.5678916215534597,6.86558302714873,5.51626788724799,6.6548647822850455,6.0270982143139005,4.15170931023875,4.135511130305115,3.017797065637313,Switch_To_Adjacent_Role
4.8833365196518725,3.1872017380209585,3.4693171890004466,7.760739880136905,5.814544452756415,2.1211165672995307,5.278926403813985,5.054825808883496,2.9622993919440805,7.161096272669158,Complete_Career_Change
3.195100408713186,0.9220578080814226,2.511975200421716,9.063091551551082,5.217215295168481,3.3802985735462316,4.219176658097862,5.744676560403951,2.879087105639054,4.806557954708548,Complete_Career_Change
3.4671833458939063,6.285223470680077,4.3049742551614685,8.211030585956811,4.631160121138887,5.8849307665102515,5.4065263530572425,5.670011170536807,6.967633665374579,5.0077979429059285,Switch_To_Adjacent_Role
3.9740858909458723,3.6718807104359676,1.6921841967587565,6.369367428977625,5.294891037691223,5.39729222841339,4.327364611177143,4.097132446009296,4.703940075583107,,Complete_Career_Change
6.946682941067623,4.959340769225631,1.1260127514233242,9.546016592773814,6.332980381332174,7.895781222719869,6.5170574652339255,6.215729410229248,2.1991234794374597,10.0,Pursue_Entrepreneurship
4.893934490902499,6.5991417781151736,2.6104510167280246,3.4184151701237733,5.435555077798637,7.067207817857199,5.625337264192752,6.6600469871297285,8.283908909454679,2.014568382128953,Stay_Same_Role_New_Company
6.966230422564475,8.706100548796753,2.134837380524697,5.301809719986736,5.151691551882947,7.284295175747717,6.132857411332647,6.290674213407087,,2.587852790335559,Stay_Same_Role_New_Company
4.626774149345763,3.1919024921443886,2.3446605164280054,5.0763148429179985,5.030043265631968,2.024780841674272,4.817278293776298,5.654312573270444,3.8335126884104147,4.4763742887107965,Complete_Career_Change
4.453227694951055,4.83316240610476,2.5256361431147782,4.766421120749647,4.4363175655207625,8.431850561569691,5.254083212412702,3.026200808789159,8.614780204215855,2.6589911167447062,Upskill_Same_Domain
4.626871239107358,6.58828294385523,5.450512119691974,3.634179441851485,3.783938007466068,8.656566317894706,0.3439489084421723,,10.0,3.768146695539128,Upskill_Same_Domain
,5.576424617323701,3.7050008363956395,9.973647347658131,5.981181510683818,9.623543723782516,6.513061596302722,7.4886257842164285,0.49201372839878577,7.812393284867198,Pursue_Entrepreneurship
7.09800563716971,5.3022219860192905,7.227619057753744,4.15632459843258,4.1277925711771415,4.612782962104982,5.016262296462163,5.138370986251421,8.67179657408177,2.7259213726369826,Upskill_Same_Domain
,1.4690300910302518,2.602602776488194,6.936016266819111,7.417745663586003,3.7898865067677114,5.40523014582223,5.264177890983101,1.6773076489827285,5.382144371541672,Complete_Career_Change
6.444941180395751,6.85394856461251,5.087057550385128,9.140682882119693,8.742583645005148,7.950599522444315,8.946835298599941,8.77959345212083,4.040971654939426,9.279398883463875,Pursue_Entrepreneurship
5.22555211553455,3.790539427306719,4.617906676797951,4.3179019264075515,3.2321927947215747,7.132001903099298,5.048813779712532,6.419851220557669,7.483297932718722,4.201947963573742,Upskill_Same_Domain
6.696504401182748,3.544368344844535,4.105406189735046,9.668892282986793,8.328298139903634,7.1525754764252065,4.929658142865533,9.160205380842628,2.5343294678053545,7.9356848718183794,Pursue_Entrepreneurship
3.7403611576235427,1.8835573993888395,1.2444439850605589,7.368422374579307,6.132717812354507,3.6021868399741486,6.676667012242868,4.064775034406932,5.308863133031906,4.146388992794252,Complete_Career_Change
7.453313223980433,6.357140742984766,3.5726865873232327,7.717816299055834,9.807993082334308,7.821421273041239,7.942800962078084,6.9632953273370735,2.049233118466971,9.714132450961042,Pursue_Entrepreneurship
4.692412818217172,2.7673536327733683,3.6965388478427945,6.020256820442222,6.519519892008093,4.018706601097902,4.95176210291301,4.32429646402032,5.298075681820756,5.365438757041356,Complete_Career_Change
6.602380747842493,6.010070165566281,3.2983262301026883,5.956258020156886,5.486702387218142,7.821575928889814,3.174450172482026,6.4303522014950545,7.1065943126884195,1.8723727936579617,Stay_Same_Role_New_Company
4.383689783468941,2.6654276393863796,3.4834327293981304,4.811960188703518,5.321256373212556,4.473870357054706,0.7339068566455422,3.730148959002537,4.9311153653956765,6.803895970585942,Complete_Career_Change
5.736263292791872,,0.6007304104383173,8.098292075168175,4.6782125527099145,3.2331469770928605,7.310524315545054,4.670759907443547,2.5377736644175046,6.99835735257181,Complete_Career_Change
1.6951756734074586,4.0420101125438475,7.781967859717471,4.555095597304963,4.063038016585753,4.083965680936726,4.5879303595128516,5.359657641547958,4.6837477511685695,4.474892183306385,Upskill_Same_Domain
5.818420995157808,7.382561606986984,3.1523030597763673,5.183069887694074,5.73586081733547,6.039863597345089,3.928661550956794,5.902808667562699,5.877801593502579,1.120135849715488,Switch_To_Adjacent_Role
3.4902235003117825,5.421594964681147,5.479182404298985,3.143644761297491,3.9458079355820583,3.088583189248158,3.843000850323791,4.278845051530793,8.072165570512357,0.5478035936216066,Upskill_Same_Domain
6.452020988186244,7.470798292744577,2.630327010547876,5.240923344239997,5.804922452068011,6.55896397095078,6.383006992554666,4.515480306014875,7.508240781070949,5.8769758445745826,Stay_Same_Role_New_Company
7.01705544514296,7.7521536252432925,4.522621221507515,5.976129685350638,7.366840004940842,7.9500070984802385,2.956347667650787,5.912960875232339,5.976390649626739,1.826236204923843,Stay_Same_Role_New_Company
5.608074364436957,6.259772105647065,1.8123789079288057,6.87407472898612,,7.454385447892628,7.495764181652029,8.863673045222479,0.8040131921808502,10.0,Pursue_Entrepreneurship
4.407923238529454,0.4852004756139743,2.2911925178429997,6.9708900493847405,7.5229818619402105,2.44428984714013,3.7497086691786885,3.8320273932196933,5.3752895122153515,4.369769021688928,Complete_Career_Change
4.531989135497115,1.5373169653746144,2.206559849074474,5.993165978622118,6.628565205073124,3.4983584534181804,3.626674430029282,5.648255932507302,2.013169488633425,6.501652878012533,Complete_Career_Change
5.412463726190439,7.1343589755434325,3.564212770485139,5.327410739883507,3.1737709881065745,8.459481730932861,4.877547052043917,4.5557895762195635,9.045419348660037,3.3133782430750003,Stay_Same_Role_New_Company
4.962752407295956,8.556135317721273,3.5706883382055636,4.315269990469929,3.6578838745786983,10.0,5.424896511504429,5.048029004177302,8.690709392963479,2.358111302970265,Stay_Same_Role_New_Company
5.061974556394298,8.411442540175301,2.873527422062464,,7.0453613732178155,7.5016005183234515,4.008025627396802,4.553865086421556,9.048485839015525,2.84157399269128,Stay_Same_Role_New_Company
5.766505162019104,8.255808925654044,4.066687018042645,4.488136476108056,5.677517432451746,6.6544095705100075,4.84719518247343,7.0783747546312945,4.909021517629597,0.8145859735028107,Stay_Same_Role_New_Company
4.862711204949592,4.842973025307316,0.40852184262413394,5.434890684159925,5.980165477609876,4.858811600842316,7.515995538587843,6.017388556530621,7.678337771739376,4.339846536548959,Switch_To_Adjacent_Role
5.227181087499566,2.0925854084672033,4.567221861957418,3.4163253520091343,3.3887146079873816,6.382623330061142,4.799037262506369,6.13170594171614,7.400627615342607,2.4206165771308275,Upskill_Same_Domain
3.301338664906872,,3.2141392939804483,4.814011753472506,5.582297116300753,6.103784656424599,4.217238031380629,6.936529518027811,4.343759967642389,4.090436518914035,Complete_Career_Change
5.987640612880448,3.591850210514359,2.771166482564611,7.757185784718139,7.87234272314925,3.91964672098645,4.571791001363497,6.055409280002317,8.31559500585604,3.359270367828278,Switch_To_Adjacent_Role
5.897254249473224,7.161938369716093,4.9780988525264815,7.4830566261697955,5.49750607998823,5.894506971061671,5.6649678124949485,6.184153706608334,5.483647397107804,3.5678247053582988,Switch_To_Adjacent_Role
7.065859817088002,6.102979562145381,2.157888412966118,9.062567536077598,5.462375747990806,5.999634147107431,5.519382182858675,5.522125893991758,5.054154213632187,6.758177480585722,Switch_To_Adjacent_Role
3.2209611364208977,4.4151916493313115,1.4883734304387741,9.4242988296627,6.682593653120687,4.428873746072148,4.101071193671612,5.858874786902926,3.479888008312157,5.020022721090546,Complete_Career_Change
7.258372082683509,9.149182271408545,3.3815261448935976,4.283449909102266,2.591996851656172,5.182658665921268,4.588724949890123,5.153315035731812,6.287787830169097,4.513725085660132,Switch_To_Adjacent_Role
4.1847541702985565,6.2195706177730194,9.523710799500298,2.934322966905743,2.8626874343111233,5.255701323849405,3.8657250604498783,5.6645146643484345,7.768628824662754,3.223640477814609,Upskill_Same_Domain
5.424495204014882,4.323921651674634,6.2128389315754236,3.19520377527696,2.239316604640116,5.365673158193966,3.9379678763784405,1.7627989383283205,6.292381670045426,2.6781030569382462,Upskill_Same_Domain
4.8280495807438815,3.3781674100507866,4.783546841060343,2.955341704143562,2.3534689132278097,6.19456408509306,2.0894349253086033,3.19931661059539,6.487927565302407,1.263307497791136,Upskill_Same_Domain
4.057272694234902,8.908955751203354,5.668490476529659,5.223548432168178,4.561477289310942,6.815395821270222,5.799833797059129,3.7501269128406163,7.713707913870493,1.9923968656983468,Stay_Same_Role_New_Company
6.538732263258796,,0.22833983504929778,5.348024901046987,3.943176576096576,6.460035561766409,4.20427416122225,5.816971847658699,8.885774300023936,2.704163137678948,Stay_Same_Role_New_Company
4.061280675935398,5.076319747681369,6.24328458280128,2.790429008251147,2.660283194472732,7.9593278311941535,5.5547794318963,4.91978199952614,8.944418737534036,4.3735928037540885,Upskill_Same_Domain
4.880050770056738,8.01334322600172,3.5127741014662646,6.938862221656395,3.579714145353844,5.277397432679976,2.842524110175674,4.627936084757584,7.090961761697942,3.9351229915872734,Switch_To_Adjacent_Role
7.133514676475286,7.269651493416734,2.198949438012097,3.4473248750582033,3.616185430035976,4.623086095126046,5.948777425720189,8.351588904707603,9.352927626511397,0.3860901647855286,Stay_Same_Role_New_Company
6.336488425948419,0.1021539080456555,2.0040421743851757,6.873718958426037,7.248092253098081,3.9433894598256396,6.83492303934808,5.860877396478302,2.9667101075536255,5.811556305526646,Complete_Career_Change
5.321999761777701,,4.69150585324764,5.823448003335554,5.786491388382536,8.621374847485185,8.65644402271034,3.7780060649167977,6.540110444859759,1.698972390573119,Stay_Same_Role_New_Company
5.7740029101724435,2.159624648923531,2.2892044527321334,5.30112267298759,4.572466940983876,3.378653413662164,3.6259767198078325,5.153186898172921,4.2585085646213585,8.450496340070757,Complete_Career_Change
4.9158788266172895,3.0699267643970805,2.705794598217684,3.977351334384765,5.579287186896963,,6.632367653981499,7.192394901557247,1.7279043323391663,5.045357110893395,Complete_Career_Change
5.168286572472109,4.002845991742482,2.079629647500659,5.240946979180116,5.489236150891537,4.709277668641148,5.812775509753306,5.637012805024812,4.745483457786636,3.638474819115718,Switch_To_Adjacent_Role
4.312397423110532,1.1063326959142183,3.8203609684013617,6.2402317809532635,5.091408761371326,5.632030023632635,3.7582424875902545,4.755414509320475,2.1843622988085034,6.58283656990949,Complete_Career_Change
3.9794211986682555,6.9813204602162555,3.617060618939905,2.729076245495404,2.733379595418444,4.176447105025709,5.690590197170356,6.147939434942385,6.239676719328363,6.536226527492699,Switch_To_Adjacent_Role
5.324637101472334,5.066651635200075,3.930709554249628,6.7362358110304115,8.575873855632452,5.74821194629443,6.887061672047716,7.222736525616297,2.0510728680417154,9.053250740650046,Pursue_Entrepreneurship
5.793442276836664,3.1191979832210315,5.105012247114521,4.965858446318247,6.815349997014984,8.610663331364751,4.467624948575339,5.101101356505415,8.028948611710273,1.3659212220198462,Upskill_Same_Domain
5.509934200192493,2.269972954412261,1.5435508962013376,8.926341896403104,6.454652661597986,2.6758019840807687,4.248206195855489,2.73371041898043,3.5459817986516757,5.242106074621825,Complete_Career_Change
3.836654165311933,4.658358081289949,3.9176841823757522,5.524568178659928,7.318877296204914,6.740652827819207,5.643854829889177,6.189319408647051,6.511198710080276,2.8794229380926124,Switch_To_Adjacent_Role
6.28488048054413,7.355888868525298,5.034136035665897,10.0,3.895680306930186,9.253579949974744,8.327320566056308,10.0,0.982976159993431,7.207514212656417,Pursue_Entrepreneurship
4.356095410467711,10.0,3.8564365788760506,4.98674504968744,7.067284447308314,7.207087118978532,4.963492002364759,5.141609849171414,8.256405571099203,3.1195838575211736,Stay_Same_Role_New_Company
6.374684782017422,7.671913637520172,2.9446477926422228,5.102178317949549,4.118507012958451,7.69176818604587,8.788518042940046,3.6899173688761024,7.9212162814469735,1.5117528847954227,Stay_Same_Role_New_Company
7.308407442075429,1.393773809044958,2.2488230730143495,8.005212856387786,,4.35138343072018,4.20760362624221,4.681412156928626,3.5636199105205453,5.5926441302521335,Complete_Career_Change
5.970080678396659,6.333396584116093,4.893039768102061,8.239678848379777,5.722241957843757,5.3530475178672,6.961335510319352,7.257815540788476,5.582726207501161,4.006742383256726,Switch_To_Adjacent_Role
5.161219914187287,,1.7195028424087435,8.497540307036745,6.054410818517221,5.939036471383396,6.178158888431231,5.256073095970381,3.159032592679121,6.158587682583293,Complete_Career_Change
5.011440546734679,2.140670731784922,7.010266997058187,5.281435127226018,3.787393137703186,6.2757214182208205,1.465258471651059,4.068059196826804,7.009600466369424,3.2193718737966464,Upskill_Same_Domain
4.903375042084306,3.8747161904841634,3.783697856025033,9.471652706297363,7.897183030674005,6.374360595390019,7.526335139151025,5.111627006073642,2.598217126904122,9.70982759820106,Pursue_Entrepreneurship
5.558149750471598,5.5358575558408925,6.403416480080256,10.0,8.246833020888651,,7.285915970821055,10.0,3.0428179208723107,8.52558511184517,Pursue_Entrepreneurship
6.996927481327779,6.4078837890542975,4.5066344570899695,8.714669950081824,5.476386490543016,7.758040576355066,4.359282300435773,3.646722682587139,6.716464828060711,1.0792361865716258,Stay_Same_Role_New_Company
3.02132363882247,8.395676747739337,3.0936436452023512,5.538057370984501,7.10107258614657,4.317790240153834,4.231565547251563,6.768178219631361,5.443927280709875,4.418733762469562,Stay_Same_Role_New_Company
4.104726347580574,2.742080621065575,0.0,7.482809351396875,6.404858185940084,3.632051664867721,5.182917258468968,5.290841405824065,2.795849462781436,2.9829538316626625,Complete_Career_Change
3.220736920075059,3.1698509525098717,6.129623489221318,4.212935578784572,5.423357339412529,8.196151209767976,2.731410161594489,3.5458665709018877,5.13288875619329,5.639484887986836,Upskill_Same_Domain
6.766759503340125,6.180745551861793,3.1117543193523187,10.0,10.0,5.5565527658131,,3.758794803257494,2.869192934327196,7.068798998495719,Pursue_Entrepreneurship
5.02271739784245,8.516143290020139,3.7222567152451624,4.191181989669464,6.283626688560321,8.504760085427474,6.867192283532278,6.688237429263439,9.27245732571141,0.05496204363372481,Stay_Same_Role_New_Company
6.9194793674980595,4.270047832081005,3.908305518101284,7.480857050186083,6.0464908229752705,,7.576993662569921,7.769628431021518,0.0,8.723897713922637,Pursue_Entrepreneurship
3.96482105395922,1.5801933182126713,6.899423229038184,6.774680095280184,5.968455110495697,3.91576142151825,2.0306372706257863,3.4002419356634572,4.929131913335814,3.0574468954228506,Upskill_Same_Domain
5.17343700604207,1.2610020252010288,1.7481545876799913,8.122861483352011,7.842533398464656,3.9505218395253885,5.220284287379632,3.122176856501242,3.819180655293545,5.422122281019689,Complete_Career_Change
4.328655761968562,8.048380869821859,1.7863878045386974,4.12624396034573,6.942960536037409,7.263792104703152,4.031522179656666,5.178288430348416,6.801106015519307,0.9747702639710965,Switch_To_Adjacent_Role
5.493247255897502,6.210308008176798,3.8256962308587257,4.711110493771595,3.0879518171465445,5.679747194430195,5.407568001685254,7.089564538262696,10.0,6.288021205809528,Stay_Same_Role_New_Company
5.851631001943259,4.818302997132167,4.5440487969155,5.825764612947824,4.709288351861527,4.490583269407127,8.47329239368369,5.657479574767254,4.105918952984352,3.0923121023476554,Switch_To_Adjacent_Role
4.792651745149923,3.9306541490792535,7.1232567138965,5.288753130635245,0.618430705657099,7.2088148657569935,2.695476767644691,2.651752636116691,,3.534262441739015,Upskill_Same_Domain
5.522797972174976,4.665682009650249,3.362820147288807,4.42451736402434,3.8376770418900668,6.022273595115671,3.53986862328565,6.41542020874037,4.307630422112573,4.385297926151781,Switch_To_Adjacent_Role
9.1030373394461,6.569823780158402,2.866539281647177,7.337774011199981,,6.09492433294613,5.291157656885482,6.002599163339613,7.866542627612405,1.5917154332197212,Stay_Same_Role_New_Company
4.378161394961231,4.006825377322439,1.9894411483015626,8.321482566525301,6.233431085904778,4.9670724358288325,4.642930959791915,,4.811431601014772,5.38601220080472,Complete_Career_Change
6.4388469134386135,9.829726419707832,3.117760378972269,5.837120431259915,2.3347762686596707,6.936666077490846,3.9038006486192676,4.415543021449284,6.358401922992624,2.065639527088944,Stay_Same_Role_New_Company
6.175482110004285,5.260867001752036,5.6408770992218065,5.482567955444884,4.601349816698052,4.893530227864263,4.87454819204707,4.689971133244033,10.0,4.894452122262128,Upskill_Same_Domain
3.3174360654857598,2.6590970206862607,,6.450944943570593,5.210682788012786,4.591007330637736,5.123503820741021,1.8355669120689413,6.120028272917605,6.187119528612831,Complete_Career_Change
7.795490569929781,4.246683529511448,6.861377595552826,2.3075802819528146,3.8696300093875147,8.097459503531587,4.523010008763601,,7.876230163011056,5.4936137130174,Upskill_Same_Domain
6.206851710225617,5.762802506724431,4.328512562048917,9.862181306615568,7.062054799586294,,6.078043741302728,5.752153868465665,0.05133595013719727,10.0,Pursue_Entrepreneurship
4.985877129292345,0.8165429279832381,,7.5991988541037605,5.624086282066204,4.625526315276899,3.7385750123140586,5.190937725058364,1.624793093900642,6.913213346028164,Complete_Career_Change
7.699260711347486,3.443040073858538,,8.38183375209588,8.742603157397168,7.874591598616609,8.334927795114787,9.503833049509332,1.5214867579274638,10.0,Pursue_Entrepreneurship
7.331866478054697,6.981866179770282,1.522000644166435,2.1971700446850244,4.65366240570227,6.243927885433913,2.983674763947529,6.588924383205823,6.915038503575956,,Stay_Same_Role_New_Company
6.160784989586086,7.974808779752746,4.940211456849963,9.838142180283471,5.901778827419937,9.209178266809024,6.456015312437935,9.758805162883222,4.628853574003243,10.0,Pursue_Entrepreneurship
4.313848109732137,2.9377193492831974,2.1394407594896747,7.544473153832638,6.9050697003869095,5.407147887102033,4.096876098833739,3.642511379750994,3.598922822599271,6.111844461935293,Complete_Career_Change
3.3589171148128503,6.088058908021438,,4.323813836868257,4.547527563721137,5.438493285944262,5.157035305066139,4.00612762865888,6.661900498708501,3.791426702988034,Upskill_Same_Domain
4.148124118053198,3.854456115498859,5.8637773502578465,4.398115063436508,4.255601168028161,6.8281841089701105,4.979175684276225,2.90066180812185,5.634136930996906,0.7269265616714193,Upskill_Same_Domain
6.312404800030222,3.934489166126264,1.91546528212622,7.776076486384329,4.428982765324497,2.8358748163776912,4.661414801773394,5.040828823853796,2.2430610807501754,4.569233897856752,Complete_Career_Change
5.252335340463482,2.9893259429333963,1.677890716095838,6.6799967832514096,7.591715423907409,4.826163577876432,3.1701452839108777,5.2351224520512805,0.4140911304039463,4.753877787190758,Complete_Career_Change
5.220182206450999,8.316981930516125,3.7220640795950573,3.6593777007455652,7.960963551049307,6.3871102627566305,4.9089832835433596,5.517156943093311,7.407057508729256,3.2954215797059496,Switch_To_Adjacent_Role
7.190673305062817,6.275689466938567,3.0398209403727425,4.370579736666348,4.574024977329451,8.303585172895986,5.699550068105104,7.738617539675567,7.2991426169751294,1.5952746048280861,Stay_Same_Role_New_Company
5.6030709370050555,6.009665423712242,6.3120929664347045,4.119484586252067,5.484253879276778,7.629313477801188,3.5324398177325005,4.92939950583081,8.53468544113556,5.4575966912567875,Upskill_Same_Domain
4.597195185497041,3.89795277978557,3.306424616612257,7.15586551278511,4.795394925416238,4.597743678985066,2.63224455549797,8.278441820916221,7.073427733852903,5.000864775657194,Switch_To_Adjacent_Role
7.278815630014828,7.485998265057353,7.512558314556049,8.39462471483254,6.959552671355363,7.765141020329028,6.613118265358683,7.316749580062328,1.4604504585813904,6.091849901524567,Pursue_Entrepreneurship
6.268438468759724,5.035382547643337,2.240050224589085,5.547119827795706,5.618984371010519,3.0661978468365856,3.506092922299773,6.013436232137061,5.4693748712143595,4.513254652489918,Switch_To_Adjacent_Role
5.486613695581131,3.6468569319261306,2.779635504747903,8.222013379675008,5.589650178507202,4.15055648779872,,6.642528347437008,5.478027232352862,7.293886640906195,Complete_Career_Change
3.4134272272948993,7.824511500197755,3.5568344467214774,6.139301594691121,3.8369698361721536,,4.153213422912182,6.130220529391516,5.630671293030982,6.502516642256607,Switch_To_Adjacent_Role
5.320910107870581,1.8888514675004624,1.0203069153246718,8.46450889562161,7.063436079840903,5.233564125408558,3.709146819957807,6.533171006501003,2.8583430732735122,6.349551718000067,Complete_Career_Change
6.06952611486847,5.290277198514984,,5.9800115909137865,4.673566635552014,3.775078937020096,3.704655786196893,7.602772514333505,3.888607435052856,2.048219564148425,Stay_Same_Role_New_Company
3.250986157635002,1.7567625554697426,4.0307002788159325,7.61820381102202,5.03818913667771,5.606987164547615,3.7392224473217563,6.845942253327205,5.3246890712701305,5.572815114287069,Complete_Career_Change
6.362523570041411,,3.941567480693097,,2.5404698706945164,4.453831127483859,4.9839849191918955,5.7127424868777394,7.365553852352976,2.4636228065107164,Stay_Same_Role_New_Company
6.215329865943809,8.680338898551092,5.221246548337636,7.268786934760594,9.515065853318369,6.170746019798197,5.630036564705213,6.91521959661815,4.688344229135271,3.4229278726556167,Switch_To_Adjacent_Role
2.3904024706535174,3.53381044039978,6.737061857458841,3.5969428406074826,7.776921299805361,7.651391349748552,5.695629172458622,5.533815915695886,9.408724467420145,1.9768974214856951,Upskill_Same_Domain
7.15278677072616,7.3641992914453995,2.7582563196581367,4.0723798242185385,1.5527791646050373,5.2085879400977735,2.646195716025487,,5.946033333412466,4.22244238319612,Stay_Same_Role_New_Company
7.306022378321652,8.229834233461343,1.7570495834632696,7.325944985029032,6.471119863653382,7.99546444066757,7.233568324135035,6.55865800996529,2.931752910017048,10.0,Pursue_Entrepreneurship
7.599576820961547,5.6928377738718545,5.526459149337396,10.0,6.666576002436898,9.07364801643661,7.558883453622607,7.56466882602418,2.1286755893835503,9.590110476223463,Pursue_Entrepreneurship
5.522272763746217,3.573960606748593,1.7771663420605819,7.422776450125522,7.510478531960562,2.5664111195524364,6.846112855132727,3.2590985328385518,3.0510260054338425,4.264753004061184,Complete_Career_Change
