math_score,science_aptitude,logical_reasoning,verbal_communication_skill,memorization_strength,creativity_design_interest,leadership_interest,business_acumen_interest,social_justice_interest,technical_hands_on_interest,recommended_field
8.266708427479035,9.99918489514528,6.27567831483097,8.195867806250217,7.537329433348544,5.311829744854207,3.23345958030008,4.395235181325905,4.472026260887719,3.6629444867763494,Medicine
3.7820739777169132,3.6999523748655787,7.033799284236827,7.008160555118927,4.707848719522682,5.711127866095545,8.336251437688901,7.660329846896114,4.452750039233024,5.292295121007665,Management
7.322330551906267,8.003523418927468,7.454703363029577,6.407289112736285,7.131382017954839,3.208165913029683,6.797733910752954,3.262154805424825,3.6881045562231054,5.396926773553299,Medicine
5.246122424494494,5.107183835197765,6.079269505163764,9.477239853408383,3.499711955869528,3.5809701946945713,7.698917580231763,7.200005767555393,2.7024446372432394,4.808015988597838,Management
6.091147106353182,9.74252628617836,5.736895595083152,7.4616002609368,9.565146026177672,7.384714188375533,4.511064552272543,,5.999655633045869,6.06483541958578,Medicine
4.755922013110451,5.489938630767272,6.153946417867477,6.953843924131777,4.941722450370731,3.8085771545092957,,7.592437591935253,3.985923067391819,5.202889433160449,Management
10.0,8.170335251051446,7.196952825101958,5.357354312797423,4.453706042952882,3.2258358521379646,4.66741830725693,2.535150277803332,4.201665084343665,8.544995436440832,Engineering
3.5477447280788663,2.9787019775569004,5.943829337949793,10.0,7.874703642373967,5.337868315286855,6.802070127267961,3.63249383142623,8.195955335806683,4.4315502933929585,Law
4.401072165264309,4.867186905682435,5.744383118676272,7.568076220147177,5.723110875465264,3.085397116170611,10.0,8.546177587658107,5.192121698109215,4.806926690997111,Management
6.894742987015078,9.874996228542118,7.849031833116009,3.348376053859261,3.141443177537807,3.6726412911181816,5.067825314254794,3.1439943427898918,2.5621184420672294,9.305612555127222,Engineering
4.5198383901536445,4.454642375013514,4.4827870163883805,3.5934239448668945,3.6095651066555465,6.72861746147781,4.579240706508271,3.8380532208547082,4.63927264986217,8.077376146132202,Design
9.946855659158343,7.681421153452087,7.1599421636475,5.425959096422412,5.863925707873754,3.7312535390506234,3.8162526509021166,4.226113647056491,2.7120030495499594,9.341730097922317,Engineering
6.02468854263214,8.954916974975832,4.548755224223488,5.983271664591739,8.573067349015897,3.634219010522589,4.679129065834939,3.6343887820459635,3.597355656836776,2.8835451218634254,Medicine
5.681162842097092,3.877173325215382,9.832501313127162,7.0514361365068154,7.989955834562614,4.976238059614279,6.311078439167901,5.390928904363047,7.061442758075758,3.897724513756529,Law
7.95549663289745,10.0,6.461690458640351,7.1392185206318794,6.278279685937262,3.892193552244728,7.898055693722766,4.794137367828913,4.262480708869785,8.53642884313364,Engineering
2.540274440287593,3.9099446231225516,6.087504465895421,10.0,6.779892088497997,3.622957316362979,6.733947883216805,4.900941379664255,8.92015687591632,3.628811811691068,Law
5.061407098342275,9.291576219242001,5.345161842638348,5.662207505652469,7.6208792934273,5.168121864185402,6.0409348581705515,3.359865648130067,3.2444521565279985,4.594868735865364,Medicine
6.425634423756802,8.667668383437865,6.535210858879104,4.721919931563823,7.4523068877970005,3.191390218927806,3.5388367088417354,3.5719011566939636,6.555616229683113,3.8195188379721046,Medicine
5.539710547819705,5.117214917637546,4.268142972721684,6.429195230457267,,7.093483383340708,5.637440825019041,10.0,4.317824333043592,1.5509625494816879,Management
2.4252556925119175,4.273871878439452,8.366173467267087,9.660887922523331,,4.612464028023484,6.330727688560186,4.567624340997034,,3.1244039908751327,Law
4.638432052983486,4.164818695026684,7.925880759552467,9.741261175085718,9.836390270827101,5.718056504488644,7.592682997546668,3.4767141425517387,7.719993142875545,2.71447950250736,Law
4.2404292610752865,2.368548877045337,9.785096406685069,7.661516626649787,,5.24104445490923,5.087173103147173,6.656967864995742,9.311451048482562,4.169000393354443,Law
3.8519682818861347,2.2740412468367928,6.000899971926795,5.414184584281197,2.6821450476109816,9.054598813287319,4.831610498281391,4.300205510927246,3.4636289051159608,3.803566899438271,Design
,,7.960295242405326,8.965082127965458,4.845866601137136,,4.794578663238227,8.575547144042316,2.740750439476315,4.28759840460081,Management
3.496269848194131,2.592984058170931,5.822299905874708,6.07629681363281,4.062674976231468,7.730147307300338,,4.841104967489947,3.3423052460725526,7.889806093592822,Design
2.750090058692885,2.593790367012203,5.92063761857582,7.583049493154331,7.18887255941248,6.257570372855529,8.605989363000937,8.957891340184132,5.935438396820601,3.2328564121953303,Management
5.298604263502518,8.770083048355366,,7.2862290573157384,9.905113066436133,3.6173479594145754,4.406996945050035,3.568952375594598,5.794098391334111,4.435539436763449,Medicine
4.652136288735437,3.1706591995721856,4.667148618946836,5.138761580696855,4.36758911698345,9.941880672226729,5.241822259165179,5.920563711393616,5.649482893630749,6.561288724535799,Design
8.2228690327056,6.4061097245786485,7.236514722012605,8.418294190351961,4.733198176481422,5.446261534746918,8.060811469244658,9.807627094163573,3.5635475514328467,3.751561927286117,Management
6.00324368596873,4.494945296977171,5.651754448851298,8.095617144628312,6.694945423185241,5.445793801713539,7.721847524275067,3.192333836280227,8.254632523085403,1.057653963565588,Law
4.8353473049212905,5.787543923098459,3.5119999860718982,6.1030482896131115,4.200728915438552,9.685888469356035,7.13566296820301,7.146823675822498,3.696471218765539,6.375125773803266,Design
9.029443061856108,8.503176348214467,7.000222608680311,5.705982465649655,5.829129392968614,6.010194846688168,4.876128476881885,2.89163079267842,2.1818521703651443,9.108165717782555,Engineering
4.479506996777524,7.307485058787444,9.245643772616532,5.898958382822327,8.466669221548024,3.4763821765618883,3.772250258075981,2.694304159401234,8.195716687457528,6.809692197266532,Medicine
7.830983497520263,5.699029707255637,8.03721696036305,5.897131580863202,7.966557049112904,6.200009702953157,4.071629580139933,2.1159100997630667,4.830487489404611,5.5380016015559095,Medicine
4.9200929424176945,1.3699891710570231,5.27079229885725,7.967773366172957,5.17713579812954,7.059420810773575,10.0,9.987133902896009,,4.9968065799420565,Management
8.959500296406016,9.080093450046318,6.005037830343604,4.959545229230522,9.21754136519728,1.7059991319004508,5.715448631826355,4.063025088141786,5.567163289202723,4.714439826479875,Medicine
1.2719216926213113,0.0,5.328683630158597,8.516299487685712,5.835813380928855,7.728299164240138,5.194874286607794,2.5960466369347843,2.2942576098844425,3.9432856230805062,Design
4.1691486305714,0.4390842014205383,7.230343292294147,8.292058048536614,9.018887697617139,4.958145192713052,6.719094383899862,5.766949098971775,9.440241977770901,2.000890473271166,Law
8.253982356782673,8.427260602967225,8.970498410107497,7.216860152186618,4.054378003876307,3.0800848381005483,6.3873891415435775,3.069065376273569,4.44897017795059,8.99839024713721,Engineering
5.101309940990354,2.8756424627882535,7.569755542385433,3.676113019298876,3.2650788246929854,8.090029010229005,3.7319507235094598,3.8671720682141104,6.3017378917480755,5.686381221103355,Design
6.9723248974684475,3.6534338272750113,5.784317188368596,7.928113051529064,3.9185469654370393,5.505856585162157,8.901067373997277,6.806943889808898,4.253883580661733,3.606026959024605,Management
3.911866136216003,8.592899879419235,7.215170100621791,,9.683131943421703,4.369077801528116,5.760821790766513,3.0833778430915997,4.123992805365271,4.660356291646369,Medicine
6.663920333977568,7.188014302354986,6.186688661678185,7.898439857742449,8.963783177400865,3.604178849929515,5.580399327618744,2.921880077918329,5.016352053057383,5.853864084736179,Medicine
9.007942533915564,8.708920240557179,8.801158577507472,6.754721640547266,4.614227928204945,5.509614218575484,5.394988653328832,3.3809979747563297,2.3099316234314586,10.0,Engineering
1.8119115286673106,4.594532832292414,3.8942868361718763,5.217058828193591,4.3424585539253435,10.0,2.6929524821115898,4.380597502207399,4.597668109283469,5.5676209420410245,Design
10.0,7.801066360931923,9.215263244834373,4.586010194832857,4.34482394094006,2.892812426199403,1.9523536990554637,4.725595541592858,1.7195065939582255,7.90781380149554,Engineering
5.034517488888501,7.459909963238978,8.343952273818669,4.2846704866583725,9.704912687649504,3.6714609936550238,4.724989415995313,3.5326765855102766,5.755558455592528,3.9257538701224193,Medicine
7.078141819768328,9.334977470216806,6.00204411028677,6.967688431250623,4.4283672712450235,3.4498860704248364,4.241950406006501,2.177608356567866,4.126092761116087,9.452156152691689,Engineering
1.823718797759963,3.3471271709930077,3.9875915646762055,7.36062055307702,1.995742629601948,6.854753140445002,5.17335778407521,3.9621861259729303,2.044013202736887,6.183559758901304,Design
7.074329502861236,9.363014020113631,8.779420021474632,6.572721155172121,9.14495692051542,4.476232813745057,4.625228904434485,3.52647701460208,7.904702120056987,4.6484839752759255,Medicine
6.470754141107224,7.613479628493074,8.62932071492046,5.388069152632637,5.528047958197105,5.448038794106868,5.868823823540396,,4.1671600309337125,10.0,Engineering
5.560007529885511,5.381293571202892,4.54058985483519,6.618899389052533,,,10.0,9.053776012785134,6.889069320022783,3.62343608522694,Management
4.716828299102048,7.05254829199164,6.074329583962148,7.2343924656547856,,2.2216750394035785,3.724570822291321,2.059793608276909,4.535503421653139,3.229333919891552,Medicine
4.887050256860213,6.1179574192515584,6.024520400742437,7.729800581693675,4.371800079644901,5.479487403515151,6.920170496406445,8.779237853076404,3.2818890428255174,3.6393753398169886,Management
1.9628266154129044,2.7734467402538603,8.040838185549882,7.967262502110396,2.913391993274293,8.123541276342621,2.8675293472722863,4.60143994317611,4.210616577584555,6.526423130455986,Design
8.408115503852308,8.434583667047029,8.56648467611781,4.504804139341373,5.670239933225952,5.961236473991232,4.792457200351378,2.651209011935874,3.7129562970787395,8.744365663731935,Engineering
4.507190480218052,2.4284110293171155,7.98889559120454,6.649291178494778,5.23477319329938,6.284103664386649,8.674940168221864,3.63591411331205,8.496100463488299,4.325359178261721,Law
4.350183500682244,8.964336639561159,7.395766179657961,5.542844948500164,8.536824768607824,1.9200658656903515,6.832878082457537,2.113901081710436,,4.957783378907308,Medicine
2.516385922447527,3.9977324759829123,6.206750591711823,10.0,8.387960607027585,4.993147653934797,6.271643497117062,4.0047357127251795,9.705425659549652,5.302037038245832,Law
8.83365634992594,5.771168335855042,7.572034653615676,6.503436580080777,4.136420119527239,4.334320154885135,6.821146418406856,2.138526709701046,1.962400634918716,8.774802417562748,Engineering
3.282422837106676,3.5155083931555366,7.516970103378072,7.222751950755497,7.298614289298486,4.079732621928729,8.037523407272438,5.599755145581418,7.744285973445233,3.60953048330445,Law
10.0,4.272828560082433,,5.2859536641928635,2.2222718554549377,5.122437975702006,6.623385104133659,2.0874617825322326,3.437321220296834,7.30942947951463,Engineering
9.551953151409124,8.124070750034058,5.3327116377784805,4.22155922774326,5.394089471079834,6.576748799240103,6.441920754939771,1.430383097086108,,9.820169781427808,Engineering
3.3242108058151416,3.756234226132563,7.236399837637037,10.0,8.442808637038572,4.7673565971518075,8.670841207712073,6.420733103520526,9.51868662258649,4.84530251465944,Law
6.9952489890392595,2.098599322984496,5.304587315745691,4.559113722791795,2.3691685806709657,8.070534671039592,6.071286418328021,3.8655273765005065,6.924106507752112,6.040773032663155,Design
7.9947768646131365,9.92061176446707,9.15855810044733,3.794655884489625,5.372596415097808,3.9929525868593183,4.249904717209207,3.9079647261392583,2.360728354350825,9.660712561219842,Engineering
5.423619156614735,10.0,6.060931533472399,5.726854453093805,8.513320689221967,4.0003511353146335,5.3374947522741785,5.7191698162141344,5.437122720258081,1.9085298484239592,Medicine
3.3099392579774305,5.3292644834320795,6.271081389707162,5.457800610186926,4.2051750392179015,9.33964370378795,5.462741084327353,4.231067604977292,3.0879349401785112,5.06440754404871,Design
7.725084430446984,8.0110573147401,9.533411928790315,5.734473125934318,3.6471285823667423,6.5941808423436346,7.052941153876121,4.142923651919709,4.265762564747317,10.0,Engineering
6.508944848552539,8.488271287313843,4.895206633846386,6.648037752384616,9.902712531006948,2.4431352242555957,5.83038719617877,3.4310042036738,5.975192742202034,6.133568149634709,Medicine
10.0,8.57081268260845,10.0,6.070691106359789,5.576384629836177,4.614457760404879,5.086509560616967,2.59334902970964,4.286459114973309,6.968205289950674,Engineering
7.223374754220609,6.125011123772765,8.424065382983713,5.60917530430879,3.598441986056035,6.080341414968367,3.2551722837178207,2.9709731265956734,2.239663624587099,8.43943654855886,Engineering
6.119830239784883,8.803481105102286,6.959238889120548,4.623519163982109,7.248580382388264,3.805864191807053,4.785151638970833,2.263953942681999,4.769882338100632,5.079319312038467,Medicine
8.793227791363234,9.23194449280279,7.055563628807175,3.9764369292289667,3.0786789847464027,5.375591667319319,6.61843159224038,2.9392587302886364,0.0,6.284809278606511,Engineering
8.244048591684917,6.550997948011695,8.201919550382,3.429367462362014,3.3132586172655243,5.294821859941876,6.714717157063815,7.1519741195983535,2.237439389407829,10.0,Engineering
7.579505224806526,9.233571255545444,6.898666728599791,7.629573869810887,3.3127781377101915,4.671274115887701,8.222176695868505,8.305019687652727,4.479098815115098,6.311420899849474,Management
3.3502713565972018,3.407077958239412,,7.545132737535287,4.141268203412363,10.0,4.791896040198575,3.786573049013758,6.285940298840936,4.748522338163819,Design
7.990348265368049,8.181901605650847,7.438452360307752,4.009118293182327,3.277712428396568,4.174742886837106,3.487484060270048,3.710677426781737,3.948630375918821,6.436772208962285,Engineering
6.789479892482377,4.2157419093726665,3.860481885741482,7.956904320056575,4.926538368392621,6.171338567580726,7.9910078361179435,7.9580767790340685,3.4979019856048508,3.3003787184870736,Management
4.587335442550176,2.9973112647652322,7.477335933966288,8.948309099143374,8.22726512512705,1.4352663033164892,9.945139199110205,4.808525192405075,9.254809405281081,1.2084682560057685,Law
4.475296488130695,3.518767286193908,5.582761099068753,6.698371718098193,6.204671214208721,3.026227969278694,5.9184613120757374,9.004271519783819,4.624965346209998,4.5254796768246655,Management
2.3350673322661075,5.089498927342159,4.23944510262205,5.50043111283326,4.740869300583686,10.0,6.0333026663899565,4.893726468851996,4.941204301097905,7.285014572388,Design
7.41119697313556,5.221877625599355,6.867159211858749,5.177395533831419,6.4516224530100885,4.904728317623736,9.430445465397204,7.735707316787463,2.959403743705767,6.569305357880559,Management
4.137825495351934,4.987971340475594,8.27848442445289,9.026400408528527,6.706585223038772,4.794934923416559,8.816657816753985,5.55993503341098,8.716755720523366,1.963955050734432,Law
7.6096083919368045,8.13541976352989,8.218590056995541,5.480615018488468,10.0,2.526097666954353,6.7270224540292505,2.146568061135659,,5.76871694750823,Medicine
4.981790541471573,2.8218935614343925,7.156255673457885,8.016017165405415,7.790401739464958,6.956193409822561,9.300577515163233,5.460822641494094,8.467117454765562,4.097461547900751,Law
5.4164590936355,10.0,5.602125105712213,7.6306895433144435,7.869850009986308,4.709531887804939,6.426525759363727,3.963666297080528,6.18190748287804,3.502928406569657,Medicine
8.008388679748794,9.688996787121885,8.036856837620146,6.458770239007213,3.28629701598716,4.732931174772081,3.7649713286162445,3.059257001329269,4.0924005786946145,6.254483449849946,Engineering
6.611585462241222,9.86865719662492,6.808804450638815,6.604790108306678,7.4836727013466735,2.881112043886117,5.9998917525568505,3.5784246813080083,5.591887969941549,5.365110653343179,Medicine
4.393688670872711,3.8594429103180024,5.031329937600104,7.996551943530251,3.254939361293938,5.519112372863268,9.244140257332152,10.0,3.50658191475051,,Management
6.271963240232633,5.852603132413079,4.480774648213816,7.124800657599658,6.877525515323093,3.072821764836546,9.228595107446447,9.6918290077987,7.059993561868811,1.9421579543610927,Management
4.525563197964897,3.84106846618392,5.665194461158362,7.7623463555691155,1.6361245660121786,10.0,4.758000050309621,2.672006331439653,3.0221273488640272,3.353950558459342,Design
5.381923737885623,4.332393077965457,6.452112285162966,10.0,7.791510373271158,,8.091763542028284,5.282050370698881,8.204019082058425,2.9513109895217107,Law
3.524512099175577,5.44794635834542,7.231420961262255,9.915735169122929,4.777616526728915,5.238804701655643,7.290241484320152,4.374127970242339,8.73524794464747,2.355427170044364,Law
7.156237493481883,8.871024744206133,7.518834166887729,5.795919608135903,9.243724440678026,4.488449386896064,6.125562104133765,3.927498601177834,5.76535630974549,4.872057368744886,Medicine
1.411051218815417,2.152886735641937,4.75221624845298,6.542889109801682,5.184108877117097,10.0,4.800744072399097,1.3444992817662968,4.508108927584126,7.4117458609919975,Design
4.672340622864348,3.982284692421419,8.283058690560276,7.434778012013123,7.915289896417102,,9.728609083979611,6.283520022235036,8.938741080464492,1.6933616945010093,Law
3.3502790563833145,3.3669323458133174,6.8910956934815975,5.931840456834051,1.9614653258704795,8.366280265663143,6.151866758458898,2.938992674300012,3.897762451115918,5.488143411715842,Design
7.337530442426679,7.658004548206741,7.608391520970365,7.296219871391136,4.285580891984916,6.674977524113729,5.080216024265479,3.5483961873480494,2.8845646179737487,8.504935127107897,Engineering
7.62651436921642,9.920611724421045,,6.100876235713812,2.0674164491207168,7.421012829813344,,3.26275020455466,3.748210462999863,6.667234742367847,Engineering
4.124549764502668,3.2658249808471647,4.092552758640416,6.049494778701507,4.1121108427375805,9.261068763100173,5.144291738592634,6.683024334069938,3.188307580054585,7.165865626693653,Design
9.910873105779682,8.476490829408398,8.1278766463776,6.090155253101305,4.098725027789664,6.216211263104694,2.619172090520339,3.06371042144576,0.4119444063388027,6.556420920704634,Engineering
6.9109133936981255,8.323746958999024,10.0,3.3527131073669523,2.8346100311004183,4.4493114116009105,4.3232350632879655,4.556381674079738,3.3141576357670894,6.192549322465233,Engineering
3.599267315251401,6.982408767455889,3.499233299979824,6.7460667167747275,2.3785277724700205,9.170554136146414,8.33916377481724,3.248920306728718,3.058965548724557,5.4772321417029195,Design
6.8329478432637965,10.0,6.923245117503428,9.607289523847346,7.86898493621164,3.0035996155430302,3.4269312954042555,6.030332073025491,6.065281844403267,4.565643046605599,Medicine
3.6523201600675326,4.387932482120243,4.714337314705409,5.948923153576665,4.852489059292904,7.096778504013063,9.279556536486465,8.070316792972255,5.416544196633003,1.083179168553817,Management
3.790181203024479,2.6497414545265245,5.162632808173274,6.965094152510642,2.193647019184204,7.905842479565325,6.6279281817053075,4.598507276424515,4.870680325725493,6.022277483007393,Design
4.76801989630491,3.41835511255342,7.623767818382017,7.555597834900347,2.969923841335512,6.2071864986194045,7.9845943533395385,10.0,3.711956968075626,5.366593765843704,Management
2.93827914926821,6.2400168632042625,5.713383042637786,8.09225456853755,6.895122703124823,5.890381468673533,10.0,7.385740844203223,7.616589566477013,5.413243258035395,Management
6.730989798143978,5.261209915427774,5.81004021515997,5.710145698777391,3.2265999836072026,6.617693284234903,6.861227775560185,9.509634594377886,4.648653842766775,4.490272229604336,Management
6.597525397611896,7.232080881847468,8.910286504667443,7.067609707154704,3.552191010933309,4.149609627911865,2.2085242613397487,3.28853430329162,1.618861264582568,7.811728744424104,Engineering
2.6206051521186904,4.833694829184526,,8.089004097094092,4.981624163026184,5.249506086087123,8.367093553649216,8.970848399249286,6.247726463717317,3.9744417567893864,Management
6.456186860753133,3.7994791243850776,7.364048853551553,6.461113017062987,5.156209213392756,6.078776523321125,7.979697347122387,10.0,4.6936461036150545,5.025499427097956,Management
5.124400162391443,2.333353062997137,7.940620079200689,10.0,8.133149653934586,6.40039311721168,6.5375718244096745,4.945288132872697,9.305434767963206,3.5165268007417234,Law
8.753635165085754,8.81822520793286,8.671435957057497,6.564393135451675,4.62297029284501,6.020095330971192,6.132069601476631,2.4541153807077425,0.6494127390680302,10.0,Engineering
6.524226781778544,3.721352297163734,5.514056595543132,7.266185582418739,5.941818085214777,6.592945656621543,,9.991045327260885,3.6540624000169015,4.60959814739337,Management
1.171041398643792,2.920036709141252,,9.196972063272373,,6.217183003470835,7.996674846801249,6.038586805868328,7.2785684355914135,1.5759882040191522,Law
6.565759162437715,3.5097235403577614,4.2745298422100975,5.434059925684535,3.073860259979412,9.565120229401517,,2.862069288631563,1.8735337253477744,5.841780663422921,Design
6.34780237196452,8.60367177810857,6.31509084521667,6.1808480633438485,9.993365054769566,3.048389687222571,4.918351259912858,3.2383448781979474,7.028456208836795,4.609599264292793,Medicine
9.01471403676007,10.0,7.033885005640772,5.006251534673137,3.521240507602793,3.8373501400992125,4.575859393470048,5.355730868789856,5.388602678133776,8.063279007447807,Engineering
5.603927530157639,4.101833712666836,3.9536464063600114,4.81710089528306,6.013958718369377,7.158251604936626,3.5078064034044987,5.72531701651487,3.4394929817528137,3.9637183411339914,Design
5.403095079116369,1.5154383863060108,6.648635666297036,7.907369288972405,8.028207622377892,6.616210159302283,10.0,3.941426181004733,9.184524425641646,3.72643720778501,Law
3.6824923787842296,4.043346836555593,5.488692118988515,4.790351341056283,5.123135514984628,8.298965273892934,4.62027472807211,2.4310530733044895,3.0722863601003363,,Design
4.370021594811215,3.1951231441762626,4.825148977269784,9.809215087452754,6.177813555841791,4.952901700193144,9.24905309614654,7.236957958289922,3.6255600034536593,4.136322245724452,Management
3.500764353550094,3.1790483874245323,5.752492683878249,9.527978431117072,8.766805320209855,7.709954847700663,6.691613212214274,4.651867054222262,7.751513918230319,,Law
10.0,5.178199967265964,5.881666626675123,6.534590251785707,4.578608982552579,5.3255801903389886,3.2756850656858867,3.469796175894524,5.604562233521745,9.571459505734621,Engineering
5.935532599753479,10.0,9.341287780895358,7.082584788014718,8.010426860069469,7.240560526630074,,2.257523311332341,2.692574042047655,6.814919040018166,Medicine
4.598391340581035,3.1262029129803928,8.205518067586702,7.125467771872097,5.20232444260674,9.872764067432565,4.450543208340655,5.277128149888459,3.5465174971127444,7.619358865946872,Design
6.613060250199654,2.7862279802567276,4.731813367280836,8.429405274330524,4.1818520062662845,1.924806960393307,9.343381887249024,7.652860325510601,5.10727664127683,5.81066840411206,Management
4.375415150464286,1.2794859829626772,7.309268380832838,9.797661170814788,6.262666885792425,5.148226627427399,7.61571592978273,4.163117702018001,9.611075012438695,0.13706620032787686,Law
10.0,8.82598248571966,9.462018507195637,6.327978168383873,4.943028830402738,2.6813055313715615,5.108707400633724,2.7769504534961373,1.3362067550679733,10.0,Engineering
3.665877829120579,2.4581295863182446,5.966036813903521,8.734332732502832,10.0,7.221912506069533,5.340873061457292,4.539217605230833,7.155334898878191,4.284839063574976,Law
5.856409785299972,4.9548641847012025,5.329529439988577,6.418215527433882,5.945320024584367,4.891180914691593,9.204671045713306,7.555029648533032,2.741967074992682,4.981849904841516,Management
3.8091060270011665,5.963998713119668,7.006343267795477,7.8623574651468955,6.708209604204535,2.245900875801439,9.492416260111066,6.782387607999261,9.280968711750186,1.8350845498914863,Law
10.0,8.304760451426727,6.078769821587766,4.196911530503917,2.23734611426384,5.0225350178967,4.8416532087306665,2.8910465927307047,5.614203946120669,9.213677736299983,Engineering
8.576938390189266,9.060467121279164,7.083171024779511,6.01452414374563,9.937808178953622,3.5724041685666097,4.452261542960591,4.272170722764454,4.3002111760883555,4.95091845521691,Medicine
5.811845478131572,4.894912071750154,8.343135589355846,7.108984123853066,6.906101800976958,4.142689664760371,8.513507326956669,4.972249655208272,9.977929223485733,4.709807617367566,Law
5.400665835244911,8.436797546390073,7.426070410937534,7.259419795357977,7.320097242069219,,2.3588945607380647,3.275227919421776,5.990794014546292,4.635910785054862,Medicine
5.3647126603481485,10.0,7.420834564252784,8.106517760892384,7.517659268647249,4.072986342317417,3.7245866944488384,2.4623131844322566,4.659264510431982,4.056384313106719,Medicine
5.973977860959797,5.45002346202603,4.921035389926293,5.322569790532038,4.542007859276838,3.422961766763486,8.519075117319835,7.985409638138735,1.9594471972190388,6.25683268961823,Management
5.9716667773738825,3.0291515257285244,7.433731375103173,8.922189282995394,9.017273634874117,6.519634069042499,7.978590521757929,7.567358410964566,9.66635274344298,2.6947607876512563,Law
5.63424805278597,4.94085185124405,6.694887477989843,9.767404422921889,7.140496252802266,2.1003574629851287,7.660302225775196,4.387863956369511,7.927884286236729,5.567946053199183,Law
4.158908430076783,3.2798547408722247,9.153910520303727,8.026704464619057,8.11868190382809,5.7410161317479975,8.55185273490128,4.792503532223126,8.124422354891545,0.7395398987227888,Law
4.373823136363617,5.354225069970044,9.72239500031415,10.0,9.020749998748506,2.8676417318157563,8.13331036317337,3.3861769085311026,6.566287448605014,3.31090628995041,Law
6.561838712058315,4.010527154753516,4.015425546625869,5.80792344355623,3.9847234635029585,2.7192938593564886,10.0,9.478014197933629,4.461050637081142,1.1526934349518227,Management
4.776013200819653,2.6736328876535818,4.057458127788566,6.8365548247689425,2.0522716976536923,7.676305207318632,4.0042702779653006,4.648313638946623,4.807036670891618,7.050473903440362,Design
4.3025338018030235,,4.163954952021107,2.875701171268388,3.272347961527049,10.0,4.847800340594135,5.336660993263066,7.058008066506106,6.025272602556124,Design
6.000689269793029,3.8028203899787267,6.76934132461031,6.1935683290396195,3.3241002480729316,6.030857053274128,7.070428079588548,7.569986800125706,5.587782840587154,4.682583342979122,Management
3.27198368685092,4.789462641610774,8.054892624027852,8.417518445615077,8.189140961145903,4.391030722047447,6.372131781557744,5.091645097727513,7.692684718750413,1.771586013693871,Law
7.511201906086594,9.916042181886842,5.750704755498384,8.330086446830457,10.0,4.779459875727491,5.26565199337164,3.293940413057683,4.897643470088809,5.833020674528434,Medicine
5.358462688630713,3.501005822005164,6.826678565883234,4.627700501830732,1.1328741811994436,8.127529606776339,3.9518613314408264,3.6784168066610703,2.752812851985544,4.900557549146374,Design
6.430703248419209,3.0894155811842285,,9.986346426850634,8.031023747546456,4.112719191429097,,6.161963859624859,7.638292111222283,2.835891890544756,Law
5.619527318642588,3.832697489891886,4.761734961478441,6.239171570345777,6.958799169754129,4.229431194399163,9.901966899331285,8.432570178125479,4.466668871151876,4.730397743710144,Management
5.9272709383411515,6.063021959149105,,5.293178629974264,9.13139564694767,2.333593377952735,5.0390085000902225,2.6318876724475424,5.39403245043543,5.162106460946751,Medicine
3.0622195658590137,3.445506623172797,7.5876909358882205,10.0,10.0,5.00511718566298,6.798275206083151,6.023209774727666,7.592271494078281,1.6566612552142619,Law
8.433443754638423,7.896351566986149,10.0,6.662477327067433,4.514879070818906,5.323423502741408,5.057476091535458,3.236211819765788,1.592844643395227,8.303632559110993,Engineering
5.628238930084646,1.4376063620821395,6.795951379667439,10.0,7.186095397355889,4.189711160017478,6.352644786644901,5.436599374751571,7.542855642815146,2.758705784750835,Law
3.2817456360672868,3.774963017462212,5.570867142202553,6.113253665505176,3.373470077599936,10.0,1.4598993932624245,4.746991647705197,5.56323671289833,7.931063060993079,Design
5.609850379119483,2.5333260825825246,6.230946789607693,6.959859536489045,3.7617023338156086,3.5771276796157094,6.467055449732627,8.51714603399697,4.3893765384476096,2.862108946788989,Management
6.866234714463604,3.9701710194846562,6.365312032132856,7.309745359007389,4.67371453323513,4.371299473780872,9.527559279089504,10.0,3.776331133416889,4.719602656462423,Management
5.776159290316339,4.669219508051133,4.461162273905133,5.359896204339025,7.590565641085917,4.664845316379033,8.321441117004621,8.482865972426756,5.212514015306785,6.3046269000183575,Management
7.4456189775778325,,6.736330247473088,7.908973502640488,3.1839258494922715,6.174920269954374,6.662432827314998,9.816519376614709,3.8406508639298975,4.010877429233388,Management
5.496865532377562,8.070659661007497,7.886691156270164,6.097201503231595,5.412539714087651,5.179713861676286,5.98817301098861,3.797974786349589,3.6890841172819067,7.583924758269153,Engineering
10.0,6.0059801736090215,9.622976417807646,5.072917209940238,4.420278350422499,3.631231936084866,4.56520697593736,5.190057973108646,3.757451814584019,10.0,Engineering
7.621316992580004,3.7935174685912694,4.4292360719343815,9.238577935773137,4.936229444500226,3.2555494467169384,9.426159154040947,10.0,,2.9280789652272254,Management
8.008851507414246,9.191204873396936,6.2468281658283225,6.620600065535774,4.0064075173146705,5.490032121403984,3.534915716738877,5.227220386904267,4.619325448223435,9.747467683475096,Engineering
6.3075914033956675,6.925901693726861,8.821965671441626,5.267005386915319,4.17060916036758,4.793059667205921,5.264404712805926,2.18890314547396,3.918904533168766,9.36146576150113,Engineering
5.047269801802835,2.7133174785369314,7.591363066585727,5.945357783247003,4.744201614537203,5.41465949168255,9.8467863154017,9.798548358432821,5.094184388429921,3.4768398587278333,Management
4.0907687405901205,9.822728820624475,5.981578629934393,10.0,7.088104342603778,2.365402782524219,5.6631803302974735,4.988107522657484,5.083966554026188,5.743915146243457,Medicine
1.3730381770061575,2.518368366171214,3.9123638163205174,7.873459512940222,3.4865909429358033,10.0,4.629459813684238,4.266432265235161,3.9575848707384194,6.9385011141701805,Design
2.0977538055438596,2.0117981144492365,5.9743836874009775,7.41433255084845,5.823160565122103,4.785666669170747,7.059547289619978,8.46298769604084,4.54369337298505,4.30000463344186,Management
6.053567886816106,8.920029616513972,7.9153925841317205,5.1672670472225715,9.822070162709213,4.606227403821542,3.28799740427717,4.57074167312465,7.904321005037051,6.30238416041423,Medicine
6.149735148098627,8.604357213606702,5.910829763589056,7.413933096759035,10.0,3.934236378136541,6.700290310913791,0.43898045843695144,4.927910612749711,4.947876614264233,Medicine
10.0,7.4716604787,7.8340844522070014,4.442095453277759,5.300773249348144,6.467663980537159,4.851868305048662,2.4077965799487133,1.9281744196013886,9.345770624172111,Engineering
7.405885610517092,8.575883213889023,6.769279266778336,6.009649262774207,6.0081393667054,2.528417627899951,6.249421531956282,0.2570641590560365,4.003790045499583,4.480363926823307,Medicine
5.637711213974645,4.909156117022022,5.281301373456817,2.718274315920862,3.3073320876892973,8.014625983519837,4.831357475286236,3.6275818394671084,3.9730381878947174,4.148941681998966,Design
3.5155274883777037,6.082144084636386,5.508562002929417,6.435430381077316,2.7985984636108636,9.896882547126582,3.1076823098746726,3.899312190565776,2.42924348874613,,Design
7.100757117448385,4.960629675360481,6.698788776652127,,4.31831033298062,4.440539901334173,10.0,9.994245553244568,3.598704504639448,4.0517812986900745,Management
5.41945768756306,2.0282395423916215,5.788104632204106,5.02748249485028,3.37177444288403,10.0,6.265063634966617,6.3179767454987505,4.553267325478748,5.356978172017468,Design
6.9598194795194885,4.10644066177436,8.244113640438158,10.0,9.002347081787747,,7.854318409862907,4.650260370461142,9.070002712209657,3.4441981517456135,Law
8.72181260210173,7.271415690556002,8.54036136063512,5.172318339975637,,4.623161699882669,5.2578955088143715,2.5026178109101673,1.9518336331099106,6.731683531130173,Engineering
5.367101444460163,6.496748041655067,8.118087403802232,,5.428715427419856,7.596485489972393,3.470400864741907,2.4112975746892493,3.3060828788029095,10.0,Engineering
10.0,10.0,7.973149954915868,2.9821105471937592,4.096370830945273,4.62791016520713,4.753099006671066,2.052595545501597,3.7534294852194208,9.181859587871912,Engineering
4.263297391846928,0.0,6.869887358462995,10.0,5.813652516384016,4.646498560540202,9.560839578440874,4.011203161086375,8.502793804555992,1.3047788656037023,Law
4.021140942251143,10.0,5.676189807930364,6.633214077234104,8.184595238379643,2.754584919088402,3.721967494044242,3.359338673529881,6.294201126611487,4.831342935854946,Medicine
4.268465493134476,1.6624388222773592,8.785784007788202,5.4395451319736665,7.419725298463034,3.6937420090799096,7.69263254123284,5.7301603501435565,9.964794250739345,2.073873664642192,Law
8.422932560166288,7.05192698271424,7.961185014413384,6.324083491053865,4.5038912785599425,5.4422729699288395,5.871103014862847,3.0127060982331075,3.983122612718748,8.992495384495912,Engineering
6.54912977638361,6.666966833888724,7.800845249735719,7.096947055964197,3.6686455918462815,5.832277757127386,4.300188936279946,3.8223318291074375,2.816185847213057,9.634973580120567,Engineering
,5.09977943368383,7.4068565297790965,6.822263418137395,,6.463776490210176,9.24735949328811,7.166206869075795,3.033033672803863,0.7026409935675928,Management
5.159671361900777,5.160849478006159,6.0570454226912105,6.866186511024396,2.635359376363679,10.0,6.17614789520332,6.4667526771795965,1.8310332101028948,,Design
7.026370900561257,4.897320419929514,4.994714574685256,6.3107659732721135,5.8519616318837056,5.105776261766332,9.717358063306445,8.76833877427807,5.830432710682775,4.550295829471832,Management
5.703338007812321,0.9295376570224283,9.25998621083104,9.509680751558864,9.314015799207455,5.003310312851271,7.563602272084203,4.642098023929329,8.977287689952067,2.5947277184240822,Law
5.393658542190336,7.558556132580549,7.298298473795959,5.82086383913967,7.887931844891803,4.961123833377374,3.4897466333853493,1.823025223513618,5.200303989793529,6.260232727972667,Medicine
3.057752660428986,3.7712344784331093,7.763013634725862,7.945314764777226,7.772591153395008,1.927734633043836,8.70428977218322,,8.454946743163127,1.1452985523128871,Law
,6.53284115013029,8.672567170673403,5.425148162989004,8.473081726661896,3.2383063264129395,5.348611615241911,1.7643029306585352,4.766077885751702,5.584759924523494,Medicine
6.42675615070534,8.184149586425661,5.851547297086073,7.8676973518308655,8.416968239338159,6.628741636109519,5.060202954232382,1.79609854754436,6.59502313936672,5.8200402133898255,Medicine
4.744496244588748,3.760608037399126,7.657612708080157,6.37628268846043,7.895482087922364,3.631274253209058,5.957617628349675,6.864223770161379,9.155469774094795,2.961219594772088,Law
5.585162537281133,8.026625488824807,6.713147104786333,6.891447117230902,9.77779106840029,0.5873093106741569,3.918710473458347,3.2068251148457074,4.871477949249028,5.524389115284743,Medicine
2.547499778606913,3.7135017811062045,5.223960333227956,4.641237075270045,2.8882557681858043,8.799082541456997,4.001812533667824,4.509222817923295,3.6383703918341017,4.705332701812951,Design
,7.977168325579321,7.326849976769734,5.054956779736953,,2.7826521191798275,2.8996441588831185,4.126686886183183,2.3204656949794153,5.165832355633263,Engineering
5.299334439237178,2.806699053379969,5.990489027496569,6.925948424047605,7.016392826052403,5.07850457509725,8.430859302767798,10.0,4.246811705250107,4.723003924758818,Management
9.520297247590575,8.354080681856512,7.57196272875257,3.788120725624286,5.586550265208638,5.454155809328558,8.097382967489295,4.046245178342419,3.5040140836406195,8.282993690858865,Engineering
,5.254288399389958,5.981696630978668,4.113766356557103,4.095765577277193,9.871143903333731,4.288089338346892,2.6252791034971623,4.130384883598588,4.19890197408896,Design
7.169453259591576,8.233058325443212,8.785995689163295,,5.585644619688952,5.463932376894363,6.90229375858543,1.9546080293802939,2.168323007425328,7.295451276172818,Engineering
5.054421937143129,9.052437327221098,6.5940513470113515,4.438715613019667,7.30340751687591,6.0386683811829815,5.5001403089608045,1.2793352081781941,2.997539311397066,4.854186929856241,Medicine
2.3670450066271282,,8.49234050179108,9.061069055189346,6.872089280704837,3.2268085945539204,8.833711771054295,3.0354105075553237,9.883811599064932,2.7852410931304323,Law
,1.7822470990759782,4.401284814735005,5.615604931569455,3.346852086196801,10.0,3.25046572324349,4.337371662918684,2.1491482554351586,4.995878361239064,Design
8.135458381467105,10.0,7.031783338495723,6.118575981616834,8.328268423342937,4.295311637903706,7.08006146571549,3.549207651508395,5.943837742950883,6.520051141791223,Medicine
4.182557005167831,2.40298840223436,8.308936372751267,7.954152834594865,6.719008594709155,6.044854896786953,7.96100750900753,4.694591743277246,9.333862880153832,3.0116114350439083,Law
6.358515835503592,6.670200375013396,6.59570612047162,8.392771560410184,4.463059277481208,5.182366591344228,9.780033934833241,10.0,6.4343323165358655,5.046818018646428,Management
,8.014281167585784,9.642640236011161,3.5534148788771023,2.7966142253049293,2.3509529399448668,5.042503792829252,2.046202437631493,2.5000848569767085,,Engineering
4.138187172374841,1.5013241661353662,5.960971778568034,8.326859996492638,7.927281907721451,6.799808323501155,8.196790646402793,3.814297936753268,7.55362536902665,4.787173288199851,Law
6.230164151762886,9.45760384011892,,7.025908751012004,8.153683802249738,3.1562223210463367,7.087128397632154,4.363638726269875,4.01087583143737,5.738977597272997,Medicine
5.3419799532999654,9.84189817038543,6.773573069112442,6.679690453116594,9.913691006193003,5.122095960315381,4.789762696046379,2.129006374058311,6.475857151149145,6.0060585351828255,Medicine
4.972204160451124,4.04599577509099,5.139809900849897,5.369449179836797,4.489906339745688,7.5234650870431325,5.26541822768828,5.409362748396368,1.683043699370586,6.390419407412625,Design
4.151332704017827,7.93161411467018,7.112129987092508,4.965227358320462,8.349455437036704,5.3761186609843605,3.307686341362437,2.731620514066299,6.332183753876004,4.456251092527048,Medicine
4.574623269620763,4.456779336325268,3.128000971838651,3.1770980542384892,3.401123631108123,8.743023952513527,5.7537527972626705,4.526021972838557,4.756424414790474,3.8807261495703287,Design
3.2926671639017844,0.9449465230036087,3.808590233712354,5.512942261436365,1.0775499069852499,8.613691457513482,3.19027452888281,6.6319207089252785,6.814685373195374,4.124343766955311,Design
4.017151752775873,3.868084937356122,4.687494739940686,5.600053698227542,4.290321393861271,10.0,4.835882306734785,4.4463134900572685,5.985688049773364,4.786084384212476,Design
7.428397909071864,2.7751647039529033,6.546260658922231,4.455799046886621,3.541931684850939,6.106679837504994,6.793829492139319,9.55503449402594,5.6783955570560725,3.3482837494662383,Management
3.8783855981289994,3.436503338545786,9.98792185208895,8.639460328568232,9.610504850075497,4.550758611233928,8.040044479381537,5.090946166234787,9.602207114190161,2.1088089032910333,Law
5.023074952945769,3.516069471476837,5.496605104548188,8.194060236939293,7.47050132598597,3.975716093203187,7.597475583386787,6.853203784082325,9.55572507648998,1.716226886196697,Law
5.271416547267315,7.171549184884098,8.327588975984874,5.801773913564053,7.968431182728573,4.053534026453931,6.48536598962715,3.026048478126205,3.4411477360112004,5.707040105345834,Medicine
8.25967892739116,7.114791592274877,10.0,5.299111673310557,3.9431738311879605,4.542226384365302,5.692001941219353,3.975077283673302,3.536552395074785,9.060067303910248,Engineering
6.312269296899453,7.564649461018493,8.711578984636507,6.262089030767061,5.424594553730712,6.031351405759903,4.546657406077031,2.898942669536063,4.1153686456343,8.2513043776539,Engineering
3.7429403206999545,3.1365315004272145,7.485321898950921,9.623652270179265,9.870797608532087,5.452524225600163,8.75081390609012,6.87993534292608,9.240620245979507,2.952280645695306,Law
6.021791194440532,5.2944955811625904,6.199936984697063,9.56365812658349,3.619260758615762,5.489320525458563,9.375110086553908,8.75246471588694,5.99788469564847,3.438348598635985,Management
6.840202263402259,4.950822136833679,6.3763334450346285,7.751993032733663,5.130434576788251,4.751207927096095,8.92317444369105,10.0,6.073886481652625,4.395093428892028,Management
4.569140356495332,8.690032743725606,6.8507886662975,8.57078571585965,8.03889350615242,0.8289754698556,5.6557780419612085,2.0912715909648956,5.055420331769071,4.887283888905239,Medicine
2.6510073060280925,4.037705851116994,4.7377268649193915,3.526095639172115,6.151953408093547,7.697876055892554,4.744864850254486,4.228049723862161,4.923401897556551,,Design
6.092709891629813,2.6327043321011185,6.630835785318263,9.493166595567246,9.98579168418443,5.989787400806328,5.872592124166115,4.656701239010579,7.290215378903634,2.6522337215101643,Law
3.9640507421796025,5.975850597643108,7.316713070593116,7.955764252922127,5.215923319638273,7.294820430454316,10.0,10.0,5.093683817716937,3.5460032106315884,Management
8.417438723230251,8.950940130323215,7.399232679250774,4.10175602801408,4.791586499336073,5.781247070109866,5.432292007026933,2.447710152173474,3.880730294718812,7.532980794775676,Engineering
5.469621195623843,5.037542318932632,4.883323141271552,6.177658709590315,3.2177716587213387,9.314480913519326,3.508562749783905,5.309240410211882,1.8664592007082588,3.1210907889718036,Design
3.222808163732131,2.156273634825415,8.139509261763202,8.769542940070801,7.965641058837093,,8.486748288480547,6.728835222943961,5.989003061714623,3.329417292387561,Law
6.818217329180399,5.618750449899349,8.753672756159256,5.299671124356909,4.494980126696323,4.535053371695062,8.724259344900597,,4.19569330499581,5.335885669821526,Management
6.673640347619853,6.692407378981599,6.038675968056521,7.156794160051865,3.4819225071220545,6.907045970765822,7.4988334925671065,8.876748872793016,2.895147036269605,6.0239629801266625,Management
3.54877886325026,4.5983440341030795,4.915433499016703,5.251284519926993,2.9405866487861148,,4.15226691666896,4.003482270391037,4.0959736484283,6.226631473392272,Design
3.6868439525355114,5.077060225605107,8.792049984521302,9.271265668653177,8.989495714748216,4.12488138566668,7.4891220839654435,4.139888289797035,9.675284434090338,2.0985626694824417,Law
6.466643372846913,9.05987558015025,8.726603607164536,8.687098660942128,9.973639313738312,2.7760011171012584,5.261748309179398,3.5713709875788573,2.647497940407602,5.610168857507007,Medicine
6.7539139942480695,2.0261253081980115,4.200639544888912,6.981345792075008,4.651296840606753,3.261463349589419,9.565143196226773,7.587783274754078,6.441292030763482,6.366822376367437,Management
5.293082354341459,10.0,6.885813617815191,6.766118691826689,10.0,2.833259137888939,3.7092991498158785,2.7445520534824603,6.075324639507588,3.269859571602462,Medicine
4.729810177280168,,4.000350378813449,4.83369165901895,3.6267916942517036,8.757724193895571,6.1102416796057435,8.966705900779877,4.545116921083643,,Design
6.677090066763814,3.961989073871125,10.0,8.944176592156232,9.239294617135617,3.9133998444216447,6.831021508930607,4.119238148055173,5.821312368738393,4.673219937930986,Law
7.8583915669389715,9.333702848756012,8.109202461729799,7.434820959914838,9.310278386127562,4.452314820337524,4.69729406904974,5.490065099044719,3.820981919375329,5.005599935046107,Medicine
6.742981038308371,1.515295699821443,3.64553299746405,6.234666452661481,5.612481862630554,9.246416099688414,6.299094809612868,1.9054564542864538,3.3505915491645215,3.063867850713763,Design
4.101057102236465,2.8422092138901394,5.065057035248177,7.22983115466351,4.010655925285178,6.41915294262597,6.413326838104057,,4.065944545035099,3.7716513546181862,Management
7.114373459623596,7.554342469333038,8.085990092072901,8.04198525275448,8.774123982714514,3.7709230233494315,5.520402880802576,0.0,5.3929356840311,4.852639802808251,Medicine
4.108962965284465,3.211226504558166,5.478643037355184,6.9887126688712105,5.197445928276079,4.63994745024937,10.0,9.634666031653644,3.450752423166281,4.122864941377845,Management
8.02127635617556,8.444022216222663,10.0,4.217085798043291,4.181138800275257,6.010538848880268,5.565195896806604,3.010997107400871,2.8260301461291464,6.712635449119023,Engineering
6.458201246345328,9.440692863617274,6.5193890312285925,5.724716832072189,5.657671627977704,5.259362691500626,5.582802617483293,2.7670842088225625,4.821605287612868,5.956987540939371,Medicine
7.258043002813316,9.749720870006422,6.682372488266612,6.287106664641138,7.9441663260302375,7.4251629807395005,5.722685640689275,2.397059426243135,5.6051458064161634,3.685870406786787,Medicine
4.9737389884515455,3.6770850889676074,,3.2235493800687234,2.040957518021677,5.7357924754387195,7.248836062949609,6.485601837902473,4.510664084079383,5.675649634009466,Design
4.760006900683732,0.05470938851237106,7.0573420764586094,9.850132167199822,7.691868965048303,5.4295075542916456,6.394968581974016,3.3022229153761105,8.407120976038113,3.0410353674768893,Law
8.300209364329376,9.890265235894695,7.906587512507861,6.971904943833022,,4.921672599678327,3.606448682022715,4.091530836451776,4.878663744004494,8.399436966232889,Engineering
3.789617525187612,5.431995839618644,7.634494314361807,8.273036784156563,6.51120363784726,2.066788067680733,5.8733351764205075,5.1455470138776915,9.774303899339463,2.2715430598511386,Law
9.000549318952931,8.723493475576642,8.885343401051257,8.145595293550388,4.3867775776317375,4.60079181616505,4.020414145535408,2.1580585282488123,,7.344563492799806,Engineering
3.498482022103006,7.00447731763859,4.963449102718187,6.084694707178137,2.5038085437149302,9.686072389599225,6.132023875907516,3.7356467522300725,3.9288876402159074,4.336136299141865,Design
8.627402488329198,10.0,8.00854892074908,5.921315989016061,3.461552531639123,4.543017844313719,5.323614083515655,4.600195281000048,3.4148232842306463,10.0,Engineering
6.780696526720817,7.367947630091239,9.046294722316961,5.366884281405575,3.65426729347273,4.123523799758138,4.073961816263479,2.3566374827433747,5.96612274045888,8.886764392541222,Engineering
7.501350903943387,3.9589398260229296,4.499606383736993,9.496679164015422,4.524288754838708,4.0632337069372255,6.209246583785693,8.160245328538092,2.6089704407110785,3.190332912520328,Management
4.937174082171045,9.548101878882779,6.8777802736892975,5.637874124172206,7.6390817348780296,2.426481653882375,6.27249374360836,3.102202970391324,3.8783599745547486,6.0511120744826234,Medicine
8.374967381999667,9.466424514554094,5.5350408010165,3.5543697031256754,3.3002476255361524,6.899532526736428,5.367363077795085,4.497512412599595,1.5177908051359004,7.044603362148316,Engineering
3.7679698992756046,4.1202553992433115,7.081370582770425,8.157056437541073,8.067020932322446,3.0089484532536415,8.057444183184083,6.470802790545803,8.397034746715585,2.736556308709729,Law
6.838646493959458,8.004856108645075,6.2467278887437905,5.897522002286985,6.091453779802638,5.120286042464377,6.549071698437336,2.088252605307006,5.452663920728265,4.654797382981993,Medicine
,10.0,6.745690969950005,6.837073933995381,6.78222670686115,3.418805630571776,5.273695072026021,5.061804980247826,5.288577610979153,6.798836469550899,Medicine
7.467471801799257,3.959259160047934,4.407260465469505,6.737939120447334,2.632510739646237,6.72860510840337,6.415698343076565,9.37288013119068,3.4031986478864056,2.1452855215006803,Management
5.42558748301927,6.953983390303349,5.874592364853704,8.165734013403876,8.597209825876165,4.5864134688149685,4.660152430675051,2.1426529949747497,7.180840284838034,4.755350585833595,Medicine
6.96773135380703,3.511979786832197,6.462401396747824,6.559664942608099,5.084719786273501,7.997171068711827,,9.499758268905556,2.46481460429103,5.976137959141932,Management
6.237105979141038,10.0,5.6019543163955365,5.299885338763349,6.989529711920244,4.3253869744642905,5.08577829249372,2.3962646349994654,3.681710049249137,3.3534248493499046,Medicine
4.979100129573547,6.255529899706039,4.27742247732704,9.600059355132174,3.678536191521298,5.4986827977024,7.862745052478575,8.55315272700079,5.541764407262214,5.949774836397454,Management
5.2670899273058875,,7.921441332625053,6.588969605805376,4.0600901944598355,3.9957327568279104,10.0,10.0,4.362223660014577,2.185071044801056,Management
4.872571611482105,2.6724598744062145,7.594345004768325,8.37935579216998,10.0,5.21104736952085,8.370770447191369,1.5330072785572333,8.413174717522546,5.7081742467767445,Law
,2.150608821980395,5.739723347490751,8.859579769288906,4.960759685710392,4.2267875830264,6.746721646713855,8.701001045163883,3.5158615643943936,4.2668004192138715,Management
6.024472625555362,4.192346005052229,5.752064158849466,6.949684586304525,4.543175751592874,8.760042221159013,7.498057303052328,8.274636388889949,8.782010340878593,4.547317293198718,Management
7.53198610541383,9.25900945362401,10.0,6.721660641825544,8.122914493881574,4.005372747451326,5.333439571976602,3.5658301443223825,7.699724723616731,3.901083395529161,Medicine
4.9481709526466195,6.414082157313545,7.702792353831198,9.256105002366025,10.0,3.665486749154626,5.011498898706029,4.154018133819087,6.458766425785379,4.553403565526592,Medicine
9.170033523771053,7.249199446437654,10.0,4.684136202632004,3.672400131967094,5.703471094045891,5.9918044270380175,4.082529173117065,0.8087234873997491,9.199444771906727,Engineering
4.040974769156852,4.541531883966249,7.6933466286963545,10.0,7.616218280743141,5.107899274537995,8.157650583895967,6.952082434420551,6.281371501765438,2.404069243080895,Law
8.086721486782999,6.872893166779546,8.65499361946561,4.757116015044241,4.283994805465348,7.446827344265264,4.779364264653508,4.037930012347278,2.6980498710984944,8.598427274343884,Engineering
5.422222119068972,4.794760746335671,7.571980010489799,7.675159456572819,7.342135385650458,6.605633364162481,8.775577314703096,9.326932490323163,4.678408267657912,2.3733895787265107,Management
8.556929235786466,7.17733039302428,2.4817612117538923,7.373245802408216,4.065368858569567,5.155796697823846,7.956099409499299,10.0,4.353659120941612,2.8158206215400563,Management
2.8256710107173664,2.165809284875515,5.225777055479403,3.264603081874481,3.882931696976154,,5.210172201274401,2.743372732674741,3.5043185704058795,6.285902518872067,Design
5.662501759250493,10.0,8.136560982594784,5.223517200263956,7.387815611218851,4.141312798657433,7.243972087070363,0.5097652861903077,5.361832821441656,3.2111436689549073,Medicine
4.56681721061222,3.0737416185794237,7.289225141362907,9.176053780819188,10.0,4.188372087909958,7.568395698684795,3.8750090414715386,9.431620386415101,4.776682932333768,Law
6.475382083101939,2.702394672924105,8.645200502158957,8.97532262041488,7.945003856625622,3.414005624497552,,4.005375035033358,8.721031608530941,2.6928754775892054,Law
6.010392238413457,8.850064506750464,8.383605842121337,5.228026855946135,10.0,4.487834721616757,5.495078028688975,3.682624766164377,7.440277417931135,6.030259635174389,Medicine
5.760003796101277,9.000007070448266,10.0,6.337925935579174,3.3564648444222414,5.875932711768085,6.118688620349879,5.526461122138811,1.861057098503655,8.20560904009262,Engineering
5.510381497392964,5.173321315260514,6.8044617093991135,10.0,9.76917206372017,2.363778939187893,8.296048396127986,6.246064629914137,8.163655697696331,1.4259943492173588,Law
6.835012290450643,9.861283968715664,5.020991500209522,6.199622416130663,6.39630454962609,7.180213216583421,2.9266621567797197,1.6378077154692336,3.647218888706044,3.0543413802602553,Medicine
9.969129111325868,8.798328930246411,9.277851161197347,6.175558745350454,3.0734610230888433,5.910940103917461,3.2374418375354796,2.4670207083374285,4.694634588150514,9.592286211502456,Engineering
5.306595788139934,4.1899245214521175,4.253675631949056,7.172162458182971,5.9294374583519955,6.287712259940836,7.475134637864751,7.4812563198865325,4.520492796677329,4.7293426361252315,Management
1.544869080842537,4.403990292218843,5.1493884723281385,9.554799598882756,7.731196187382538,4.668717019200396,6.314807840773292,6.01470344234545,6.617134810638505,4.614128441768362,Law
3.5036947158554907,2.4476273057302205,8.784769724033456,10.0,9.965786625558497,6.8451096282287285,7.675005267219375,4.595440982498928,10.0,3.926990066407063,Law
5.7258424829425625,1.9406385241749162,7.268143135135827,8.947838724855671,8.9301994672152,3.685378972633708,6.610041204523789,5.128590122392044,9.808307620905675,5.973685000849091,Law
6.1323667970342886,7.163566670618412,5.290462162800921,4.704486889061994,9.138888366921467,6.683062896353668,6.771195717200277,0.5352192411101164,,6.217320542119041,Medicine
3.9403480776239035,2.640599471193811,6.6226091600505175,7.062635469161616,1.6643486332566306,,3.1497635283404297,6.175219886178594,4.194776008096403,4.845188573752041,Design
3.831555020144174,10.0,6.216128193662895,5.990106183203632,6.086146477477785,3.1173268913424232,4.990162514379504,4.20949121490976,,7.154588956302246,Medicine
3.504512166820472,3.365770280400805,5.682683340909646,8.383583813125764,3.51153720284205,10.0,4.222365776333445,,4.016318540043371,4.4936271755958,Design
6.9048062226426605,3.8128362580125303,,8.279774808098846,4.916818647682865,,7.909982184139557,7.428142303914758,6.755596151268558,6.010594833992647,Management
6.021320380335277,2.1620506037476046,5.0179146538075345,6.351923766952932,5.42697673917033,8.740537002487011,4.473933069434155,4.593107337063889,3.1840708383690175,4.754035035719158,Design
6.198731924456002,4.904612482834811,7.815671613532649,7.4658497414264415,7.964541205500154,5.802186878785875,6.796718688168378,8.269306562356844,4.015429289599831,4.769765296499393,Management
6.530818791468398,9.07785739238587,9.026311613926422,3.413147378727662,4.46841340109794,5.473894835743241,5.722897855970096,3.7304397770335123,3.3786008419015934,10.0,Engineering
5.187616211045269,2.60028799638312,7.182640396721595,8.973877087111465,5.940518759466592,2.990296733860625,6.041964120339044,5.993340690788907,8.81896143314414,3.794379560096126,Law
6.290699378371619,5.249504377833206,5.524324481321309,7.563423236545019,6.53559479373949,2.537704295521036,9.266155652129843,8.56594972620838,3.313986438080292,4.437507491558774,Management
4.734358828950035,4.297024398007608,6.662231724017337,5.905686351302567,1.9809501124768756,9.897442209779934,4.9982045957031564,3.872441322379654,3.616973411648174,4.602665668092507,Design
4.739642288286114,2.4482928176148695,3.778459604513218,4.171083665614622,3.868332093163997,8.874525555976694,2.227512061425298,4.001247274031529,5.520000592467194,4.9133156277866075,Design
4.633471268552782,3.5131735436684366,4.2038792788844,8.72379653563745,4.879934331110757,4.394740476312378,8.61994528018613,7.435319720635912,3.1564558091014714,2.101826411192685,Management
5.882906145448813,4.2875424309435175,5.459089342353512,7.938980124316103,5.027699737461645,,9.36204609538545,9.217299273860293,2.722623241307402,,Management
8.172429408331048,8.19833126573321,10.0,2.163344026789313,4.19209465613741,5.229466147784181,5.38479218659323,3.016511044282323,0.7162616827778425,8.926394128828342,Engineering
7.841416495237436,9.654747599381063,9.197186059935161,4.9986810240198905,4.1926196540461325,2.962669782238919,5.505016461107004,1.2122395799958947,3.9773354055860928,8.667208070238646,Engineering
8.361485094982136,7.8543900183331345,7.282672539894239,6.453427829334258,8.369613032323569,3.851381181593828,5.139236539012313,4.102346366502809,6.791057107157168,4.9970746821445955,Medicine
7.116759875631057,9.270075776898361,4.957572934658197,7.501908416723192,10.0,2.885670675089341,4.988385971740438,0.7570394593899854,3.3635516024103627,6.362438450902428,Medicine
3.7657556435668456,3.8850204600173623,8.788866921312767,7.924944403388977,7.993723116040407,5.628486448506524,4.983198532190631,4.925159308872975,7.9419212182882,2.826021184918456,Law
6.634248344625436,9.68470745473595,7.737321919125603,3.9876342727772065,6.73067799372029,6.5655778678577725,3.638628611899853,3.794093340477696,4.1069810918344,5.103574561047834,Medicine
,9.993348727152327,9.19381895133263,7.516766710823163,6.591257112170498,3.6979225888101976,5.333624695405988,3.23086845200067,5.701095918825736,3.807836369601011,Medicine
7.1443990377203335,6.2511535726230125,5.2410555510670465,5.114198300621458,5.649115438859925,5.069465487732206,8.329566287258114,9.723031082450316,3.906689841226722,3.6504924372532273,Management
5.894199234173118,3.473363276750233,7.533955461294866,6.817657939415348,2.991526183544914,4.617719039535228,10.0,10.0,4.168479651542181,5.785231684132617,Management
6.78741145028409,2.325472701609007,6.5441577597115685,7.739236517759627,8.420504566235794,2.7150341425607656,6.877912956814904,2.20192443028943,8.812547760366517,2.3497206836168587,Law
6.040475308828471,7.8969175320415665,5.63683086172413,5.52235287025202,8.788771915314287,3.9649574126342304,5.279946931275374,3.6510570736099446,4.184482796308057,6.905358218848952,Medicine
3.3873173072604805,5.522935509901191,6.428674911806231,4.3062964988729515,3.1528083001019844,8.694358107069407,4.300623494697453,2.2767241967818035,3.119091769993041,7.305959097624987,Design
,3.297403981162616,5.685871097688918,8.876458807272634,4.880356069886956,4.058506204326551,10.0,7.597829407662246,4.415889893985619,4.450694602833297,Management
10.0,7.773575446053555,10.0,4.065137092883391,5.26343691684363,5.415220342928597,3.870238577775783,3.7306149490280225,4.576274487881081,8.079070784427419,Engineering
4.780408328051738,3.4455043753849726,8.060370840379546,9.298203959940198,8.076821332932523,3.6666793092161676,9.70189611299124,3.634454073646889,9.055927084543669,2.583687035008137,Law
3.986032058468697,1.7566262406548805,6.002915314682821,3.058229444927683,3.9528031281031435,7.090300804833754,4.501413868811666,5.6634059988840235,4.295593985177943,3.3606417091584087,Design
2.1798670383170498,4.23688940258605,5.427370131158022,3.642380382969982,4.057162015425057,8.650264691595023,5.689864403185711,5.074262278955179,3.209256771993009,6.322698193751466,Design
6.6243134982652965,9.53004688050345,6.583297508161188,7.523727515701183,8.440774435219097,3.3667523709402687,4.59454129406798,5.626831608408581,2.7445310933409375,5.6497245355845385,Medicine
3.1496982064342562,1.9958402520425866,8.667625510892282,6.079703221096249,6.855164295710971,4.285687241357126,8.262807317353772,9.812770737479875,3.4337472194448644,6.069879676486771,Management
6.433613715127066,9.241167298560166,7.893948229861717,7.209945380160182,8.81543755272102,4.723601665380821,4.94451197490428,3.536758813789121,,5.480617703330869,Medicine
0.9827406467486526,4.580743781140773,5.012832947801753,5.160157511325652,4.580230683176599,10.0,5.6948343412758575,7.006494679283156,4.65349587427446,5.8928775026539935,Design
7.027511520056024,10.0,8.679192405356275,8.811817178735769,7.373659019742729,4.018067672132265,5.014661005604258,2.8725043609077403,4.155958204506823,3.068769395799607,Medicine
6.847002806837147,9.808081707057262,6.951575971682235,6.756823167285755,6.959260045307987,1.1576254276242621,5.1951054694485315,3.421187333153788,6.572043938952991,7.042736560907078,Medicine
8.387963720777716,7.450554295775563,8.987129058582024,7.828007025775932,9.250532564320084,2.888519784819104,5.1970667982653795,2.3878021661616824,5.037751442956879,4.675166063188772,Medicine
1.738962604145137,4.698922323523519,7.815922829752651,8.591874808827793,6.743959016305832,2.5891852290607247,7.791060519188475,7.0974732482929666,8.764116419763349,1.2024099120793261,Law
7.294616341684069,7.785489216607652,5.825405219450846,6.401497080602228,7.913472035588761,2.5201752549507743,4.425800667575108,2.3831331862952494,4.126597938310432,,Medicine
3.03271002320597,4.29778397316079,3.0574611322404888,6.509874370244113,3.4698745224930567,8.366819350819584,4.697706840719256,4.293044895035105,5.686494888624652,9.703541762223066,Design
3.289949813508615,4.14277401397674,6.148960856880141,4.439679136259483,1.4597294377294645,6.370391692213078,5.0908121371457975,4.887451629326994,2.4636839490518616,6.859842032316771,Design
3.975612052749281,2.438915005393293,5.851363437406011,5.196751329011663,3.186682783078901,8.333879715817613,6.2024782215187155,4.824844294224832,5.34641114645652,7.2372239891215635,Design
7.059910893823123,8.087702969853183,7.995742088544103,5.509411019024912,9.917857916914572,6.873833140611211,4.841290945637191,0.1496934619503687,4.28750518678173,6.601437674576094,Medicine
5.898326021662521,5.9003718061848724,7.163699126985586,9.045117887284759,7.3195193647757995,4.04963287215937,9.724849638612238,3.6944951160307347,7.275245531593996,5.09417121733869,Law
1.7930863832811634,3.5917664480425393,7.5335012518034885,,10.0,6.1127755100509935,8.52057919372498,3.7492997309069205,7.833106826044234,2.8767020109929473,Law
8.482259170666115,8.912162742516436,7.154398451747166,5.484289953975252,4.226102981327896,3.4193417986646297,2.967478667770705,4.39147374585706,2.5437619031166285,7.171035633858471,Engineering
8.775092652633566,9.152312147438337,9.137996721691964,7.060398135737119,4.876166904044244,4.537592189757655,5.43659363401293,0.0,3.497751457300564,3.7570633272207807,Engineering
10.0,8.828793954167004,7.591390442847629,4.182167423627481,4.542616720739139,3.4184718058045336,4.127517639384444,3.905612313016617,4.501905646938705,9.291389913891772,Engineering
5.752710206179971,4.4395376979582295,,7.827943543204462,,6.2838168276353015,7.695121955281708,9.923177258739504,3.3217950591643435,3.2556633528923897,Management
4.91675863100158,10.0,7.610772400166456,7.426896652948629,6.409358445424996,2.9304873699971687,6.609248794294349,3.3729584537803863,2.512086344722396,6.349776907678965,Medicine
9.699431639624208,8.858048739327435,10.0,4.507528887496141,2.7071059732468354,3.7073643589563448,5.858575336512968,4.147299814550192,3.1329336575416407,7.040155836160731,Engineering
4.366638269928846,5.634810199509528,7.9047850678581595,9.568975290251037,9.357839462265739,4.971370899605579,6.332576920561536,1.830161362086491,7.879742827376494,3.9892291836454516,Law
6.35853134835301,4.9643679284055935,3.9384658400654375,5.778081712343061,1.0542157728995067,10.0,2.874255419910399,3.455838279307992,3.9958380447592963,6.078508529483316,Design
5.740478627919077,7.507726262252988,7.115616203156071,4.596107921192335,7.164600224306042,3.02409268254459,6.097120792159023,2.5286057644320077,4.417773664690602,7.541100270034621,Medicine
10.0,9.766986780384295,8.831777441912637,7.255812657238454,4.515669134782374,5.263636459967113,3.578487218399422,4.016088695848492,3.078501706951742,6.806552248115196,Engineering
10.0,8.046249420080013,10.0,5.37871175545046,4.670375173859988,5.475116814435685,9.132509783177795,4.606671247298226,,9.759697231358615,Engineering
4.014809356250621,3.0316280482144733,4.763311116111523,6.156573250059514,4.514582634793092,7.530331804543263,3.326009929291697,5.74086294230732,2.2123267899648256,6.21173288396923,Design
7.874386538974964,9.869110021891402,6.989296633445427,2.7483492163383096,2.0796013007847347,5.03784293054967,5.040192461442508,3.3471058879473428,4.578446777607052,5.025315236966181,Engineering
5.388717348323637,2.3152950646462265,9.750857376342047,9.697191861870754,7.498409593004892,3.6312489931031124,,2.8276231897100086,,1.760357940897765,Law
4.992539985626226,3.817514266199744,,9.372053425320612,9.302641591303322,4.375852504697463,7.91287335808118,4.757977618536646,7.659213408576557,3.6797435669928857,Law
1.8319478857421196,2.910249739880764,6.863791543890421,7.541257036766572,2.494715573092209,7.843231872915757,5.737680359481597,3.6900559366069734,3.650848706917988,6.6393265321583055,Design
6.22396779104769,1.0987835383036058,7.092546417511327,7.438024694305662,10.0,4.817561766958681,6.5018657723491335,5.044405326603026,5.110424812210971,1.5895503055064504,Law
7.948663161173133,2.094842646967428,6.969930434908374,6.858660971020037,3.7906098145688887,6.2988108274957755,9.728436982719977,10.0,4.77931785556323,4.171544491728011,Management
5.6519759248382835,8.436544919784039,7.627102108532188,4.112536736912405,7.472305215360205,5.275394638299383,2.741351492219256,4.452846456013103,6.964477536266875,4.519708060829127,Medicine
5.003913502969172,4.018673525161004,7.894865253186726,10.0,9.433206468678474,3.1217999331222526,,6.160085386864888,8.909457473297326,4.470851681653548,Law
5.68341354575768,10.0,7.826596339745712,4.952371118905138,8.7099820478,6.142545810371043,4.764399655089289,3.582029539123589,5.709642489060889,,Medicine
5.004578000300633,3.922086149197505,8.952237554892841,10.0,6.865899359218069,4.810148943065613,6.39781898796161,4.755278850140363,8.918328779763042,0.0,Law
8.87585521829698,8.820674693590103,6.6056974341876336,5.084427418735508,3.888515549419366,4.169458797283656,4.642315073405311,5.443423704604715,1.8744195495987839,9.758761860968924,Engineering
4.679178511769312,8.321089976594742,8.015535566790865,7.86843774290023,8.408069730758198,4.058055765252506,5.985858942437285,3.171337955114066,3.3184436828601114,3.9431337679677654,Medicine
5.587861494273216,3.150849221902101,4.052411000260079,9.518077108661215,5.547834179163102,6.0889794376625925,10.0,9.42255816354219,2.806982173369958,3.745325352509131,Management
7.258770637729932,9.266062366682622,9.408136248982956,5.632503653584455,3.508979504564052,3.883032175851759,4.30103865002607,4.205372802279548,1.7576872823781826,9.06876592320583,Engineering
8.13236552610816,7.861963490190651,8.790058623928015,6.301858459596714,,3.6459360775923466,6.436082980023289,2.9639620661338504,1.1581052796240636,9.076956522198037,Engineering
5.4286974326490425,7.2529314148012665,7.546470763595411,7.209916000080858,9.917613588480135,,3.8216396229396876,3.5978703462001014,4.907482914490988,2.548509906257533,Medicine
6.625203628046284,4.59722721934471,9.57965038037534,8.298376181351717,6.470219135131533,5.100806323491739,7.209213913933533,8.591387341996276,5.425548222746426,4.528876211277928,Management
5.7539805944610904,10.0,6.704211760027814,6.831751357282822,7.982888711877729,4.484023228078397,6.086299406252118,2.851908689030991,7.3097358012529075,5.310894070023499,Medicine
4.7169112376192,5.737300158661498,7.9022626957593385,7.842871077042858,5.921431682476806,6.497683971367762,10.0,9.946489083061243,2.7740052393298607,,Management
3.1370440647051163,4.542334682870582,6.230699229903864,8.716296522088674,7.616135385463933,4.965534696456981,4.7451648777174675,6.158182759408295,7.619912548104186,4.585952283210171,Law
7.9271518519593345,8.041739976162216,8.849587481982182,4.694434285632802,5.112477181419909,4.306511948685858,4.464870181118928,5.271435431744344,1.647238131733837,5.363385569791663,Engineering
5.175369708416791,8.526243056516487,6.453339153532042,5.806065278443029,8.509369178489282,3.304167763380248,3.0988053996896014,4.01383049627961,5.978733817293545,6.09612660302947,Medicine
4.467823834998622,2.701393793513856,6.518546347732487,9.413175290872141,5.198140100026382,4.964831063779908,8.791642592075608,7.522132150732543,6.201626103497403,4.242572387860437,Management
4.689198447843459,8.089890761460344,6.5484023163219085,4.642539935505838,7.95067072236163,4.154435501873772,4.480586375935043,2.6472105591887582,4.974127827821439,4.1475334988379915,Medicine
5.0037446021587995,4.1374791792224475,9.452749692392997,7.628704965385855,,4.705313353485105,6.766392790910386,6.018077495854185,8.256381012824821,1.7097073502536535,Law
5.644184805436901,10.0,5.007275658141481,5.827881507559332,9.389249287052596,3.2016897920523215,2.9085512779490363,3.8691219462337565,6.460023019574001,4.941506230064092,Medicine
4.347376092113876,7.59248113102714,7.512979247781702,8.89735133741255,9.011842499108717,3.4970344841533714,5.996039156905369,2.68865177373723,4.508229217426532,3.754003162596157,Medicine
8.076791485024609,8.662867723019497,8.363208625473867,4.986182611495487,6.407335625921755,4.851527140688812,7.989465820948515,3.6179653328778247,5.320913912492146,,Engineering
3.352723392574631,2.9372535648647373,4.808047171392209,6.970266756148153,3.1352558955293315,10.0,7.318530331242918,3.5396651220892164,0.2027060908939866,6.8578624062526545,Design
5.069385323084397,9.1301857861981,5.055641673862023,6.651408939566848,7.286806784103865,3.4247851742949855,6.358584065502461,3.613612438891496,5.738932381947265,2.697433710090578,Medicine
6.437574098330682,2.419224591563503,7.688716814516116,8.748891119979783,7.91809347941219,2.380145091075779,9.333991710605865,3.9933425288453614,9.833893561199593,2.1922104095382355,Law
6.783364320595851,9.11109144917623,,6.322715288989499,4.486169720396349,3.2106962511986676,4.588942984044456,3.974972864682898,3.7968549946169787,8.316715733322257,Engineering
7.193590092770183,3.869338512141542,5.569634309086295,5.719203495224212,5.774472278725232,6.378978600209916,10.0,10.0,3.7279360723575445,2.6949786412972307,Management
6.126442327005833,5.383614232176109,10.0,9.985603140306978,8.211991270312511,5.765862381460732,6.772992636586508,5.13999221534346,7.657954063998192,3.5173799248317463,Law
6.718999823132818,9.323587678277539,8.31126886274129,7.129789471022948,10.0,5.195250779641081,6.9782105885580465,3.4664349090781306,6.176837221942141,4.600734804988479,Medicine
4.08225471095158,3.2384533074568247,10.0,6.709399691895303,7.694920139301061,6.075273579355004,5.5943410564564005,4.163128347153874,7.812249953162069,2.70972336132982,Law
5.798330623607879,10.0,8.779010211894668,6.816418591320701,7.431540696994048,6.0479896442662024,4.920677443663069,3.164014755360267,4.558513466711461,3.8432725758136432,Medicine
4.808044604145242,3.3241489264638746,5.2649130456385,4.246646549276181,2.197739633746366,10.0,7.4366502808441854,4.496558729380065,4.365980686620805,4.224884525851875,Design
9.365000641664622,7.871968870137749,7.949712194342601,5.396366325821681,2.306465235854561,3.1187537858499867,3.280490503939277,2.2035791241180736,3.5197064947404675,7.3228772280319205,Engineering
2.256674727311977,0.0,8.452969670905693,8.874922472193342,9.48364576036348,3.355066703075126,7.955276247216084,6.100025501936221,7.918297270331574,2.4460887586996147,Law
8.713616857196492,7.167362906587947,8.147838284807781,5.193030880688619,3.545295915391309,5.630622029046247,5.309904887288653,3.3848018711708825,2.4404041664994542,9.535507239675995,Engineering
4.416782543261318,4.27937208708549,6.216276971729371,8.2140282471837,2.527783524319017,6.894749133534775,3.6342811051070187,3.5852526134189313,2.733374982398016,5.62175910193831,Design
5.9343837053841515,7.841011708926353,6.036675846287436,5.4844516660088924,9.17906827798481,3.6982366023560354,4.76785644173799,,4.815348509297178,4.638270101005675,Medicine
8.237291780993775,7.248737659499048,8.828750259460868,4.8448549361662065,3.6835140911570137,5.4048886845944715,4.477409645832034,3.8173357056718578,3.3551652297077594,7.018742298580953,Engineering
4.419846283500596,7.162427479251551,3.9583274495803837,5.126749597445505,9.315742065673398,1.921951908382732,3.2214402998707037,5.32816814260279,4.172555135197269,5.417359811914286,Medicine
5.180159281450676,4.674390228025047,8.146277112501922,9.691061781465573,6.719951639509911,4.363530309909934,5.540748178675166,2.3956201317797454,9.462835522795997,2.0209382880717537,Law
4.730399188848545,6.68214357967078,7.730777593172166,9.029224384999857,6.336792885702055,5.943731562380599,6.847237332377377,4.158838068768655,10.0,4.505689469434744,Law
4.744447221687528,3.554240697251754,7.341155706778694,3.6652223097007535,,7.000609823359547,2.362087165523261,,2.525203393280188,5.4496176367416576,Design
6.6967694065733205,5.244836983205184,8.322690872057091,9.492007021080882,7.88565323372447,2.8605391492487247,7.218976109681445,5.131820043426834,8.79829341677806,3.610397277120574,Law
3.4509007219896075,9.91776067070846,4.842145754154405,6.901439059902615,7.346297027835192,2.4922089285029454,4.425516977796403,2.7617131766445624,4.162529274497617,5.765314261679696,Medicine
6.726402345159086,9.726069736089832,6.1643813594670585,7.211258997071142,7.448780389165678,3.208615999261076,6.465026086175988,4.267054997910264,4.081711847249469,4.046350753448647,Medicine
9.007591411670047,8.645245944642951,9.684609457939631,5.758152206885972,5.136199120619932,4.663027962890392,5.081507794207728,3.639794434069725,3.2796275765647467,9.50430174985759,Engineering
6.26891451245853,4.320034367023066,5.602861846042133,8.725321683963298,6.7651108153952,4.154497100816872,8.041814282113432,10.0,4.3315867708803735,3.3585988909068267,Management
2.7624982592080283,4.20885511513338,5.85824476865131,6.527107526179428,3.0760047165342006,7.797845491249861,6.194500434938849,3.780516932513487,4.242512472610172,3.4850977091500135,Design
4.849753769261332,,5.71926796606611,6.974482139215602,,8.65146519906829,3.3056234071091795,3.995135758363443,7.346230712855384,6.511313113343574,Design
6.541278592580642,7.582418571684379,7.820657149158049,7.680911286447496,8.664927069184595,0.01708617379388544,3.3384851284746553,5.4520459061229065,4.289500869063109,2.420613809932305,Medicine
3.0828751562605294,4.826095441358828,6.4883541494624515,6.49755832105161,3.7793586207795022,,6.653190755625154,4.868028595154084,3.8510039332995802,6.662942287149189,Design
4.547376843574202,4.599377978989319,4.9762916432234565,8.504498099986842,9.312591460074469,2.6131106783147464,7.797937685219425,5.0857668540378045,10.0,2.700822948954871,Law
6.101981958380217,5.605005244411075,6.459234367821719,6.421452369918757,6.427479685255392,5.9652856382380985,4.396363621095174,5.603039403799582,3.5615268898054557,7.111711801189145,Design
3.870403611146289,1.6370417990407171,4.014479002177177,3.838067077948489,5.198906590774051,9.689732060071142,3.8798933383985474,3.766316863026648,2.927122770891466,4.348380418705078,Design
7.913200213746286,8.093622934492167,6.8160564601941545,7.717919285565931,5.955350885043791,5.385990631956946,3.2491566865865646,3.7738669410420065,1.5421396401775684,10.0,Engineering
4.619355750383005,1.6048621084989052,5.19829850203411,9.564024825630234,3.521452284638748,8.035438227363645,3.6889543871013672,6.803728678458246,5.102087336450994,7.3296708480923956,Design
3.8478828767165263,3.678911986769484,10.0,8.578900783892884,8.37922431182234,7.093170343931847,6.784979748115678,7.35907795360766,,5.316465093624404,Law
8.17125411978682,8.730954733488842,,5.958415365092324,6.9868412500512775,5.606030960856504,4.5109242650814965,2.8407631354432854,2.466558034651358,8.169848518537885,Engineering
6.684926561409873,4.394893298172349,6.703762591461775,7.765199299443928,6.095618971858273,3.3846298514844437,8.329344482387699,7.200999558000738,4.8597126228863505,6.134509228609807,Management
4.887313130058939,2.524715208685228,9.821306973207697,10.0,7.118145157506513,5.166373491460597,7.835004437659522,4.32838780943284,9.485613482396625,3.5060970084357335,Law
3.041018368880154,3.1476937796450883,5.131964389647042,7.936371469819374,2.987559313947887,9.447395281049417,4.250052143580808,3.733525491406106,1.7843183009475907,3.457223877845579,Design
0.5808266363439389,3.258841682353363,3.7268695868388093,7.61423641288038,5.561907889237561,10.0,4.689992331459445,3.189580582415192,3.1451446983417135,8.025434478353842,Design
6.841607779660702,6.526726621795476,7.304712028197905,6.146308967269893,4.685153456891735,5.897630960288099,4.4445715597625055,3.7061015983997283,3.813267512157538,8.09784949836369,Engineering
7.065227957124233,3.3832610260244023,4.911856250808942,6.0779987163133296,5.549946767149521,7.287380024908358,7.976003980692012,8.719767612938643,5.893121391855794,1.646420584334194,Management
6.46282427469393,7.058354724769338,7.743762246037079,5.024889527651507,2.711312334817983,4.1831175594446774,4.052806369162615,4.502993237690495,4.0518577042873165,8.310446404484539,Engineering
6.1654138836652255,5.495290886046689,3.202078815989273,10.0,4.447129243642458,5.683423996810781,9.242883993171247,9.94396777295022,4.856049119737587,5.296599958818278,Management
6.943420378314339,10.0,7.47224200302179,6.4058639595202935,7.709122255324776,1.5326838259480549,5.441534296727356,3.241868696747845,5.7248485956722615,3.2611931987192375,Medicine
2.2783410574091647,3.825323668356651,6.89902753261429,5.969361275759591,3.3738796451885804,7.117088614924709,4.924119981151115,6.1031014042112375,2.3956477939990117,5.1818286740557475,Design
6.630606297183369,7.5991702724724774,5.327020327302713,8.557678280805334,7.299476286086705,2.642872707090765,4.949171402418481,2.882749862609395,3.8267415416237207,4.60353481567297,Medicine
5.717713303000791,9.36054743363628,6.356827040316574,7.220139557793921,7.742107951236712,4.806484112110765,5.57488868064758,2.9208000288796843,4.4262029939242655,5.197003034494846,Medicine
6.611847199743783,3.7643738821044237,8.246660568263007,8.800384581178951,8.686424283602879,4.908154698248978,7.575743703426934,5.1790797999602685,9.087498968411744,2.6176018347007664,Law
3.138555584922288,2.581931800262712,6.116758271796446,5.461925848130171,2.9704919075044356,8.892380670393033,7.072927360189829,3.9240760712381397,,3.2803225079387563,Design
5.585832071395497,2.7650764783433166,6.318716371570863,6.375327915874729,2.2972910608186137,7.3609609136131136,4.917734792408175,5.550019883511865,1.9046492521181428,4.562832772049272,Design
5.232418488961571,6.843509188814178,8.309173360787305,7.499017512746725,8.366378511744198,2.835106573256613,9.102644796049518,3.757352635563697,8.59651672509963,1.884885997410598,Law
,3.7464351934342384,5.968546645299239,6.768382873913776,4.99083949730387,6.42590069797166,7.965265498048613,9.673935551295063,3.4434289506405364,4.986765735178873,Management
5.064733776528036,5.756539626996701,,8.478619768573683,3.7251929460023514,2.6578187806849884,9.902485388537924,9.144800579730404,3.531243287932099,5.525631046882284,Management
7.148357129086429,3.6026187803080405,6.83422384371801,7.789768911904989,5.9357763752107875,3.7524007394166805,8.310640604843334,8.924549913722466,5.310734729495147,3.1830311184632265,Management
4.002541660876537,1.771911660201661,7.69010817405516,8.734449665850512,5.542516077978615,5.159960299555332,8.754944745915608,8.286863417771636,7.991443245683141,2.299674534486212,Law
4.1781135079585665,5.0569464579539085,6.150214380113804,7.7467873126582205,6.873399811712022,4.9308658521165745,7.5564382968468085,8.287907283149064,4.249715459619765,3.8817456367712726,Management
3.245238636411929,3.3357488855341932,,6.714608823654595,1.594093709088464,10.0,6.255992440298284,4.301782175855938,2.450760823987263,6.870211232079203,Design
7.379417334883353,3.1049774158744676,6.813467906016465,7.1708522909872725,7.052704045066855,6.070268617642112,9.716725433692035,6.186700067085009,4.388755516274787,4.533717125575785,Management
2.1084485132567963,1.5713633081329157,8.362180072333445,5.387729465834134,9.592018164879747,2.129687713420373,8.596348359502471,3.8448399878159485,9.863574829723058,7.1706091880914435,Law
6.541706680934719,2.5672494511033053,7.190584760256157,7.596550263561572,9.287990254938213,7.226763798257938,,4.549989310774892,10.0,1.1189708221467183,Law
4.382516998056137,,7.000704269537753,5.901505725794894,2.8982440719472025,8.57508980442132,3.280181974225865,6.659577996644003,3.2964743024228964,6.757672598179279,Design
4.436970929388147,2.8947371865348197,6.608710909934259,10.0,7.892976618349446,6.151055814105003,,5.318209168938254,8.427881178866764,0.7930909976264404,Law
2.6721084638067536,2.5335958290234166,7.903104325868633,8.579517073839805,6.7147511366898005,7.304037650572201,9.374883651413821,8.411270709007125,,5.490767987084606,Management
6.103224959754434,4.278790314316844,5.08756834538374,7.275136989855561,5.4022171238132,6.605797666439866,9.473987165984195,7.557963227324136,5.77007754988222,3.884594216809181,Management
,4.649273256222392,4.805111733117716,6.3502125321941385,1.7720541286599099,6.651119047199507,4.702319527361036,2.4609398105511264,5.973749586595085,3.5112554623565027,Design
6.914161531706021,6.919999153913063,8.689719782388206,5.477850743861298,4.867989164412986,6.409869709208956,2.705213590106296,4.765964793232502,3.010766482945305,8.235083580538088,Engineering
7.605821604803355,9.017362269006775,8.436422635645043,6.860046277785175,9.09612687707582,4.471912022028872,5.9067348054973,5.960659583122927,6.262308236746945,2.9455588868008045,Medicine
5.515211051541945,1.8477613113727729,5.665001569050959,10.0,8.457042017851197,3.954987146324748,6.2858774115598575,4.336426896420536,6.952255963052696,4.148435826317767,Law
4.768575129701909,3.612631352347785,5.7906476349650875,6.917442950047794,6.054839996183634,,10.0,8.569667264555441,6.0632858379422725,2.2268037882298404,Management
,8.057482103770239,7.448136219576648,5.587972635481522,4.463576879635533,5.251136053757158,7.868482899282522,2.819095387896394,3.5489757248629674,,Engineering
4.708080616323746,4.580751166324873,6.120684485361987,5.105848640606322,,7.865018390796672,3.283321408619651,0.3461273100709592,3.9088167627416985,4.431989628658535,Design
7.530072266351732,6.37458979939991,9.164588358911795,6.008644057913205,2.177280235221499,4.840509971256335,6.2944118016699,,4.33358789575081,8.550587168971898,Engineering
9.084971843750512,8.732306995571353,8.648959768131041,5.928926600254444,5.5108923893620965,3.9476677854394038,,1.715096078048799,3.4268783646809995,8.732363252272226,Engineering
4.406990660690159,10.0,7.522506768002456,5.509145289651576,8.278467445594524,4.017207674642171,5.956453368364213,,3.9067661197284043,5.354842481322406,Medicine
4.0471003436189825,5.09547849063485,6.394730412319225,9.407115289532054,8.088360962512713,2.4762692622230915,5.7852607612309335,5.015484321123221,10.0,3.7530507554684545,Law
5.221873725223918,4.738275607542893,3.339641390587103,,1.790910838056873,5.205099255292005,9.61051588091404,9.808983897875889,2.8120663773494767,2.479436285078428,Management
7.273108673404321,3.4195517943343865,5.752286755731703,7.251831829788664,9.009535217225048,4.422329967351423,8.63988016488327,4.3062754760928454,9.579810611801781,2.7942110745153568,Law
5.291287136787925,3.7179469041447124,9.11092368071444,8.88183501789322,8.04322047124806,6.738049992485989,9.608501366341802,4.9893714509996805,7.910382949502698,4.902125550271048,Law
7.147292879095206,8.617106215002163,8.329587354105955,3.1198224263982106,5.70678608903903,4.2134990733486495,4.305929690114379,2.109321865323403,2.149431740306178,9.056257572903393,Engineering
3.887699660375975,2.625989373783461,9.410640893861109,8.238442311113353,8.985503983022118,3.6544534115248464,6.9115953784498725,4.6807847852391085,10.0,0.5431915432608458,Law
6.05861460424432,6.602804182036972,9.639506685305976,5.851124064456473,5.03556305676478,7.417343249910305,5.609118612058063,4.3552544135631335,6.523969185383824,8.222054074482362,Engineering
5.815541701857514,3.8948476101963285,5.554722896690796,6.865064847114803,7.007275462400681,7.301857616501904,9.077711424650973,8.860249799240057,5.304853380517879,4.095936076300185,Management
8.84430509593019,3.3456449624987026,5.348906496512908,7.018026638078105,,5.073025687424136,8.32724715399088,4.412027061069141,4.574307786802375,4.023148607932638,Management
5.068773027377249,3.729180407425397,7.2401565367722,8.93427585338897,9.69596971138182,4.504816956036716,6.986503547312373,4.266140684702207,7.780105300012989,,Law
6.305655926097165,10.0,9.100777151410663,7.513388247002886,8.873477989347274,4.97345805177722,4.1332238947310875,2.8007997516643215,3.92863006225868,3.376634606079975,Medicine
7.439980541328888,10.0,7.101213741547495,6.018203030398179,,3.974314782213393,3.9362489494060044,0.7688767192700827,4.426291157935612,5.981036702324391,Medicine
3.7782062725787333,4.001990971289848,7.536731982963059,8.604884920523814,7.573414318209341,,5.360458476284283,5.4977636237102,8.801010872861816,4.104571328183042,Law
6.213044999798853,3.2215257509061805,5.278276758345321,7.345836134527721,4.941815066393466,4.929495858069398,8.921121534711824,6.640809726722244,3.5503938634183627,3.636093825936289,Management
5.424632690613824,5.247409881438221,5.736025682810739,5.554540603867931,2.816749144513931,3.255266401983448,9.303361984820123,7.5030443952145225,4.890111508590137,4.177546872738837,Management
3.537893332318375,2.7606641831396384,9.34681776783603,4.638600304773783,0.810719959948424,6.920088437753513,5.987093409504065,6.237388499188069,3.1136636512152904,7.162634570526103,Design
4.719508271804591,3.6502100241331386,5.969430987102763,3.7714817883731,4.220247085628881,8.367986547575478,5.454286590269383,5.695985499216904,4.8694510597737555,5.953335643136316,Design
3.729376492678601,3.9732534054471635,5.392293535332189,3.4824180009360877,5.9512239746333435,10.0,4.564009312824492,4.116376947327026,4.467333613127129,4.031492185537569,Design
8.89613220368076,6.648020661887356,9.475586554548395,6.722734131308578,1.9636542547500127,3.3071666410789864,5.166192524117471,3.088884629953343,2.9781584952444247,7.391042894154346,Engineering
8.109865483218195,9.705270076596216,10.0,4.949773495182779,7.603851172117456,,5.516404268872689,5.5351806794275245,4.131112911710606,6.176394074302049,Medicine
7.258719270082683,10.0,5.1936196421164365,8.395622049722842,8.591176173875965,5.047930281840177,2.8578897165641877,4.908506369464886,6.022471776731379,4.949416954777917,Medicine
7.24644865281425,10.0,6.917119455512157,6.226065327200208,8.07223022633732,3.667429925484643,6.110511818749883,3.3003129704321683,5.30587662192083,3.5372094365062146,Medicine
5.932961808680922,9.71066714240143,7.721235478242908,7.379598917309483,7.6616816013714715,4.442572576552009,3.861122696656248,2.1944641220817847,3.8069783331496625,3.4550944890222497,Medicine
3.467822991421413,3.456433372141592,5.770943220422916,4.303799343217017,3.1958780550180927,7.998125330194127,3.4204356148039654,3.4374947868047334,2.5050329774959286,4.9537986134243255,Design
5.62631662046488,3.8254202811476024,8.156847770712602,7.141652290127491,10.0,3.708493819411035,7.718667549244633,6.110700058881884,,2.2897783339335334,Law
6.374367491828393,3.5137854416376433,6.302155898279971,9.050708529438522,4.929519903737685,6.190526776789012,8.560268099124619,9.161985255569048,6.740433984019788,5.562249040351416,Management
5.884863183208958,4.4786423698243025,8.893473843037455,9.79091504889686,8.272583101818936,5.929157264973952,,5.488923977820189,10.0,0.0,Law
4.206025134325196,5.095493365170443,4.816949444038508,8.681779960146626,4.725749036818114,4.928265395663771,10.0,9.736321758457018,5.76488626868397,4.56539558337593,Management
2.3500340572285907,1.7450495897937885,6.185694501891083,3.1890289204875906,5.335851391832787,9.207631299714203,4.943004579667551,3.154804277284238,4.99368398524582,5.496223586323386,Design
3.6712579897145012,1.2448184968869307,7.241655558368185,,4.157666178003783,9.882695483465163,3.3810898382348187,3.299649689802475,6.011125879172142,5.877566170388607,Design
10.0,,8.234709630437035,4.86084770054487,3.74515317643074,5.903071795116931,5.33267890513549,4.347272583823952,2.988566903668757,,Engineering
9.861509871895887,6.183007987946075,7.6384881691381565,7.99983005228655,5.965561190135149,5.126885190244073,3.7773107198484186,2.811946001290139,3.0952579089614054,8.548780202041478,Engineering
2.5655262328885913,4.911292223866276,5.800033032099579,10.0,7.088646928815854,6.582042791264054,8.47441570060399,3.6895377678637633,7.3077926821266015,3.787182766791603,Law
9.757489006595604,9.971830454281022,7.464015713914303,5.8925619652750525,3.556991021389632,4.1829698508221735,6.006843115024983,3.449900259603564,5.261542454510315,7.873097777686203,Engineering
6.58573299484596,1.6506191565820776,5.395475118735753,7.922879600536317,8.373503783348792,5.306981266832984,8.068682965319994,6.528391024200321,6.207988727495891,4.544837499866619,Law
5.625611052300393,2.7039763439051927,6.433732963116309,7.472444736674152,3.4641494923156855,10.0,5.690411745580278,4.651368009758593,4.975410266112008,7.891919516989409,Design
4.12024013471679,2.4417866166576316,4.904549478906455,,2.172370341472611,8.768513424367733,4.4983506721300826,4.365629681685346,2.68793271197581,3.0924723421242546,Design
3.1001433975240515,0.43772603929811726,6.839215161031012,7.450654047703262,5.656980393316479,10.0,6.561975580405216,4.568814296269604,1.3008156894608378,5.536245353950018,Design
9.006599216916003,8.133319138844147,8.308324763106382,7.564758939294041,3.6911303211168667,7.678387621681302,4.706939116003471,1.8398786215387033,,7.100881239585601,Engineering
4.312505469255979,1.8288557692262986,,2.320894173980128,2.7378712855414884,9.029809455737896,3.973308979562628,3.9127173000053324,6.391188236095397,6.935231051516182,Design
5.961339810937277,5.434015969183347,8.855944998920576,5.490748088332929,4.721230026149512,4.399234802275821,5.863659776511911,4.712430495888456,3.6291769821369853,8.160923004074043,Engineering
6.944934722805351,10.0,6.151364818000467,6.334570698319126,8.27711521906587,2.322029502009696,4.657332804794283,4.737293295239872,5.3085395349320015,3.2501202738015156,Medicine
3.6558504554383138,2.7048055529637702,,5.669065977851732,2.9552093807105146,9.689076954502468,3.7605182629214684,3.2540960225204514,4.481254094165266,3.980765720366283,Design
4.891180836870046,9.841846333980191,5.91902039553371,4.1907220694999125,9.825364192964019,5.508120700636616,6.359867926362269,2.3891751760145556,4.783191545797418,5.97469521975556,Medicine
3.1715504137388817,2.2530388297711026,4.176711090648054,6.792756360657521,4.968177910066859,8.301851986665884,2.223182385728849,3.6228162380999884,4.712210431149095,5.413259919322317,Design
5.218100944973292,10.0,7.281066079219494,7.546344735621092,8.660862018734807,3.2375296538040463,5.014277760357122,4.866792223098028,5.7218120965632515,2.775084892350403,Medicine
8.908300391030739,7.680510049983228,9.737669749081856,2.572689522195239,3.425283439008037,3.9828587658501204,1.9835371838980116,2.2472700223205546,1.810297049400296,8.23856394912552,Engineering
5.369513358459759,10.0,6.998544361402743,3.594453852731734,8.964574463802377,6.5279771299382965,7.048696375109007,5.380240575383535,3.6743117590040972,6.1857981147698125,Medicine
6.965998987992563,9.045941392060287,7.6223518622135,6.025140226956295,5.235098544919821,7.387093591649026,4.736175473222019,3.988857680509395,1.0694278771343333,10.0,Engineering
7.623729505935543,9.893999840653116,9.555965712788268,4.487817317438115,8.15503185919147,3.3987222008743267,2.434212520668818,4.378425366213603,4.648484477455634,5.961520566482531,Medicine
1.700960574773232,4.1431010736088325,7.173700943003014,6.249416381780141,2.6211313563544945,7.9672755833793625,5.389808047426302,4.3007051700603665,4.575953526532681,6.282237784387325,Design
6.139683313506511,7.580162974786955,7.429675387163874,8.595483620707737,7.862399191098176,4.513685664741243,1.425733998149878,2.949392039369707,4.593045028295933,3.9359531168664996,Medicine
7.63598619991793,8.468769180953894,,7.3703171270670005,4.31276404192892,5.377052515428596,8.02351372944619,5.471372130766225,2.6014646923268248,,Engineering
2.4715222838739757,3.4144225747239,6.766962920481804,8.119512675312858,8.557372123689609,5.900722105535588,7.053767509612074,6.01488541690351,8.564662865077977,1.8394481279905888,Law
5.697729257240991,2.600199706799273,6.612001710628285,10.0,9.002276065951094,3.9919977752266824,7.360625480362092,4.866471869322632,8.541046358965797,3.614488019910197,Law
5.341617026983247,0.0,5.24649685986251,6.932815331895402,4.70186334880831,7.41435966047016,4.618161348171764,1.2027248432385091,4.5368906922245795,3.051673078405129,Design
5.869844627982438,5.910680119380521,6.039090485347656,5.893624344940552,3.44535797451655,5.6809988981574815,7.031743599101727,6.969005466998591,5.326196788214213,4.8898479237292385,Management
5.968961512339823,2.421236103130212,7.399329472078137,6.6314543015614955,9.460032743339163,7.1845315350111125,7.604107412010011,2.2374868376260784,9.291557671550141,1.8246840840061955,Law
6.293617787211518,9.42235013447196,9.441892871591069,5.630417857995555,8.40447773993248,4.553961130865254,4.96955015303894,2.349196410214751,2.9859656707524835,4.33591507323108,Medicine
6.433682996076913,5.607246111394223,7.580578167671215,6.9137561255238476,5.252222684342188,3.076667358202213,8.628820911078508,7.967813743818505,4.257702846251329,1.8090165757382968,Management
6.5875501952996425,8.653963268889925,5.361659793659651,6.342912214610326,2.5602624138851104,5.0694952864027165,4.845080511473704,5.0203995914820485,,7.597619870510635,Engineering
9.124186424409094,5.7320382169335495,9.705670026025635,6.0907464396786715,3.0564401102611782,4.387017750315066,5.342832365663475,3.5682068378631167,2.6201774584553785,8.365465251514252,Engineering
4.430786961769199,1.5757235405377477,9.601166279632844,9.229823929092099,6.823272426233352,3.59177786093881,5.043783135763904,3.5706995471853453,9.82122016330291,5.90132198914011,Law
6.265090525961139,7.475330245924866,7.37785863895244,7.181562958997182,2.7448711464356528,7.085497836090518,4.956716838627981,1.989485271705886,2.119543560787939,7.457895507001014,Engineering
2.274824544930039,4.362834366791046,6.514719146119609,7.540994011395481,5.165677463020618,10.0,5.805810174424493,4.797453769520216,2.1995219422765295,5.900525494868305,Design
7.804745260315875,5.9557132749968265,6.703466259227278,4.808559257874415,2.8762220381185313,5.533275620383416,4.3945013856844986,6.586988515034362,0.7409710263217284,8.764723132322741,Engineering
3.9679746014067625,1.6765021193759835,9.573417870342908,8.912454551348102,10.0,6.087762968107345,6.462410583777634,4.889513258782227,8.657349321562647,4.984194159982371,Law
8.381867791486249,7.9599177316905605,8.221312357383352,3.625427643667983,3.8285360351909175,6.189011270182901,3.221165413183547,3.253577834998938,1.9343198925979028,8.644755558217545,Engineering
3.630241338574031,3.3961997266625388,7.42159147095212,10.0,6.599603763182813,4.797660916363707,8.301460065208143,4.997956394190045,8.643234751115765,1.6417484374014366,Law
6.272587424601632,5.603995199125063,7.346901335747226,6.712668322844167,5.0346244346191025,3.8326919813848166,8.233575053729874,8.185952520136558,3.9762482556716745,3.0251364592055623,Management
5.577324827967667,5.717722362321405,10.0,10.0,8.0333767897554,4.218298769727303,8.248890354629808,7.176166843852361,9.063899858878788,3.590891433429454,Law
3.49197073878654,4.150603882480653,7.963981503980416,7.5851998690289,9.55586172182496,4.633003433951519,5.252207509235073,4.933254284151539,8.865568392699776,4.264630069866463,Law
9.082157831739524,8.07575663021608,9.213360464523365,5.2560277117930125,4.861586844391015,5.205554810376642,6.011097605810403,4.549110766527812,0.8941664072906992,5.5785508780568875,Engineering
3.303632547398315,3.673831850070466,6.4482542341118245,7.051421724375356,3.3279969181852365,6.858236162991172,2.7668570653515276,4.075663606848047,,7.833635805457879,Design
7.923300787007851,8.752906825229031,4.328810300022118,6.2548380270921875,9.555256422995452,2.739259486350404,4.770724264363871,2.100699334096993,6.95263802739607,5.974294120028533,Medicine
8.376545096229528,7.568180911209293,10.0,6.01250894427464,3.564673990227888,4.09745710907751,3.774516111109257,4.717540162613824,2.5263095192387857,8.665571218353431,Engineering
5.994567568563544,,5.496948623502938,6.723591036375758,7.145479918164757,4.5438425800640525,6.781225932491711,10.0,4.219517689647833,6.650405795463251,Management
7.511338497507226,7.271019586685931,8.471077866696026,3.4682503510581957,4.797401037607619,6.257706154802514,5.3808139705464795,1.4344331665676573,2.8390479173714427,9.464637573873338,Engineering
4.315687109939484,3.7210591871288266,8.659466848159225,7.088719691273277,8.956872973859888,4.4733557691753205,6.1237715516601945,,8.322584174558141,4.8820268782562914,Law
6.014460293745509,0.8981460859267099,5.752268991205899,6.521039239048809,6.193493123699607,6.793540011899208,9.249684304368884,9.514096243438884,2.553449226663652,4.767836003995937,Management
7.665994462982299,8.300666629566374,8.110860719922762,,5.117666487552412,4.100486194973007,4.780752720579412,4.856866417036643,,,Engineering
6.573158983324333,,7.618256227798271,6.474264069646063,4.129650713702652,5.257127106524408,6.415982745724031,5.225991971947999,2.9101206848560186,10.0,Engineering
8.816878224522142,7.803378059229711,9.062372787243998,5.580491428783947,4.643514443295884,4.46916688832533,3.182457442261494,1.4932872367212937,3.849218348265595,8.140289882888572,Engineering
7.595686685851252,5.3508869809294355,5.824353059821383,8.638463252889233,6.128488267979598,5.386417348358883,7.59899528241533,8.174195759540972,5.589209353528578,3.945209142173502,Management
5.3717986036583465,2.807443625054143,7.521456729060403,10.0,9.049733404229833,5.534633584428851,9.981427465994056,4.084956856635263,7.2183625325096905,2.061241048702832,Law
6.90599426118885,3.813397419339378,3.5880404388820817,8.377138679625313,4.2652555632998475,6.207111202438342,8.215558608658453,9.309451192851292,3.492504704167982,5.123705625482611,Management
2.7896373781432375,0.968503284603238,6.0862472443101145,7.944919933450261,5.901174369682494,3.5456079294009304,4.88087117478656,3.6766146591020146,10.0,3.5246644913654337,Law
6.598348099931834,3.6311719956911883,6.689802061520025,8.192187158388746,7.156139941870265,3.5783532726404057,5.831907856615242,3.049453477113339,8.246494309049256,2.2291963685834806,Law
7.360080988382135,7.877458679471676,6.21495309123638,3.5928411809917122,7.268021245636787,3.3263506443437594,3.5741787480089684,5.887987586817708,6.7765873200125295,6.976963382527056,Engineering
5.623951986671637,3.053318577279507,5.467040901281498,9.807556827288773,9.46223475472261,4.392631099731291,8.026812118698361,4.383161401744808,7.400495366856338,4.334353384711385,Law
4.697990484311515,4.536454329520064,7.521775921793265,10.0,8.196751013753763,4.753866728036615,5.276391535554742,4.293514574505549,9.991590986339752,1.2639060945321656,Law
5.236689079062412,5.0879138602698415,7.601697458663888,9.715341992222172,10.0,7.03295452033149,7.419442623055172,4.307908795910997,7.304025855604195,4.270053395557326,Law
4.517080818897956,0.9374043877423222,4.65866788383065,6.111350877623831,2.1612130097463256,9.532033773196721,4.275870626411547,4.457349197286003,4.773705408341912,6.7386361300499065,Design
6.019351637769874,9.523172979346578,6.441685560337149,6.909170197266464,8.280504639236144,1.9434617273307309,5.012417972133901,1.5692650670608028,2.7452985088164286,5.177935316896201,Medicine
4.359516114675293,3.8948513800912288,5.347317762145962,4.475861444785325,2.240903979360432,10.0,5.14814940248842,5.962848070043946,5.800379018938826,4.965898990871022,Design
4.742262899412195,10.0,6.7688265571247035,5.492796405748132,10.0,4.3663511132886175,5.751601391923878,2.8205388021340063,4.585724982250155,4.779537715753523,Medicine
5.8751851985675785,,5.09136284041557,7.743168422484155,8.734123004177109,4.527558236566075,,6.615679499028713,8.677653458129981,1.9352029367999415,Law
6.765232197258624,8.88572156642002,5.739781848939793,5.256112273256459,10.0,3.7966520771137118,7.1324603220678044,2.3322728610706167,5.378566761470942,8.110479739923715,Medicine
4.333786284049293,2.251475148404092,5.097889717329135,7.844510126342547,2.893304887955569,8.628151299091753,3.774711952603994,5.990046190964322,0.0,4.924363482008893,Design
6.739877374427778,5.376155369854692,6.620200868209275,8.773907842606345,3.3267476964618927,5.341732205755813,8.449322401304212,8.683125068984133,5.077052619411743,4.824693550844477,Management
4.933085291697643,0.6942754384276943,7.451690979585952,,8.131699171699243,3.098942734538557,,5.025125650767606,10.0,3.008754894332109,Law
5.054907315870449,10.0,6.913949577504611,5.969949996914237,8.533750747463557,1.3963421399164213,4.012171697051611,4.278211960279025,4.182371038587393,3.9224622883596467,Medicine
6.970939588363537,6.989112293927253,7.68089273666763,4.125698663620243,3.132546545232062,4.812430307923669,3.4182660560976705,4.594765046878923,1.8069204013572315,10.0,Engineering
10.0,8.285197251773013,7.9657945999161415,6.938175323077855,5.057383370000098,6.99648278959479,5.238204768388478,,1.2213930409806355,10.0,Engineering
3.3986898858006263,3.236940112330873,5.345654495829523,5.433260596702166,5.018345810816067,5.948674153160383,5.0396997959563885,4.39665471159669,2.217048516122606,6.373297381563704,Design
5.83261385155143,2.6927824768366024,9.049452950649309,8.87685425827064,5.355022337321016,7.0237468057197034,5.926971780311089,5.675016340815792,3.980921619725122,2.2078666133172584,Management
7.155399532823282,8.305858945064742,6.649145233981222,6.080218791805983,3.4514214244004155,3.3325749546613217,5.92796617742712,3.8141378781797766,2.2018301581892334,10.0,Engineering
6.2284105930143046,10.0,4.745005053981647,6.73354068501407,7.739007947435043,3.5180765001849634,3.8237502458212513,2.7795840695894225,7.393632298754976,3.356240530469622,Medicine
,4.202603439236482,5.167997664589452,6.588965626941367,3.6818187549872654,8.255137094798814,4.079554132153959,5.033305297748106,3.892726943439718,3.711843300562273,Design
7.955858734165995,8.140610175450718,7.651411062409205,7.885770918666075,9.000199107466491,4.122810989365529,5.01404271031282,,4.250291964394247,4.4156715412993846,Medicine
5.765414964734684,6.184399237771835,6.102011101630116,6.972664577733312,4.402500388103896,3.9230537392416807,9.22352686652132,7.933985436568647,5.927592727844071,2.319184429797955,Management
5.176769537044327,9.730003501005537,7.177806352511709,5.917223294262496,7.134776244415076,4.348106456740265,3.423465561244633,3.55572535475709,8.41443038174797,6.755221066640615,Medicine
6.239391064785045,6.011264163405599,4.074270921024822,6.3155666914076365,8.645801240556905,5.144973530857233,6.041708047125743,8.242684813647385,0.9004648120963292,4.313196926192999,Management
4.318009433448566,1.815951918701165,5.355740584270706,6.170792508989946,3.220378175197364,7.699734540018492,6.339241018181952,5.449334050101905,2.646456677305136,3.8176601654706963,Design
5.813681226424727,2.954280309228139,6.076894696859867,8.943917552709724,8.153412679067861,1.9354845085480141,7.447029734837649,,9.086598201178383,5.898733649753463,Law
4.113711841600815,2.8782397205893466,8.115773458061842,8.497585265468018,8.349941525475955,3.1204501538639526,6.353884012780808,5.8260320913237775,9.652697098027925,1.7186469803433153,Law
3.9488397215967495,3.671267018438877,5.142922936480281,4.8207357535495206,2.7887570479080526,9.35251618588781,3.993065544430273,5.739166348538674,4.849193701983671,6.929241373260792,Design
2.5702385008215587,4.490810909635609,6.5605380638509985,8.118153033097448,,7.436638927873484,7.902158839541872,9.54714272557408,5.273027092505302,6.234362207673843,Management
5.3373928382975775,2.5457044914134133,7.914021486835555,8.704292084110461,8.651570825248479,4.653534504508398,3.5050606479323103,5.232559225216735,9.334798837989041,3.5797068528399896,Law
4.626854969222132,9.981827308768931,7.456702578784293,7.928939191920904,,4.2712444564353795,6.559648714447421,3.610645541655563,5.088531252469035,6.924588944109891,Medicine
6.330447879524955,2.073178351455322,7.1069345649880304,7.490770309518115,,6.47067919508161,8.282631111929897,7.484640258122573,6.9021526248844856,3.977526324241716,Management
6.526333972734798,1.7944606957517095,6.192769988829062,5.905542729070685,3.89546665432335,7.001151733308712,9.264293329687709,10.0,6.527645272251677,2.9953096807183055,Management
5.633362237873072,8.178639604192385,6.768655177530608,7.485109789217043,8.204353180017646,3.354257886368183,4.7415189161274665,1.3465882601488495,,2.6772554280016165,Medicine
5.160724416805026,9.952431436405138,5.700019784946484,6.963726430746738,9.470900853824583,3.8852809146189697,6.313082805924406,2.60439677966327,4.721987718707911,3.7295798995285865,Medicine
9.802269016946958,9.544042621240518,7.173190074632661,3.082213971490683,4.628745267309361,6.2100896942556885,7.336872879164609,,2.5167682944385965,7.338930191939679,Engineering
4.730091375974482,,6.79583049141113,5.159999935211534,3.727767613325814,9.759252532031924,4.50084546628208,3.024577956056403,2.9518476132872395,5.186653924687619,Design
4.164662278786617,3.1106683419709005,6.594342113742919,9.557027807252584,8.305040044016186,2.4321553922497565,5.353016206188835,5.55208978916748,7.440127642567105,3.3926535016304213,Law
3.6289678884734795,3.996956195356954,8.56163695512917,6.591762545364993,6.12293741873617,4.876126870022551,8.571811037075527,10.0,4.050262880783492,3.1028636195322266,Management
10.0,4.984506055223417,5.897990532229717,4.793877919627052,4.518886246518839,5.897135752193216,,3.0004803132552587,4.324756801214291,9.839254024098551,Engineering
7.379974401537884,9.789169465201716,7.095753573489853,5.5299468203758355,7.107820905402125,3.335859785172108,5.532916260474737,3.437610818615546,2.270127418557341,3.978619863252246,Medicine
7.417052260365185,7.27495244625622,7.969094784568855,5.550155459875192,4.094729769930819,6.36414149370643,4.121177502614221,2.378986652681794,3.6225382000766,6.503665309096045,Engineering
5.457153961979471,2.97067031544543,7.741981438441288,2.7385937322255134,3.6752342853886923,10.0,3.8426043893465143,4.293038783684854,3.4760535713267426,4.611102065202032,Design
5.262557038533526,3.7545639042458996,5.27499881226181,10.0,6.129592334587741,5.04534645400263,8.006947927457071,5.3583278170278,7.85705005318991,4.075428446482653,Law
7.843491720362193,4.059225167447674,7.418566617762012,6.609176438599907,6.828676471649269,5.855715456894995,9.065223914079056,9.171118104857927,3.842882523404548,3.997812346356537,Management
5.267157303832865,3.4717070208418104,5.39864749852679,9.10612217670339,4.94680898969459,5.602829766709568,7.927172999297683,9.601726868931376,6.254113462985873,4.842219062732458,Management
9.064750736609614,8.30905628303196,7.727605057594167,3.620124789295009,4.59376836002803,4.311659478217057,5.3024790747611155,3.5284077891804757,,8.188837684285069,Engineering
7.702383327468721,10.0,7.6720876138094845,5.908347465749733,8.18868761534878,2.954605049952553,3.7067949452627618,1.6422585651990378,4.19652927117923,3.654862712109831,Medicine
3.108424014951239,2.8895635357359106,3.839894866882603,6.416491921807978,3.1753348144663813,6.443593587837087,5.131018669353075,5.070672548682373,5.252083265127569,5.4046387670501925,Design
6.44986260481943,6.087896732714852,4.277855828654873,6.240179812764722,4.632238272426929,9.985860503607723,4.539282672547984,6.162914373854924,4.000617482276479,5.666537962416071,Design
8.619764655964342,6.911382309024299,7.727279542141644,3.5753025336654787,3.3454259901462517,4.534578305503242,6.044660525192182,5.737000780515779,1.2031640300098478,9.010675708737894,Engineering
8.383883476489045,5.922531912140272,8.675660487428507,6.085026875448381,4.204354763562951,2.9004338422397757,6.285091421706901,3.973882549390643,2.05618037298873,8.135219419110516,Engineering
4.268861811925271,7.2736877318085265,7.693227627577892,4.750887572687237,8.206762872610815,4.39539558004203,3.5211278060285043,1.6684589653334774,,5.65474537378127,Medicine
7.63461725153159,4.236331280616717,6.725585741962572,10.0,7.548339478367947,4.6722752015764755,6.866749446483085,7.147589388676341,8.363519881802356,3.194329330961362,Law
4.1342566708718875,2.0464013234609046,5.6310162476353005,4.010281161157875,5.042931583577345,10.0,5.629123369764928,3.674569698899993,0.706244170356944,3.3101966510949565,Design
6.379356597654203,10.0,6.393174055543424,7.6281081766840355,7.627506566330127,,3.960862596377534,3.4454413589532447,6.5053597683352145,,Medicine
4.492502189962382,1.7711416708272443,8.446121995403246,8.931153737238064,9.510255227019108,3.5799395866760824,5.417042854443707,4.955766196512002,,3.209224777600866,Law
4.860869280986392,5.136670744243732,,4.723451481891023,3.034778753817773,10.0,4.31345630399495,3.9413479645682865,2.1644096497047087,6.128429510765237,Design
4.991726061005622,1.2685844317211519,5.5937232410916815,,5.921017265223362,7.39353691970283,4.503998888614842,3.2931374719293,,6.965623545183952,Design
5.25319296453806,6.059980246744589,4.496999644595254,8.418310837187036,7.842720609211435,6.900448274831694,8.458999583272902,7.525710768749674,2.729319170440208,3.4649827965552213,Management
6.892927049735313,4.788099267649649,4.205684563695488,6.36104551879112,4.733516388321136,4.556376744758807,7.1161018678172026,6.566171536868254,2.7495120229256163,,Management
8.954889373773206,9.831917015541029,8.915437005874283,6.737789149167317,8.404816178821033,4.495652807105268,3.9394253576202374,1.7470922565952949,6.646195924320176,6.784045045726474,Medicine
6.084426013815966,9.546419678708968,8.073372239294757,,8.051296072584233,0.48503701590465775,4.192099442148893,2.318260639137644,3.674540139382324,5.215295795302447,Medicine
8.293774711849705,6.653650121326445,6.322912171884336,,4.430082683936184,7.298308887653848,5.169356877914751,4.777561364329975,,6.959573103657868,Engineering
4.73278286849675,3.4853710870423957,5.47663351641901,6.7368682916128355,3.188732743037984,7.570252123773985,8.888502457769912,8.70688635488969,5.484929178370466,4.612387457304209,Management
7.4477576187636885,7.891498950974734,7.337404295243,6.835720043096395,9.130659326530456,4.438043678878247,,1.245172364015569,6.1340532839502995,5.24158495077459,Medicine
2.4309022364511,3.738805885188092,6.899025751869961,3.1773361150358266,2.7862001582465377,7.223042077844547,4.656439777626385,5.898500341819296,3.419052877909632,5.438227936140394,Design
4.535444152794035,3.740878973184832,8.271086898526159,6.070503461626059,4.996489212521976,7.60732927025993,5.682704477039353,3.560124249418623,4.514089242285525,6.395068977549293,Design
6.120483279837705,8.001137642587715,,5.467743395791491,7.070444150402356,,5.196197984848444,3.753066562717213,7.841622896342913,5.360476390574101,Medicine
6.344163764743081,7.9897241300147925,8.855995117800994,5.109006039699245,2.092189587978438,4.5765924569041525,4.574502940668469,3.3075058740879197,2.2674871469474094,7.924084200786092,Engineering
9.631722292245644,,10.0,7.209250232957677,4.357345563880761,5.458536211934246,5.9968697333195164,3.6575313340893008,3.1699934442850077,9.570879071439037,Engineering
4.993677845048306,4.462289982687393,,8.431864500106999,8.6986587011808,3.5718063735949173,,6.555448021642178,9.649444060326623,3.7820150030470954,Law
8.208983538055351,8.315245828652587,8.729545365989825,4.0902955060966235,4.617636716116237,5.2966968291805765,8.272716248794097,5.939897994666172,1.890783644273534,8.126401629986072,Engineering
6.933043291375083,9.14738169943279,5.367128769271551,6.279163171346339,10.0,6.1795732377194055,5.932552994891281,1.4525534653811187,5.637788973192655,6.106119175016951,Medicine
,4.277952616028531,6.009575719205484,6.3908501708401015,5.465403164452365,5.690176409941073,8.405636968500618,8.910849290223709,4.382986663399294,3.521990492379774,Management
2.5122750443351407,4.847834062250269,4.779798770351258,2.362303972939509,5.79496300344171,7.957276080018612,4.67971504312756,6.633178457142609,3.815735277556068,5.287662417137578,Design
4.144300428883988,3.2214820936178166,7.689633571767379,8.088406209579134,8.570461480370206,6.387714571651109,5.7922834582945875,3.533409241780313,7.871893878113501,2.4321657718598213,Law
6.587248149310571,3.3869473524560636,6.165577496042699,9.299151336019126,,6.69574564224959,6.170357287351022,8.388528082267227,4.535995207398894,6.500329882968397,Management
6.518676470913049,10.0,6.073038793801292,7.867411318685775,6.529600502032487,2.37808386111307,5.922560425329239,5.1724575971322215,5.641461584638804,4.947554897505784,Medicine
6.424188626461029,9.049243992836479,7.056485031656895,6.819731502215022,8.46271822602276,3.931604279027994,5.796957472702022,2.295294963647149,3.768007763669072,8.930915888409109,Medicine
3.583251428391876,5.127737051861169,9.433737751299244,7.507426716754202,7.404239031187531,4.400945626368866,,2.71224665740256,6.41609989401303,3.636513987034123,Law
2.9759080477942446,3.800591472082877,6.383719451287733,4.865648286747987,4.573183029592798,6.6694031221697685,3.6448032855780763,1.8163267872052926,2.833373314269399,7.460500339907323,Design
10.0,7.358491328099961,9.357329478527465,4.984012006390871,4.647872599531986,5.957887490196066,4.398677568778046,4.795521349847926,1.7081927597615718,8.882970695325893,Engineering
6.538080933960787,3.2075747920572737,4.949830899095058,7.039992372869194,4.36011809087171,3.604430269869475,7.653056392724942,9.34608988002493,6.145726659393178,4.720708735725723,Management
8.507821684566894,8.582821285765107,10.0,7.641612196884328,4.902506106481917,5.766410951846283,3.5038761380587626,,4.222376304348666,9.625759229942298,Engineering
3.735166885216155,4.654466216557251,4.4595260705805515,5.500115740252729,4.421353617152713,7.928194136543432,6.424037930399443,4.59474852362472,3.7853406676589234,2.889407852459721,Design
9.561808627361028,8.812610761622599,10.0,4.82228020577153,3.933970285172849,4.377165877814425,,5.447886772385752,2.4035073589059093,7.947794153868982,Engineering
4.311856324153606,2.77635862142078,5.312625604003869,8.306210844971114,6.256563236182778,7.629682752831344,3.811218163434874,3.1227757399104044,5.374170121963911,4.981911910551598,Design
5.781763709745795,10.0,7.754514754316184,7.4513574126171545,7.636037326063824,2.641158384181984,4.261961213771488,2.192932198615235,6.022059049248789,6.268779265382268,Medicine
3.2522168078273825,3.0195454451204413,6.102109132465463,6.330853104943356,3.199658935113022,10.0,4.897333564677279,3.8445056564392477,4.257940247379573,3.732797655957982,Design
3.349806341455869,10.0,6.89456069648583,5.869759480647092,7.771574597321302,4.465997449276799,3.8381167602171864,0.06827177398374351,5.529268744170759,5.674833897343868,Medicine
9.221968297061148,8.402209041204028,9.77592367410055,3.985723474600648,7.11138200204068,3.7527439209155715,5.973989805361111,1.3064479972626426,1.7906559065489338,10.0,Engineering
8.51488667917185,7.610955884949167,7.180411722552539,8.163382346122273,6.820718922693771,6.476863288622057,3.802894482848134,4.611525121586462,3.8315143323472727,9.075309311465269,Engineering
4.051885614416806,6.976350799949482,6.50345887314391,7.078946867863233,6.242966289207573,6.412993623127751,10.0,8.138947874716134,4.91401543660671,2.458368700681582,Management
3.8889886652800483,1.687649403120561,8.411346834933738,10.0,7.595821326305655,4.009593623674845,6.2499649915416216,4.805083719392163,7.768921102199852,1.6856575072857678,Law
4.996197694823498,3.430612702242936,8.912223691934942,8.19792664511879,9.282026262257926,5.200047209733407,7.484361104131369,4.590582367015711,10.0,1.9378887540352967,Law
9.44231107302306,9.848738254900624,7.906147025039736,5.631881659845065,1.8897390339539282,5.346757018369634,3.6173723517348675,3.759525523284969,0.9704362011544556,9.205715691820874,Engineering
5.934183453025912,9.918492266767176,6.9028004019658535,5.0177310863534945,8.31617652792701,4.087822129305072,5.149414085055317,3.2104951774705883,6.351179758394119,,Medicine
,7.702569328717959,6.5420554545653,7.124434584645793,10.0,5.924128964828091,6.455216310597894,2.4958756577859225,3.851840479498338,6.025580248398211,Medicine
2.9562154512166745,3.734435942863088,,7.4412864897304845,6.646539923266571,3.9223977121456115,8.718059694265962,5.751917657421891,9.179893926721526,1.5713980647322947,Law
4.322640869319805,5.130225005932623,4.3971834935877165,5.711368275189575,3.873169569464557,10.0,5.414495952182592,3.686834735742921,4.083295990596486,3.320662836801687,Design
4.58550317774396,3.7214404020488243,8.715086681765229,9.511083174091652,8.599490308767786,4.916379189209392,7.25531072232049,4.068915150355356,8.87548985715719,2.566937804351267,Law
7.006034803655218,5.519430462807153,8.348055757668918,4.202792421782767,4.389694308839387,2.919732396243479,4.0094332041966645,3.69321522389368,3.4760724771191187,9.042713546364618,Engineering
4.997262281622825,4.560854476831649,5.252171289530453,5.043376405515486,4.973307250425673,10.0,4.025785484810804,4.157610321917633,4.4562129993911075,6.1325786970731935,Design
3.7823486351327773,3.3821149020097816,5.530920057264012,6.987902181100264,2.5182631943381697,6.780938993780212,5.419841880770058,1.8432444879749323,3.608565326323798,7.042936576816464,Design
4.722613071980743,1.650582756625326,7.073509489546723,8.89223386947398,7.336404772862978,6.426256272904766,8.123790747972881,6.785127393255243,8.842452840147807,3.105804187352601,Law
6.371136502574789,3.714093905765634,7.177049829637657,6.681157645477078,5.8943448980447375,2.1135917024447664,7.993140916169511,3.2290756761723025,10.0,3.03932053431274,Law
5.705763937058225,4.124647847057584,6.252527799099903,8.981963581881802,5.110218272321053,7.160437424375662,8.347047643577573,8.544822193832976,3.6300621220498126,1.6377868621438014,Management
4.552529372193986,1.1116369491415612,4.812906832004874,6.405281093238714,2.6847752861777745,10.0,4.917866223383639,4.610823402767267,5.462167458572257,5.262295133497919,Design
4.723436002699653,5.287346447016427,7.51681811084731,7.741907761797387,3.057598101485433,5.350830582199882,8.752727640022739,7.512019690877137,4.031820517349883,2.1678197961738954,Management
9.799137232216836,8.126637436845117,9.534511412667504,4.918695045471069,4.435573511182943,4.849851456911384,3.913125750700477,4.3607059949562785,3.8453237072518736,9.271621103377237,Engineering
6.956808445713319,7.527761158160553,8.16900937930416,3.540476657895038,3.2192945579959256,3.8809058179193587,8.194651319698659,5.84226453207129,2.4647257570099557,8.027341722601161,Engineering
4.297117448931527,3.1206941651009976,10.0,6.0870844607026715,7.4951659259275605,,6.484514760032388,6.169773581766768,9.557234982335531,2.937918995964897,Law
5.129705622826287,3.7831658940792625,5.3148528983173,9.205170969861884,4.737087883718823,5.701975469950271,9.24584439364668,8.037003415106096,4.751822305975704,4.3567662402124725,Management
6.6174345627604385,7.911625667220274,8.840646555696695,4.33039677756592,4.746796410688676,3.108730769164874,6.737041930015822,5.1223349805772616,2.671727465406146,8.972490639190795,Engineering
4.950684973366822,,9.37192608083086,9.506748736700079,7.6078149910299,3.6734566764880796,7.106196467922666,5.7069494222932775,7.450583052902759,3.984650963465495,Law
4.5995757543156515,3.7523771457317565,2.6997612322401827,5.769279291654206,3.976526444614596,10.0,4.148199545380154,1.5853106638236278,2.704198022653298,4.073815449470875,Design
4.490332749360734,1.2375845650652515,,8.413698401719166,9.639995597254366,5.268369518335217,9.021086325485552,3.6856950681706193,8.017197366456346,1.384803966305368,Law
6.358397952564662,4.890497494596875,6.174115166886254,8.371287894089068,5.979045991141108,5.711534355542644,8.213487158455049,10.0,3.8787279982945364,4.50870768055555,Management
6.88571781245809,7.734710840229496,8.64254208094621,8.678669188576592,,6.913618936437174,5.194795138183464,4.034523493420752,3.153852287404666,9.078144863653803,Engineering
4.997917095587189,2.4380977269119084,10.0,8.246494042020908,10.0,4.25447049590418,8.54922625035145,5.954490548733977,9.99090728169506,1.9071891806866117,Law
6.933852252962412,8.888710512936507,4.479621584895417,4.781027685329761,10.0,2.9733170958377864,4.09097227238674,2.784654381610772,3.619339863499479,3.405200645082873,Medicine
7.602722866301712,8.711924979002466,8.294325247953182,5.60284979650247,6.568799092621044,4.183519724482432,2.7165802630297917,2.6882976832383307,6.672894941439154,2.517308222529835,Medicine
4.507203095629337,,7.164183535547547,8.836101802719117,7.145008058569791,4.583809603933474,8.316594061085157,4.692853621459697,7.910846845840643,2.784505608349966,Law
8.90808067489482,6.916620552265773,6.43356225869834,2.8051215332113206,3.0474006531135096,4.403722129578867,4.618850937356609,6.018400511158372,4.437791380879488,7.249281548755885,Engineering
4.423921219022357,7.758095038534249,6.633381173484228,6.813887807483158,10.0,3.9456636037618336,6.304519178140963,4.4031103533617575,4.699119163004571,5.7730972747812395,Medicine
8.573335037320442,8.318982311693931,6.190682214755017,4.649847926272002,4.779893418923965,3.6681124132130916,6.180481696573381,1.9364944383286609,2.6277240233752717,7.738132868031774,Engineering
8.941837969550514,8.410862231837573,9.0327769945273,6.300975068402909,1.759660655689324,,2.165726916163684,3.546877904837134,2.993977136108351,,Engineering
6.675142904961023,3.8049676086995756,4.670042030550879,5.211868128893774,4.115341858082929,6.968124892869193,4.2557510712244335,6.3653609967853235,2.6405769098731287,4.526267630959994,Design
2.863243068199089,2.2383198170364684,4.9614658685987205,4.227345462607137,4.404218147682473,7.982120936086113,3.83803985851251,3.9891404766475507,5.290690542305183,5.779339025693519,Design
6.587899973889687,3.8733031368325226,6.322417563928494,7.6018373979390645,4.787349377370988,5.115010730151838,7.945855665518881,9.301518761217164,5.034060265959293,4.257866917514484,Management
2.9707795495633427,1.1227830665613734,3.262228689748008,4.802597912645644,2.6762056206197418,8.70873408189517,2.046161059433393,4.380813926439506,5.336048707691241,7.609693621573454,Design
6.117203875967845,7.7178878563284234,6.927609431555007,6.506919718587211,,5.569652536804561,4.57202778213329,2.7218609129809446,5.863579992672326,4.2392550163948854,Medicine
0.7221042482246212,3.406111890948585,6.959151732089769,7.568640560740263,2.3679245563303746,10.0,2.1036878854382883,4.021534202021926,3.457626130019529,6.998038132401594,Design
4.430896565509312,1.3480157448166596,,9.491351413844296,10.0,5.602235276346545,6.950211467430746,6.063491121256832,6.683036954771268,1.7487856152145889,Law
,4.921081270342761,4.2033719854925415,7.756529170229828,7.781586267275028,4.37080493242503,8.423063955216717,10.0,5.302274098695661,7.224203221830637,Management
7.637617608744527,8.845262941419838,5.843254813847067,5.8600787846049975,8.76110538645871,3.514431803664899,5.630894267982083,3.6796968889737394,6.155678134526043,6.850627313944543,Medicine
3.146261129521129,6.370818827143477,7.16823239796463,6.034518529557473,7.062414263202246,4.085192355079066,5.149670777760153,4.227740629102355,5.177582967916511,6.5969126788347,Medicine
6.845961255954396,3.914789495682149,6.749950903778245,7.26221597275598,3.9767470742307625,5.6483528424801985,6.858523134376181,9.701270076827642,3.2817060315329263,5.193702284493484,Management
6.868942990871812,8.129414143506136,7.067381728690701,5.689316737481833,7.8155412945290506,2.5375918383671987,6.645507402716522,4.385390727136063,5.698664010495539,7.563854737526958,Medicine
7.698818985350259,7.97050914207666,7.690697801534781,4.106788275079732,4.040300835902262,3.56481477401684,5.419636703321222,2.0048888576019275,3.9255701298883667,6.964077211692533,Engineering
10.0,6.698321137416492,10.0,4.809730544077571,5.858334656190756,5.088382613866416,4.464205808005942,1.1499940822925874,2.7769661367187473,6.472801794102708,Engineering
,2.438329866290462,5.701244016967057,4.887556987719291,4.630089409759506,6.483258802103532,5.097514849049777,3.3571736094317437,3.4674734224095984,5.896014345323014,Design
2.9107539271023395,3.6131141103634747,3.915127856798109,5.5540934533048185,3.32612783171372,7.0636579269695865,8.673575059636184,3.856061680275697,3.357198675502163,6.759746643159751,Design
6.718547051169692,3.6871286377735624,5.262902163276386,6.142909666280831,4.228896540460493,5.52554512367754,7.477828041851772,9.124874280852676,3.2449063187145764,1.840710544290871,Management
10.0,9.163740476563191,7.564675696729773,3.546745507146834,,4.293455839687575,8.146539515921624,4.065349552902742,2.2725560281356634,9.104604272350398,Engineering
8.029542493129426,8.757214424754341,8.69909941942522,6.957510002064255,9.112625595199662,2.26356333790406,6.218779798274685,2.5645883515443106,6.122020189694181,3.941579023418053,Medicine
5.374011315623432,2.5620634585824433,5.014418866595503,5.684117405955474,1.5740695426497118,8.408365824580237,6.658945653230341,5.179451254123746,3.7962233236717844,5.646994070387429,Design
8.21760599431572,7.72776852484851,9.007689775215372,7.321542157544065,4.735708483219845,3.8151232899215226,6.071755181100474,4.69749597031323,3.851057386982122,9.469148578482477,Engineering
5.530701254072984,2.8631921288341045,5.143635123460766,,8.942921282090612,5.24795153134984,8.048842659868672,4.546836944258517,7.45122987312073,3.7172467497569146,Law
4.122397873617415,3.1024723946527497,8.998487740726041,10.0,6.114766818726658,6.334517326394058,5.97712125816585,3.5164201807709308,8.195428586974426,2.58633158622764,Law
6.368473866468029,7.655655518611376,6.6036011777790895,5.602571547068892,9.282464343188375,3.117575374005168,6.315158537818641,,4.15551517752672,3.370703158951288,Medicine
7.21694706240862,1.1761424181877347,5.278769520170844,7.429000654894921,5.299636536458812,4.555589514112469,6.110650072028533,7.95857871996393,,2.9949784562983957,Management
5.254229401884055,10.0,6.601937297336987,7.9358435327672385,9.057655008465359,3.5543019512172123,5.62359768977679,3.416584367999849,6.327147667303216,4.287150800775476,Medicine
10.0,7.766625022732619,8.001856482523216,7.399877579914863,3.0608406133434656,3.8368548753574254,5.836324833095758,2.9870133402825334,2.9933415732639075,8.287524231918134,Engineering
8.306436890554899,2.972494750213109,6.96567554194222,7.422430975271313,4.573934858333207,6.322009942607811,8.111074477053533,5.539445061695473,0.5182714398733999,5.654148808369264,Management
2.642532003856343,2.0948589253045977,6.478570542947841,3.5438370400685577,4.244595316944645,9.131707151837723,6.393408547251335,4.422722845558644,4.072863630184186,6.162044490802378,Design
4.964066999795308,3.2536758297180843,5.1614198310983035,5.735131294340349,4.640692568799733,9.51648293527353,4.1201492076616955,,6.575642491138502,5.82657793648505,Design
5.028960623530476,5.001683906053297,6.040939292768827,4.245174325649003,2.4452874715537964,8.43430749437119,5.246303080577483,4.341093068300129,2.539148314679812,4.031363955390433,Design
5.714527813963612,8.795486817296993,6.791619174330075,8.340688556950449,6.919462211938463,2.9279906574340036,1.6041454621848659,2.374808333973617,4.485663379636199,4.3370296707654665,Medicine
5.475261462430215,3.899240871357148,7.414680113547438,8.188746128157026,8.098529014953659,,7.482955139704329,4.588390353419585,,4.29021959765797,Law
4.947722428721302,3.4814352038839864,3.1237180156676225,5.6423488632292305,1.3093093880343072,9.901370612552359,4.676671371974225,6.906409481458866,5.392706697684389,4.121099741898628,Design
2.9622362107353952,2.562496016220101,6.992334346099836,5.484673153629126,4.575299634836965,5.940024797795742,10.0,8.252474394609262,3.663465978191932,3.9318205035558496,Management
8.640244577645943,9.702415890318685,6.417062596623397,3.8728586216620187,2.41833868174549,3.9676228229669492,5.571527587822092,4.181444195656602,3.35915643312712,6.663404350939923,Engineering
7.493136920032586,7.195369481631228,7.646717838387459,4.764669627138449,,,7.222927140215693,6.447937465069031,1.6600678584879582,8.591544865525476,Engineering
5.304386700610275,8.475888519990937,7.703470089683453,5.42414048704494,7.966305815580481,4.1164705975789655,6.294720290268936,2.2140217989665967,2.6049001993601264,2.508423292226326,Medicine
3.125888001897769,1.5482079168801575,3.2968139505132483,,4.228387846628134,9.572787696930396,5.783414859343676,4.484515893848436,3.6445927156250417,4.105009874818991,Design
6.1817843235194765,3.1629115239270855,9.453852338910998,5.667866780895089,4.239843099595204,4.842535264049977,10.0,7.283824955029251,5.053698987381943,4.322912284560502,Management
4.755176975188703,4.504133192283148,4.776661608407167,7.49513722626357,5.211252661566059,9.880434919459177,3.9041521744003416,3.173708921198229,3.575415064424429,5.578994626937734,Design
3.9124176386005467,3.4224840778924617,4.9188597550847355,4.494847205069605,4.9059161016622825,6.264272587053286,4.732570293287672,3.89043068655052,4.544428932744433,3.609419364525289,Design
8.160830230098895,9.091899386672637,,,6.2730054224124965,4.69234352795253,2.6850404601674884,2.4557878804627835,3.7165492473122024,9.01416183827126,Engineering
,2.3368198164214706,8.446026785642589,7.477583018585571,8.665464685664016,7.196786813252295,9.431177935237589,3.0433336745281507,7.802240521553706,3.547885962721939,Law
5.817631075937221,2.583964443820208,7.844577863303895,8.010248618102098,4.08021971519487,5.3512084865861995,9.162545992168164,8.674065413461042,3.805188191773619,3.149444208220369,Management
3.6033883573036776,8.119234990600702,5.604299552121163,4.036440395067755,8.652074304231054,1.0843240919064363,3.281145244086317,2.3016480677825566,3.919328413263601,5.515331052869188,Medicine
4.152084815635098,4.433852349730088,8.809488787565545,8.257115557793256,8.285271946205912,5.704528089982176,5.9916267102521905,5.016049094653982,7.05129345103407,1.7213453539951458,Law
7.599335995243605,6.4535432301327305,5.97721327723317,5.819574757402741,4.454541004553698,5.514851869969706,7.190850308429358,10.0,7.411353743536858,4.621764910949231,Management
6.094610840924013,5.5380370311124905,7.470764297929313,6.953664732989695,5.721590636092748,6.047532808763494,7.7980790678294385,9.800734918292497,6.921239823668085,4.61321086458142,Management
6.854647986026856,3.042765090021847,7.150266419405352,10.0,8.856583759825133,7.361434080380972,7.823338938414725,4.483859960547658,7.704653651502266,0.5989049696521849,Law
5.98636253233992,,5.003658486309669,4.010492713330629,6.16162853301792,8.96821263562941,6.816526481210342,5.661723607992272,3.3228279698377956,4.833176550513285,Design
7.648775995941793,8.579893861926704,7.908521475556986,3.9067125071025774,2.8386811533844947,5.2243642930387555,7.052818633333565,3.70798909764547,2.8457701760571528,8.871573981483305,Engineering
10.0,9.884148241607194,8.012571903196124,5.984968013964432,3.6893191039643236,5.030361910948922,4.220325716145476,5.606091401876867,3.4728075954458517,8.216562133464251,Engineering
7.85508019739441,9.110982796083364,4.840043604339937,4.102643413482218,8.831606657028086,3.2304275499510258,3.8110508381744435,2.918429310840722,5.800260874219674,3.1114151892092083,Medicine
3.8171564440891674,8.859296660180135,6.436284269299556,3.7894632143161586,9.005748867563891,3.5059505191501454,2.271031754670383,4.091438518006528,6.865508031385615,6.937161644985544,Medicine
4.568161525464982,2.6465420923896117,4.668507147572545,7.031574136346217,3.4028327193146,5.436857064560948,8.284862746979874,7.977530351801196,5.635896130273054,3.922649313227242,Management
4.311576516675189,6.096057533265149,5.486395767396399,6.418123338284516,4.1765469740905115,8.235317442795266,6.376910251264417,3.3953889481697583,5.741843722377428,4.736313745228144,Design
7.779055872667419,9.392695900608501,,5.330966120051963,5.304836524004308,3.4908144566972394,5.04208113094514,3.6915190296324116,2.389212538951655,9.066095836744644,Engineering
8.739275180653035,9.251454844232894,8.854438842461768,4.7700720651822515,5.4071618907000065,5.143797059352281,5.001741800780833,5.414839643846447,0.0,6.657010578792559,Engineering
4.8347667850398715,4.394934370055421,7.444151509799104,5.455734090698398,3.7131440914751055,10.0,4.362496107307433,2.7641522855186187,,5.232169209999272,Design
7.052720188361684,2.8148389109806207,5.388058901073041,8.700750401979587,2.7247198957001086,3.7819574241405904,8.203450263769668,8.021964711293137,4.117973033284336,2.3571245847715216,Management
3.823048671182231,2.36830843545176,7.702103517679887,9.648729380933068,10.0,4.959875621884243,8.337190482090605,5.935057807996418,7.001080003487581,1.7476683083895923,Law
8.448381832948929,8.575190986460624,8.104245208286333,4.967456393121598,4.620060249730796,,5.6201456653943955,3.4992679737401535,3.0516015845768303,9.748954599872803,Engineering
9.067703514628494,,6.452501122545698,6.654263420641195,9.783421558878432,3.2632730670968053,4.17974992372823,4.3743460513137755,5.492231120989446,2.341853258093733,Medicine
4.064829497201916,6.62952343791723,7.356373699840988,7.030418932677826,4.493572050081018,10.0,3.1319399132900196,6.281368053387749,2.71138239440062,4.766359145213252,Design
6.045695753207662,4.27263458854752,5.020440484743269,5.617382222306546,3.5351621349120768,5.564740044878519,8.12041006014532,7.089725783864409,4.451479607235343,3.5860405781942717,Management
5.747297444975608,2.4316510301110172,2.836246530752744,6.553423821799077,2.801788044495966,6.713897223138202,4.793933892263584,6.099725368711212,2.3577715968434925,8.536794740131448,Design
5.106899045911919,3.064589018354428,5.575792507887383,7.367078779248607,5.630775531938886,3.8908649146988417,7.613083065027035,8.792426292330774,4.2458692485497505,6.38735081963745,Management
5.301169772963005,1.8710949061725426,7.167623327659476,6.552801328698929,,4.546587364918536,7.796833002658364,9.44828122232016,5.271185194915343,4.999028858542778,Management
5.444315467158646,,6.938452811649908,7.756555442350729,10.0,4.254626687576312,10.0,6.8115753624930795,6.236964639249845,2.1342618855129207,Law
6.060064258559439,9.905335458069601,8.215641389329619,7.684596406747842,8.368988709270218,5.80309054888149,5.296998886252018,3.822089050335538,5.366714258085343,5.321108719729426,Medicine
8.32952121073565,8.453408662260184,10.0,8.20007468776988,4.590195475672612,5.208247771312198,6.399112204706301,2.4006406574024486,3.4329914844037317,8.466378297659986,Engineering
4.732923306981137,7.214714998104118,7.891462165707631,10.0,9.567375088749543,4.978413047442874,6.214045496880118,6.377679694063706,6.552456555857539,5.08113766078022,Law
8.532667324580844,7.714083466153764,8.943961291197844,5.483179601465335,2.61032093608888,3.358893911485685,5.0382506482604645,4.837415195669163,0.12155641764409619,8.949444553742055,Engineering
5.880209367314096,5.4012725324059705,3.060009231043045,6.21471433927685,,7.6566798881799425,5.3402699231323565,2.7455241717176873,3.3936080389600702,4.461984147399042,Design
,5.041542675161722,9.333287935213466,5.352881067352434,3.18351099319539,5.1645757233610015,4.241215536151964,2.8130460295498168,3.788178502941321,6.760102865279002,Engineering
7.245348209097917,7.05720611610352,,4.432197317008298,5.590035964857249,3.826194668486866,6.211044916736517,4.000436255937622,2.7963707330444825,8.447008716023936,Engineering
,3.1945442084527995,7.513747767187797,10.0,10.0,5.261132101919907,8.544308490711547,4.740189719268538,7.579862777880668,3.8501821019056495,Law
8.790003665412858,9.863178858588025,8.61897623162517,6.2550102239287355,4.426181847289501,4.778470144486534,3.9866728842569543,,1.8930016540585017,9.365260807207457,Engineering
7.485436508962213,8.662766920108954,9.217416402990679,1.707692155093814,6.047397414563153,1.0380776650414196,,4.832952444535081,2.587527257171827,6.593958222789595,Engineering
4.00938399374273,3.1420159713156908,6.349763178699268,6.897406847962262,3.3865176116566538,8.687079540443456,5.679535765370965,4.166772734599753,3.558023268834176,6.848275420277872,Design
6.6154004841626435,3.3916675849044013,7.560614895632224,10.0,8.859921913039125,3.3616826477542383,,5.643410695880288,7.688642628418178,0.24758369424331494,Law
6.3282758834123785,5.199192453207069,5.307629098802126,6.466363106776331,6.768934553803184,3.520153606807189,10.0,10.0,5.618116368545898,3.1058502278864175,Management
3.045768190011611,4.9416357448433565,7.103377815104707,5.119033435577553,5.659251970279083,9.609746652769916,3.8595458265172624,4.013596427294028,5.472590997938647,6.699984112439645,Design
4.532841680427907,4.205479250528428,7.481365794134516,10.0,7.399484253952861,2.7730862328979575,10.0,4.21397614249482,7.761025291166929,2.9144556826061603,Law
4.810206562500679,10.0,8.26164737512285,5.205602705105651,9.141248131990828,3.860206132454117,5.720629006022108,3.2998739930948133,6.555241330981321,5.098019406089881,Medicine
4.034646952601063,2.777762644645523,4.826800328514704,4.767804799970985,2.884055869369998,7.356221052423956,4.6636515946652395,4.033031300852212,3.0148642816756546,5.701560133196467,Design
8.690182497117554,6.758856755553919,6.36669359509549,8.218381534461003,6.549172866312029,3.956643381342423,6.794399981048873,10.0,4.8561850147348995,3.7055431802262735,Management
,8.890124154035085,7.8776880578633675,3.404352457841503,9.84392201832057,2.4628142561316313,5.431594141494015,3.3206880944939674,6.4099623089029985,5.716201695161603,Medicine
8.190374132832936,7.653696262988358,8.801820856514134,4.778074615535279,5.113000079308681,6.316530563165777,5.202058125969006,3.9572833309189646,3.0691019518512275,8.500109711018839,Engineering
2.3392005774344304,3.3287334165744364,5.769540660496665,4.845817816437918,4.510160575432947,9.102442912614174,6.381006100853769,4.035647698495065,7.958923269614489,4.766164659483855,Design
3.978876904996191,8.233154268980053,5.5228062782397105,8.80296206723277,9.638352191409291,1.1364995665240265,3.0321098853680315,2.827950624635268,4.385827724305848,3.278303129500045,Medicine
4.234452070781977,2.8196522562417226,6.818315862122694,5.946149342281027,4.262402514072942,9.206785387934685,5.681678612694097,,2.7935029834234832,5.9849820239876665,Design
3.9774087648355843,10.0,6.882585286668331,5.658366732587897,8.143810705633896,2.079499919387468,6.850023694365106,2.4890311811381616,6.777621986059948,5.06714722878151,Medicine
6.580659969862574,10.0,8.56351104849699,5.945413522023171,10.0,5.206065119416567,8.344272668060649,2.024997742876935,4.340379250679447,4.60204523700206,Medicine
8.514853872228857,9.727648767568086,9.613832177336485,6.594366086957081,5.220351451721322,8.02594903044991,4.7332898044741425,0.895421020313532,5.085530669972283,7.904990739756126,Engineering
5.6772704075781695,4.570664432543641,4.398468611290538,8.310779224422848,4.352349849535319,4.08659408193514,,8.394527589073029,4.07729277609512,5.234583873661267,Management
4.268247341767179,3.7341219990748424,4.359952418882862,5.097768844252958,3.589266818856248,7.461290380145163,8.14827043803274,9.285840571930375,3.832454873442527,1.6722836747125331,Management
3.378641963303077,2.0849658292851707,4.298462765938359,4.945206380972904,0.3392468747162045,8.696667956471725,4.339633491586028,5.527014428195382,4.549874959863873,4.580071339570914,Design
3.9362593291493084,,,7.321346108975508,10.0,3.5233175682543214,2.8332146871126915,4.169999563758653,4.0549975533907965,6.689151009719603,Medicine
5.939307071076284,3.8809996492469914,7.844912984101378,8.033943470179214,7.842663059486032,4.969301434720872,8.431054461626477,4.877940625526125,9.902860913121472,,Law
3.403884012746321,3.1949965499228328,7.431743520818603,4.431003915406626,2.5643111355641497,7.5328406028977035,3.0733486767329596,,4.263774330395173,7.167590408685958,Design
5.8642656465236245,5.506441118824215,5.738522968805895,7.322940378580828,3.423987343220455,6.487684064923586,7.361408059769981,8.367650914841002,4.501361341907298,4.157591438796164,Management
1.9829329967531457,3.2149100516741016,7.83010944192506,5.670840797654429,2.765959593924535,6.714508141995303,6.794397446050047,,1.7162459906283218,4.298454613306996,Design
3.259246448380361,4.812215217223967,4.568843063329185,6.558854967886949,0.4696743949553479,8.272790842463857,4.777238960358428,6.765302394345127,2.480218255981213,6.372291284081217,Design
5.52142250593799,4.3817570784972215,6.244558137454151,8.283145201759812,5.7861748751217394,2.112474836214606,8.187351353972888,9.673275444631573,3.966406431649281,4.047063431037775,Management
6.842996077379842,8.12327491764949,6.903709784100604,,4.006420587897375,2.6562869446567525,4.022190871512223,2.3181662448156373,1.8674191063664416,10.0,Engineering
4.688741975931789,3.392243602734574,6.533013556008191,4.012149197338776,1.1019456113789055,9.567628850992435,3.692618057706495,4.415101248184875,4.155515120634659,5.822555426931785,Design
5.7980489033900104,3.603152249267235,6.557286560096269,6.816651900464681,,7.941161065780169,5.253900510559234,6.069194753880625,4.688857714479888,6.4727189456772525,Design
6.010426269122612,4.566779083496953,9.127656632808261,8.93146221119462,9.318065884333581,2.5873827546210233,8.426961834765892,3.997488409270071,6.353177617850182,1.538617326386331,Law
5.353831710045009,6.616251728891351,5.403965402196575,5.1613115670649305,1.8097057513266328,9.905551617719222,5.15409451388024,5.3466461965138885,2.51913851499008,5.95708544573471,Design
3.6950245373756623,3.1721708568242493,3.262942893966831,6.201654872433257,2.5953327467049467,9.971260209698709,6.711371932210454,4.255710465299093,2.66969533500434,5.478291802987813,Design
5.96459345321795,3.536594883291464,6.924715594799518,10.0,6.708674735257907,5.00963951747478,10.0,5.2669623869268944,7.491707676959915,3.5334793134729994,Law
8.428584673936207,9.472496766675466,,3.651707255852055,4.093937925847369,6.765557424627438,5.660502836758785,3.7538419409237047,2.717009898534946,8.001058796579931,Engineering
5.3796313823716755,5.365693744878452,5.839865615513423,8.295053174527048,5.872316155374301,4.911827558633468,9.919478366490408,8.01331967680897,5.511314486035806,3.4927331175835095,Management
4.520394428448295,2.523962244720336,3.7183473154293014,4.7065298790445,6.343068590628271,9.822927232773043,5.356895288244365,3.2307145927592407,5.1846260412789995,3.734998743392071,Design
9.250623350775024,8.060524715326219,9.490411206255203,7.028158549461414,4.750147453098636,6.471667974938431,1.9524127380747194,5.56758798729083,3.4875807974600423,9.901196362468736,Engineering
6.674791926798356,6.289145482041995,6.679025805710976,10.0,6.171402492308953,3.1525248365012586,10.0,8.253352658979615,6.444207219762256,4.03483147605527,Management
7.350139436636112,5.701779232763222,5.755979520190663,8.561097806176143,3.5679605854217513,6.4975450455049355,7.75578146112505,7.459893291430928,4.258734718334734,5.820614181357113,Management
6.851581908102804,4.4254211744802525,8.195636801532213,5.255100634556301,3.948198477283533,6.40254275073866,6.558075787471702,3.2784950496370553,0.2248982322800872,9.302466054639936,Engineering
4.938519012257033,3.726927495102341,4.316448420119181,6.249797801620324,5.83815457896176,6.344153848491405,7.1355527255045565,9.878958515890098,5.090594297461748,5.9628521309502345,Management
4.455107248705026,6.919240252940947,8.909333225483117,9.622509461106464,6.658122681506863,,10.0,8.874970552241034,2.4804271950811008,5.954161838239894,Management
2.5323983372091017,1.290680489177623,5.4945585176787075,9.268440797627377,5.146071411522942,8.279219798941273,5.551865774760743,5.445862979676789,2.22109528704728,7.280513629744986,Design
,7.6468233012065205,7.002076506340202,5.187431643808554,4.6326406864127465,5.102685331242013,6.473784622383712,3.0303484474955207,3.4576448133438014,7.214784705735012,Engineering
2.9095223607510246,7.979786978697211,7.179666668159264,6.246526148044277,9.120893948683802,5.026176522370617,5.790987257358583,2.721442574679195,2.5997618855433755,4.407874376488738,Medicine
6.478512721155134,1.7868921905016606,6.6464735784008635,6.434742330422213,6.663594420372517,,7.039291049585018,9.098545925347027,3.308894498597657,5.649628683863064,Management
10.0,8.263607562728078,7.84953059938403,6.130709446309459,,4.998189553123646,6.281977212048998,2.7748972502137494,4.047382231015251,9.380621779299993,Engineering
6.044431030441946,9.390799248793897,7.720039216362482,6.327000625385353,8.343889181410633,5.793782028680704,6.572376913175752,3.6206337454669146,,4.497620509105658,Medicine
7.304167630503076,10.0,7.749175949233674,5.19568739252981,,,5.368272837595839,0.8687931228960606,2.3468834941582246,5.413778563449049,Medicine
5.155496912510758,1.6564508463459735,4.208468284751656,5.072595249926797,5.5978761027107,10.0,2.8669069557786067,6.256751215378232,5.754246282078789,3.973789176170564,Design
6.058921609280368,5.067202733824373,6.151907923943666,9.627426149292509,7.210212246757958,2.356213769233042,7.126287528327413,6.722158055315427,9.098964613154003,5.62315218308766,Law
3.9041550573589334,3.2454935242603393,4.404865658144187,6.062452998353598,3.0874617508026794,10.0,4.7655160717132015,3.2459583502734337,1.805976282603599,5.276257739117117,Design
7.9708326619143826,5.458484389796363,5.239260700515334,5.684065217932378,5.597779398404275,2.4873432747302497,9.94320035064748,8.722336304751787,6.880690416750621,1.7549448687505942,Management
10.0,9.309764002282527,8.16634964868032,6.475158355778028,,7.548629981017935,,2.2955069554957044,4.930394422754006,7.124234633911072,Engineering
8.029698379322577,6.7765412752975545,7.916866529563139,6.0880341358360806,2.464513206165331,5.828712173446458,4.299597287096934,4.992156458953632,0.0,7.4774644923645806,Engineering
8.588287119920135,8.712566893534856,9.66428681630865,2.9032932992431824,2.312975573671665,5.273378678411991,4.070660469533237,5.2056328408858885,2.5902732931492087,5.985110043572947,Engineering
4.40840556694506,8.399865136202772,7.763434960268293,7.273438195629843,,4.210161102293419,7.858502209527032,2.9771226919676703,4.098856970014821,4.774108893829192,Medicine
3.514303825382484,3.983070140988894,7.768948524443208,6.238255900345097,4.964081101311853,7.4281640542914795,4.835130755651159,6.086970375027523,2.8459463844801,6.754789417665034,Design
8.055201242048339,6.171011584717579,5.928926218922733,5.1599695286136775,4.573445699591202,3.3280309522785716,4.955182675454977,3.5698783318876526,0.19718959212280707,7.310337942676648,Engineering
1.9662498604066982,2.9191633720194687,7.710719351126493,9.540365760913053,7.815766475793018,4.02451626523821,8.597942117631423,5.370767704275485,7.6588783914631025,3.04903976568691,Law
5.1255493794126075,3.2487749911186166,6.0205127200594415,6.468769070920828,2.4419778323927295,8.081097112435911,5.246644032958228,5.6753156478618365,2.4842559957346197,5.242668078484475,Design
5.070083260177492,0.053226176154184124,6.139608025924855,6.877745752410777,2.750712178184428,8.440752999854514,3.6036214485881253,3.821988744349176,3.359660947449715,4.612306343194822,Design
9.093807808824636,7.139496276613353,8.028029999465407,5.003740737802172,2.9454084607342486,5.633064225021256,4.3897769577364585,3.5162423543459935,3.624970656577682,9.080490528838927,Engineering
4.160203199197009,3.2629307529063727,7.152600365333969,5.507137529797261,1.868828278191576,8.664471465126619,2.281592303922383,2.9258068142404645,4.826157758598897,5.178457428060238,Design
8.301720707811933,8.498412023659544,9.799771520983382,4.123903093428067,4.337488260584549,6.925892211956665,4.033335302543667,2.4310749775225835,3.2629980493805517,,Engineering
3.126881509535245,3.9138669945471536,7.320753154375093,9.097405202136095,9.351029692524278,2.956479958219043,7.192965607097555,5.245324252434583,7.584592081153129,4.860920248105642,Law
3.652518185574234,2.606992950179767,8.037515281037155,8.820975126985262,5.494222523568229,2.6077760022942833,6.008553561100097,3.8521365220518335,9.03875032832223,3.2846205011931264,Law
7.492733351870784,9.704853871441532,7.318086503133555,6.689169246936274,8.27254155227157,5.359332156272045,3.8750543182676154,0.8914973351207278,5.798772159760217,5.820609826487292,Medicine
5.8702150453559145,9.743416937427723,5.401640383432523,6.964267279152717,9.919058705190714,4.632864111294069,5.180845261690069,2.8753513166642377,3.9146935013970476,4.906401829828275,Medicine
3.768220371414138,4.436061633646509,3.890956449213538,6.424683090231745,4.258351186013983,10.0,6.157057853913184,6.189971858740842,3.8564515293390667,4.378528585680821,Design
5.627336358345616,0.0,7.997699421524689,10.0,6.039114596468599,4.186219708888224,7.489715712837856,4.3986423417264495,9.847286515326672,3.614186318661891,Law
4.513372745538718,4.623960754185953,7.370201013967132,10.0,7.7964998489703765,4.191011270073136,7.277658241896948,3.2883661427445867,7.1522550992137095,2.310133043339179,Law
7.385353956324056,3.337618533145406,4.661487405935367,8.156257459525309,4.638261950122147,,9.466428893661742,8.263625545604166,3.0490596095103615,4.501564008233571,Management
3.8414931883329104,,5.853992249717276,4.655640262692772,5.951399165521266,9.208786486193274,5.302746312071093,4.7564040406291594,5.303782829632501,6.248822638829804,Design
6.526727682250316,3.3341922023302972,6.387171775232584,9.453062112658793,5.2666880935017355,3.376907683435794,8.764160439530835,10.0,2.8263919429497255,4.038642060377729,Management
5.110077168566259,8.111980657939274,8.998564817467143,6.7748981980730925,7.78236785228495,3.7983269294652287,6.758995650804677,4.906063665513386,3.938168866948667,4.9448360468971595,Medicine
4.078024035333881,2.578935067135406,6.772083467329982,10.0,8.39963399644223,,7.159079083901969,8.179772194869436,10.0,2.0626192507615695,Law
7.336469635018938,,6.960033018061311,5.74076186681139,8.654861108176162,4.413398302738262,3.9804639384102662,2.8374422593821507,4.2068714741257525,7.989563290499291,Medicine
5.8100517589270915,10.0,7.370660993744954,6.005187698813726,10.0,1.606652982519301,5.1226162032954266,5.592757043085395,4.848940930332319,2.7467086419574973,Medicine
7.7638166097446915,7.188015569320267,10.0,5.9293769293015695,4.224746056692288,5.64833527339064,2.2606499484714053,3.44392633346682,5.596768431146192,8.672050458323474,Engineering
6.066794904073879,4.0398118993301075,5.002474097590159,5.689618560072121,2.1651338221944396,8.432196911187841,4.583899314430278,2.8791679171171527,4.503560262392743,4.842703486603327,Design
6.347902761740449,3.7533331847916815,5.759811518315799,7.194588573825658,3.5492859838312163,8.295284978749548,8.21401180697261,9.776010290670024,4.064951285013913,3.5388072259378713,Management
5.9088500147895875,2.25538945610329,7.5313006284290855,7.2039470744121985,7.764414225802877,5.587999621311363,6.934553951123012,4.6762548822730565,7.031265982215133,2.1571340622875965,Law
1.537220007707719,2.458189412989098,4.389495980733104,,1.9142957917606105,10.0,5.056579213191462,4.339909823911024,6.070527853917611,5.479138088691648,Design
3.8590684680028557,0.6070278567726226,6.082142033319929,8.034789571449348,8.096416029587829,3.2710025168322403,6.832512416836158,3.407070113942621,8.722448068090651,3.55342897296038,Law
5.1301230549474,4.201850483424002,5.855365067197013,5.641308570019589,4.666607812922473,9.934234905903889,5.343061521415013,3.5981087167877455,,5.412889682591492,Design
3.7962913379336567,3.8536014389481448,6.683184018995063,8.638123627608572,8.573766300288934,4.046595514438307,7.793877465832633,7.070546992825439,8.276583561316903,4.533139152634968,Law
6.781053713738701,6.218915301417529,6.7301305337833455,6.7737365048434075,6.437789957666349,4.679570714942645,8.712625414813848,7.318991309579473,3.156734404462222,4.066802671567042,Management
7.6109079979465655,2.27171264093887,6.740737333317497,8.840980907491812,4.757709816856183,5.321318909238939,9.043984179680399,9.448262201256725,5.257058389577259,4.729664684321582,Management
8.642330967281215,9.462557098220433,8.482559476997748,2.5614608154607916,4.2520114015650865,4.788361304377611,7.724798375293071,1.6057207132045768,2.4921191166210455,10.0,Engineering
9.751848745224283,7.0580056330269585,7.390113010636364,6.097617741519484,5.78511921520491,5.052333452600601,,1.7316641238238748,1.1447226771578864,6.202091253178805,Engineering
5.021170462036787,2.928940991888374,6.10181689926061,7.236323647242,4.81608757829415,5.27286461086202,8.529129413285814,9.70217025704569,4.6941303339330975,3.6303426384140742,Management
,9.915447448660117,9.52312702093643,7.437592984639729,10.0,2.9000672229694695,5.307221566636661,1.7738920983197934,4.703904790744255,6.003874920558256,Medicine
3.3209237329863175,5.948576819447258,6.048723845208722,6.190798431011719,5.786549305965281,8.416219887182033,4.885038560625039,,3.775944386070348,3.5643942188840283,Design
3.954065082017867,3.0472111451068766,6.581025429228964,7.011037538154501,4.909444851120925,7.458886876258011,6.696384323197628,4.034684169543062,3.0184616011917154,5.279873994200985,Design
4.998119729453051,5.733708413886796,8.522220768779054,10.0,7.206210384810481,3.8185622218684965,7.194006009343113,4.813355559370387,7.189567554856243,4.645713714523864,Law
5.335813539703322,3.708823187130498,2.8524687853940534,7.10751282125801,5.1184169568205355,4.966935497427009,10.0,7.488794089077141,3.7673443917648965,2.8236656070183908,Management
5.351381185049471,10.0,8.267177359612557,8.203051600727035,9.636645156980304,5.405787232118291,5.952781124668795,3.3451872438514134,,4.691562365173377,Medicine
2.212118466456621,1.465333087149479,6.334621297038447,,8.407207485587133,2.940777626428754,3.413233807367833,3.6429146930336946,7.886582457962155,2.212915665766445,Law
7.494189893245164,8.94184718555577,5.173286331119952,7.755968585305338,8.018518207440561,4.4446044946473275,4.158302742976625,5.137592223303798,3.8604657285618442,4.561341319661973,Medicine
9.352303479522798,6.590006190832891,10.0,6.831328491793332,4.876851118693921,5.204402696467051,4.728258067164354,4.3820811368200365,2.51798837969932,8.806240831831863,Engineering
7.785581592530892,6.5404010380477065,6.960633168532246,5.6124572044979,4.9251128294261095,3.969716420404711,5.034560943723928,4.241698146980031,3.803647929064891,10.0,Engineering
2.686986140473702,3.0232832632113995,4.457598912948014,6.5400892488307285,1.3695864464651715,7.2567632054334466,4.2309900456261165,5.387830831079823,5.602978357269604,7.294704848004696,Design
3.443878493876502,0.636295802737481,7.970762468725507,7.568366132945398,6.605099799672139,2.7157315176732837,8.510561581559221,5.9249027470378115,10.0,2.1085813926051347,Law
8.147793430794849,6.792314082730247,7.371348540166986,3.3738977770047844,4.808033195009735,4.891516581805428,4.428015984111378,0.0,1.3784872893975804,9.957092846824118,Engineering
7.261076167269884,2.422316388419115,6.391273056769607,7.70578614838329,6.248591600713171,5.326928566741989,9.528470257356826,8.776113820477672,5.06471028456024,2.046176586578587,Management
2.430214364745322,4.1507045081937886,7.360472919538022,3.3813346898241883,4.829022493781426,5.7018122295306135,4.479627380764032,6.892670685915354,3.5731787369332735,5.61691991456729,Design
8.193415483041564,7.601293525826281,8.636097038854563,7.7055626878621055,2.757536929572435,6.000813960971961,2.538877490390463,3.782455105697211,5.04760767589135,9.135269081807499,Engineering
4.78446518236084,1.823864243377463,7.064449270444086,8.32550109273447,8.603784944744048,5.822128348343648,8.78838669808095,3.9043440461171057,9.798008276009899,2.9426893217598638,Law
4.929022604321535,3.612016396862861,7.135646463232273,6.83129427423134,5.308924027154196,5.483417134374376,7.760543528892285,8.315949430210567,4.8813171331911605,2.730045422696326,Management
7.923467485746215,8.858902377509295,5.9784648498023945,5.828813124080039,9.93048188490639,4.878288623113822,5.728427931701934,2.665222441417271,5.745371211224828,4.163370537564157,Medicine
5.030048572174456,10.0,8.53164030866234,7.873301261840148,7.5182147547578735,0.4386069410236768,2.7029495324309294,4.8481150715068715,4.478368578884229,4.024057996255354,Medicine
4.45331259742423,3.089823998379263,4.766750067806878,6.232591873906638,4.1468517571024535,8.549823467574695,2.8497139851611033,5.0932916409932885,3.0024746485262104,5.778643397981401,Design
6.329165863383955,10.0,7.355317633497936,9.410481166338752,10.0,3.6002139058678795,4.5865643360508095,3.6106057353309593,3.9105750654466096,6.516174798492233,Medicine
8.44223298198434,9.677732891017527,9.034277349971138,6.517326473429707,3.3288339061040526,5.681136240450472,5.9473285042966495,2.7503585200961993,3.7274024818010165,9.236044086147283,Engineering
9.471453666486491,8.074633092869606,7.047474117333342,6.039001170534714,5.252260123959717,5.114351765230302,5.285460405333928,3.1636823278085506,4.921762616430877,7.32910016117352,Engineering
8.519084181856625,6.973017739972116,8.668908810415896,5.409261578509221,2.7664833856455386,3.086643943278559,5.7346993924527006,0.11754519043280443,3.267033685049638,7.878492024920028,Engineering
8.528190908945636,9.406301888177353,7.617261219722019,5.600380565998122,9.438956391331404,3.5054374107233848,,3.794302547772838,2.8823031654216105,7.076136217806278,Medicine
6.309861621262144,3.566060799094359,7.089645837052978,5.852113150652681,4.015490960884031,2.3960651289618413,5.6603493129737,10.0,7.20867771732957,4.120544066791139,Management
4.362763013282026,7.292881966340081,6.799006013794118,4.954455800323114,7.586418552232435,2.9936883495233353,4.427339780897609,4.71925563098006,5.860531866259672,5.020968239858805,Medicine
5.485306646266223,10.0,7.488890475217002,5.409487057633727,7.6091843506672685,3.2723896475052427,5.469557249270195,4.739654972820249,6.368149916638922,5.592815836741867,Medicine
4.56221737710894,3.656923460431351,8.066648209658846,2.626411082164108,4.110143256078445,9.008346310081658,6.0603714450835575,5.431404765603531,3.78551072482427,5.724446670313783,Design
5.8917969153100085,4.095271209660282,4.511880587438157,,2.424186285177022,9.5466266165568,5.669942200294587,2.7226923893520114,4.227694242601506,5.347154764605304,Design
4.596674999526633,2.841579750649302,,6.105364112961861,6.884378109849931,9.403133755043092,5.906994450718309,4.877551058684841,3.8711718305714466,5.163570985536164,Design
4.6769654007475365,4.753370850535243,3.1701725552523965,5.979604009204081,4.9081377892987295,9.77468436079102,4.458328767721113,3.2734547193240147,4.105271503154986,5.822120576500945,Design
7.238805624453164,6.845995647571073,10.0,5.251252817296422,6.324967809686524,4.424703574540161,6.891559249151925,3.670931561847088,3.335697470319504,10.0,Engineering
8.720618508685655,7.429229916863581,7.987055292569788,2.732042744039977,4.834932547197509,6.09912804102641,2.9516948746782004,2.6401580400011393,1.4952959780965511,7.245043446748607,Engineering
5.311912953654871,,,9.16416547840884,7.141119973096655,4.686291519242005,5.193674293530405,5.890440923651511,8.920516308540039,2.9251789387943052,Law
6.253995190720438,9.470356827986478,5.236420193779152,4.494770009857971,7.34639297139681,2.745840024085255,4.163028781835747,3.8251238347170053,4.78039209677784,5.255312986513244,Medicine
4.097195040663334,2.456471314162161,4.173572472062712,5.187090202666611,4.454234507423831,9.241297559998275,4.309515129135134,3.7572501247717853,4.826557240845398,2.3842434997185875,Design
2.624547478206922,3.3189654941523536,,4.840114034201708,6.565139640387136,9.303762866426924,4.919644151826036,6.0481063575355165,3.5252224047095146,6.80965589380252,Design
7.782035528992993,3.8636853958820563,3.2392713032441898,7.574265897489629,5.260918915610081,4.155460883117847,8.69173785076282,8.530676034855821,,4.872930363512069,Management
7.112578737537787,2.870071318650152,5.661334199540366,8.732204797439271,6.933317351495649,4.497873976276009,7.871335197749896,10.0,4.625139624699664,6.370370564510493,Management
4.550557495706197,3.558514008138752,3.9956220560780444,5.258876031324467,4.263758567310996,8.351261968485884,4.57770384601658,4.274623087998662,6.744988130703135,3.1157363817642287,Design
9.443927869880234,6.789604465675266,7.201111641269684,5.547847148826041,4.724909281547894,,4.765600870295605,3.5182937077355563,2.7203060844975324,7.442592463949321,Engineering
,3.594802359232273,6.1969999033542225,8.59079646510661,5.923344092483469,3.181592400217724,9.26844166076039,4.814772848297413,10.0,2.876047809955127,Law
9.643217367321677,9.011129516057633,8.58583990682958,6.965413569058443,5.107762144927659,3.8829197982517902,5.4793760193072485,2.253452618922301,4.141985391699454,8.435096315717871,Engineering
5.687793205721714,4.740490752063414,3.7442849366303372,6.621404741338599,4.1617545591715395,6.827395299136532,2.312882022557807,5.849386077027009,3.765870908726982,3.8292632798086617,Design
3.005224342035571,2.6841608164434114,5.5008556706899085,4.677236961160798,2.7744869002425387,10.0,6.334003165003876,2.359039773336737,2.9363796267297144,4.8967942970125895,Design
7.401441073640104,6.591191524434521,8.947986376175464,5.993064044674712,6.173530445086585,6.4299735454447084,4.828102746509476,1.8825323574808697,2.585161423885833,8.782400553253682,Engineering
5.976578803505169,3.456936122829387,6.869962553499581,10.0,10.0,6.131997199180089,6.390983003594295,4.356176793748247,10.0,3.3134815996000286,Law
2.0008165126897133,4.338194460444885,5.161464772355866,6.104212520730683,3.8056478097460036,9.235217549662902,4.940572355793311,5.52257965505859,3.741439702049414,3.6082433547111217,Design
2.314539170169306,,4.277675148162572,6.10781472956805,4.087628126519494,8.397881334117557,7.580441517918918,3.5439184849881373,3.8447396117323733,6.330911465656762,Design
4.42093117449887,9.928347873119291,5.461113173821746,8.635554592518918,6.2695142303081886,2.5796794485015635,5.542582043941378,5.163503226946929,5.409555946951022,5.731715296237109,Medicine
3.3175424477309647,1.7930679397194744,5.219705056565785,6.590431807878177,1.0854927571548703,8.532676403629669,4.332620600539126,6.555363289033437,4.561289310205371,3.9696177527445506,Design
5.469458609818779,2.760093748825386,7.660065758975212,8.207079363368836,5.427159643980735,4.676278289571311,9.053362956427794,7.589138522439485,5.324281062902742,5.792552709488073,Management
4.896070348858375,4.123743016067051,5.757729099459637,,8.66202237973701,4.171415002305247,8.898417312274313,8.00538046333568,7.268818324777863,1.671286580230294,Law
6.89838133562694,10.0,6.396305490145917,7.130757700921019,8.18849769793496,4.4751335485500565,7.035513390564231,3.6612574059235286,2.694561099547415,5.5901943208810465,Medicine
4.75282207456136,,6.306456774763678,8.63343483541843,2.7352884840461407,9.51757118011082,4.430443387423555,5.743841650889332,3.919952661134355,7.734498343277259,Design
6.356839798143087,3.3243003108578595,8.470343685522849,8.022362660799972,7.785702303946306,3.373091932099639,9.106798027592411,5.404832151685879,8.977169584685155,4.765639391236473,Law
3.637645725836202,4.314549306728305,7.830920363166542,8.365458592059818,7.155512677617836,4.663586871787083,6.967694781733922,3.5579917263160903,8.067667864078132,3.4414704102317395,Law
5.750444534798765,6.03552511401068,5.456502982324511,7.732195393163218,5.788571104827256,4.363853494840253,8.40528582794497,8.653439649989922,3.832042471572235,3.4283600980717885,Management
9.085412461456958,8.004041115241328,7.525242660230127,5.193421829172691,4.260571529530212,4.648798331861775,7.302743614947989,3.3720201969997565,2.6829350567694608,5.773313755106816,Engineering
6.819552874374215,3.2292247813719444,6.890563652745668,10.0,2.8814730823704164,4.404773344660655,8.192033173152717,8.457785304715463,4.0674162921711625,2.304498054728784,Management
6.545304360709223,10.0,8.482329265227564,6.5152313430351745,5.40159468615543,4.671713664243006,2.1146834637900316,4.910918400223601,5.2203160325512385,6.299576225833586,Medicine
5.054381641057757,2.770831181903026,8.942251445949674,7.852274831088119,7.241419607571648,6.627352776044164,8.629156519054087,4.534587902341671,8.873594922536615,3.20122991788099,Law
3.0909348235126544,1.7682105176008607,8.534097837331524,9.377065119162882,8.103344882018884,1.1294685299770508,10.0,3.8374463946003776,10.0,,Law
7.547682116442335,3.473686767955598,6.23953178912592,6.4832987642311295,3.7109845936528965,4.00980882255273,7.931154700920632,9.324487320319424,2.014640292323044,3.9397401866450044,Management
5.043522412674585,9.911756089848273,10.0,6.0127664027728915,8.592293130052433,3.419933156348559,4.365574127969485,5.007784321554275,4.125137676954296,4.3836953846237305,Medicine
3.9796975326731925,4.328505435410893,5.9405093155739195,7.668956179750795,5.046318627537737,5.836920834835107,10.0,7.466640364289358,4.055201963849454,4.8666042176516875,Management
6.440650469013449,3.5345294370261096,5.41011494480843,5.763119718427973,5.10093274948532,,8.081857146765445,9.258401880735335,5.472402941556667,4.9120351135226095,Management
4.229160146446642,4.668860529198846,3.586048199416208,5.129112388896186,4.577899283992856,9.085280192845373,6.907533955700725,2.451299634357006,1.802997701670027,,Design
4.827255520364633,6.981740284709929,7.338980699383518,6.456315528057015,7.860996925995685,4.110059664952593,8.597666659641938,4.0848832115797755,6.364348187622315,6.0971179590193625,Medicine
6.301920570541014,1.9023332444527479,6.543635770062794,8.209362839567172,4.837333563281841,3.922584323268038,10.0,7.609150912344365,5.3590038683407135,4.260065687783116,Management
5.036574485959324,1.0637794925905593,3.6599697191801255,4.831454419357807,6.321161385810099,10.0,5.918434082536276,4.963505091784085,,5.703785611744909,Design
7.148920449640549,3.4958461090134447,5.609586634890606,9.297025679665404,4.540020951162363,4.6776771527485135,10.0,8.938019013901966,6.798952927067999,2.1820905161029973,Management
7.383472335515411,9.895195211272554,8.26966498097157,6.551106985831585,9.50985000852469,1.7103237739646917,6.122013773458962,3.2302557790065394,5.815242480193915,5.494030288763197,Medicine
4.219945480468905,2.639759322355412,7.05603204130418,10.0,8.860788865937783,3.7716089900324055,7.411147875129448,4.963192663652053,7.5016579361378035,2.000130716932989,Law
6.7344228496108585,9.22221988246679,5.988439005581231,8.905536019087533,8.042816806506329,5.008477990584883,1.855801432495571,4.659412147615208,6.909392868050956,5.03878392326463,Medicine
1.9584812072311086,2.115608916312778,5.148922424381055,3.62375759602468,2.971076131078883,8.512980616399185,6.702588922666702,4.685293812978901,5.338258448883042,5.892177134452633,Design
4.639963114350235,1.8096783138381376,7.0813808877252935,6.7891880510565095,5.429504082352777,7.111618979189861,6.798398180090469,8.941321405333301,4.278097609915469,4.4936657383163485,Management
6.838521696109578,10.0,7.101985170011285,6.419835085031497,8.90170306291141,6.642038132123439,3.669257909790142,3.2641690134120767,3.9604453510130626,4.2888938629015065,Medicine
,10.0,6.886952031712172,6.94175114683756,9.098284231265582,5.292655608561613,5.107533662422146,4.833210593892517,5.402236691687902,5.811439554210392,Medicine
4.879973454858848,3.4485981642997743,6.682357473612092,6.052316318900659,4.857674817510812,6.91587833908737,,10.0,5.973683065407798,4.010059834748105,Management
4.98547245918024,0.8629897555189916,8.197862693577228,10.0,7.840520912550864,4.34513745616877,8.466689100129589,7.138932468657351,,0.1977110578413841,Law
2.716691774871741,3.171653750611437,7.633496702240806,8.346096733465618,8.36376634452486,7.833867313780585,7.341921832549495,4.433972684344393,9.81993137169641,3.3114587373891786,Law
3.9970451548566936,9.388593598359396,7.878772512549,5.159437311028539,8.511925222636767,3.8488533610965243,7.394795856138742,5.501844848116345,2.836336688670739,8.242105107446386,Medicine
5.42264210932483,9.987200771479966,7.393962767812532,7.267416744882308,8.415440625465548,5.520670035281172,6.20210895580073,3.579983305521977,6.205809510507606,5.97555062072465,Medicine
4.202440378611785,8.885694367754134,7.384843000155403,8.90560220399688,,0.9655698451266033,4.877818937379992,6.561355373040797,6.126276105480551,3.9458443730488346,Medicine
7.598188432945136,7.952208308518663,5.188225770323977,7.72537170716973,9.139985985519449,3.19332579315674,2.9431828790350067,2.0319896366298678,4.928884232095947,6.5153737168489645,Medicine
3.5607197974852838,1.067543658328276,5.417984361511308,3.8765322686780914,5.658492464664864,8.247531761937125,5.885957781564858,5.915651935600484,2.7585930116758464,5.59886125282112,Design
4.951549739900582,,5.719616794486365,5.503721348705182,4.188240336196077,8.995847432241616,3.982935291577431,3.8301876826285306,2.5542012221009953,6.186890223324818,Design
0.9307019755294084,2.3215838656846035,7.433899397757934,8.536405080472901,8.321233334279547,5.968327006832296,7.082003479949894,3.6250487650402756,8.92230715606436,2.5753896663618554,Law
3.991110070812615,8.605837898276354,8.424179134944552,7.215563564215221,,4.7939648025350525,2.221249225095236,2.7103311715156253,6.479343800220064,5.023912480242716,Medicine
5.044960790777787,3.6926900250385217,8.923700305706376,8.050073782238414,8.040531983264017,4.476796770219891,7.145409338027645,4.493252835153022,8.594728709177039,3.044729744781186,Law
4.4086335013813445,1.6807725662328525,8.00091073691554,8.98697803634881,10.0,4.17080268659732,9.018404400924569,3.3527850759310316,,3.938160547752337,Law
1.4720321889253705,6.456440539413921,5.197002293145266,5.952151286824354,1.6607181950891683,10.0,5.053914297257242,4.420092365455227,1.4813993506261602,5.595935858001655,Design
6.098446865488934,4.599106100189571,5.652110889575137,8.356336373122218,7.052430561804821,5.329328281089821,10.0,8.204925449107147,5.493324851157223,4.635848637115965,Management
,6.755411314539089,,5.138780763003609,9.258922508880833,4.781419388638582,3.8249569235448626,2.6617027802679427,2.5842845392537037,4.357358064762497,Medicine
5.434208113008369,3.294572402629107,8.228686757854698,8.177303508692248,7.775186953308093,4.713391568099352,7.820161518942016,5.6418395287983225,7.747046520117631,1.2537302122567364,Law
4.276919222112409,4.611447679114095,5.775746731535852,8.712851831483883,7.407557485907336,4.31941464348337,8.60292838365169,5.7204099306068255,7.526712998912721,3.177708964325376,Law
5.219129000082567,4.581697744779251,5.753500087317997,4.925380135389773,3.640090715279217,8.224926458322603,4.744642401391978,7.903625450654538,4.236846611148603,6.085318522148813,Design
4.405112182376978,2.1254660034803354,7.609268379512343,5.119339851317793,2.907823838960357,5.321643107076254,5.8247194685097385,4.631316431560449,,4.9763279275559364,Design
5.540543865289778,3.910255630456572,,9.431205552328972,7.971779002145986,3.636360366555105,7.667755027163405,5.345051259331489,8.011986413003699,4.174973395192373,Law
5.628451377224128,5.501556794860889,6.155601052400586,8.28365388009022,3.0367150264636553,6.877725245396846,6.36913148825462,2.1098272907262188,3.0184960704902544,6.176145902149635,Design
6.612220551869733,6.7360304197303655,8.081646924563092,7.278810276850856,6.99484634810426,5.16185283976626,9.24345029518567,3.423242175095587,8.338367332896429,3.2547116837771597,Law
6.454425333221678,3.399409096939461,6.064968767118574,6.102898187800703,5.321824080095432,5.557444185447462,7.7978003797057855,8.928463643692615,4.674205819018283,3.198735830755354,Management
6.06491679893308,4.260681294699399,7.4293475153257065,10.0,10.0,4.912633583439248,7.6517881142343365,5.221815208704806,10.0,2.221042944457201,Law
4.143816277212689,6.137247209974352,5.971044737775195,7.912773632053768,4.486442651110648,3.332805213719671,8.318507131994487,9.43516837896063,5.379093080323372,3.742556842029428,Management
8.029617701790356,7.363324762228428,9.681181767859744,5.540411264102499,4.862148688865348,5.01818078842488,5.437558064587066,4.052455666666994,0.48194298748295994,9.366544469192394,Engineering
3.580448210142777,8.635046578894075,9.014857735967864,5.933550885383238,8.631217829255702,5.473926054333216,7.73895015326159,2.2500969849071937,4.978112259146546,7.368671787745695,Medicine
8.092520374141124,3.2726880339064266,5.4188877021145885,5.911394296952269,3.585792351292997,6.024579051690099,7.053968510784237,9.96236963374879,3.6381441389393205,2.423056052396758,Management
3.452062291762142,3.87492717953939,7.893695506191142,6.4794734731530665,4.723309546446629,5.931260680572201,8.739861119839615,10.0,5.0830159530952015,5.726104764168485,Management
6.697625070748749,6.167039385990961,8.274010989876999,4.551549647623659,4.991362297393108,5.588299944673469,5.417104540221989,3.810181028206977,5.051098666411452,7.112128100241648,Engineering
5.603526496845592,2.5916075555407394,8.525194455044787,10.0,9.371442923135081,4.682703293393453,10.0,6.370893805504707,8.922340911728874,1.8612982616937443,Law
8.978863596510855,9.100559181596426,7.757773240021667,6.557892796956073,5.88901302278575,5.302741426178319,5.304721160508305,3.8514462110662437,1.8776511558388038,8.30821271568754,Engineering
4.094276083939821,4.450942602746328,5.7795469452078345,9.00644370611179,8.307152001765719,6.002476348747944,5.439168990609906,5.039978313095375,7.089194121515214,3.6571448574707577,Law
7.03366106944263,7.358578257502518,8.683845315342708,2.477017212663427,4.807873951824436,7.473779700956419,,3.8377502138471624,4.332398201063019,8.286860449964905,Engineering
2.4740575363680604,4.344841365540337,8.383223152144582,10.0,7.436508071288776,4.448542470535816,7.460444685626564,7.194394073909004,4.815481782576816,1.7559723463141654,Law
7.249335979605878,3.8373107346754924,,3.578704379523725,4.490070296423003,5.939753890975377,9.10487683801784,10.0,4.226664922694543,3.784647443588606,Management
5.183919767322713,3.2433515070359773,6.22283623718746,4.589169471799503,4.198155293368892,8.340598298360074,5.597296070757019,4.992051722870975,,6.53290163360716,Design
3.866904075936585,3.2517614082670425,3.964972957333992,5.485956893736662,4.80476123535913,9.025958291496824,3.9207063564666207,2.8782000012234703,2.9475270421577475,,Design
4.743707973824286,2.196387876837151,5.503089553241859,7.519097101805436,7.9438272250351805,5.628629813644669,8.673077642275917,5.819796071228333,7.541176076711673,3.0319147821251846,Law
,7.242229661296479,5.52537263118602,10.0,4.796170672095518,7.2368631764363105,10.0,7.670165093365074,3.8695024982218706,2.65712700659191,Management
4.957721541113966,0.0,4.917136601905591,7.353534115650431,3.5093762016837253,10.0,2.865662166383586,2.4174136328317806,5.868415195198804,5.63157997548443,Design
6.2594975703729565,8.58729918122328,9.120788138446834,3.98884258581809,3.5742673455573795,6.781703285198372,4.370760828955521,6.415796406123881,2.99750419087075,9.030447029945647,Engineering
1.9053201380442686,5.475203978339166,3.8964576801862933,10.0,7.988756786184088,1.4450374201819987,8.079979175411722,6.496091673897676,8.973053104968045,3.760275928177497,Law
5.420109808003516,10.0,7.365525115336523,5.593175631424799,7.374278151018029,1.8582548112383295,5.377953131226869,2.5390361885732347,1.9161458135174314,4.30357066539978,Medicine
6.27860753169796,3.805996989266015,6.7139476425029425,7.760519350624381,5.26869709424483,3.6198004391108523,9.140369017138333,8.569873677654225,4.2834222000554965,5.3627436893080525,Management
6.2353071977501004,5.945434591981894,5.026647472039454,8.862206435912388,4.152191951591971,5.792927272935964,8.78168767725724,9.859939254101425,4.825962805884726,3.0390601008316374,Management
5.495404183659742,4.972010725311549,8.258582619383345,9.849787521454715,8.67693716831226,5.629014017951555,5.135614900138906,3.048622736292031,7.543189729753297,2.831233776825681,Law
4.61318699117538,5.764538859199748,5.046946169332625,8.106092659446922,3.912808154057302,6.487393869492185,7.16609339878929,9.050996306090283,4.568706702829633,7.02614693735457,Management
5.46538644700588,3.5573805656652713,7.4297022711507195,9.72461552435171,7.849625304776715,4.746532648729104,6.124760856109862,6.6861743554385065,7.017759854706718,2.4382547114110835,Law
5.0145342456972575,1.488599275434281,3.8388355001575585,6.168232766449823,4.880371657623049,8.793341459302018,5.741224255341063,5.19912461693502,3.719945082724786,4.076882872247877,Design
3.5651888774449993,4.293169654936242,7.443514175138397,9.216383497132696,8.464284501757534,2.9990387012457775,6.337432071553332,2.127072202498928,9.23416493603753,1.4241269691292038,Law
4.615442319057773,4.591577813987174,3.44206904430053,6.184949601571745,2.5781759878179824,6.044726785015375,6.156446384928888,9.041247958096202,6.631381220471651,6.175464175652173,Management
3.5554365334318163,2.373957662928411,4.734666462001141,4.960742032224162,5.1863510179018615,9.20788461111277,6.668678219140576,5.142486155062044,3.59800005886437,4.992535635827966,Design
6.618894050660479,10.0,8.854721273433505,5.993593854798179,4.098270925244876,,6.253915886911134,3.45796174569622,3.6899021194321526,8.24519441280148,Engineering
6.420008235319271,8.589037666440966,5.56789162155346,7.36558302714873,8.51626788724799,5.1548647822850455,6.0270982143139005,1.1517093102387497,3.1355111303051157,4.017797065637313,Medicine
5.8833365196518725,4.687201738020958,6.969317189000447,7.760739880136905,4.814544452756415,3.6211165672995307,9.278926403813985,9.054825808883496,3.9622993919440805,5.661096272669158,Management
4.195100408713186,2.422057808081423,6.011975200421716,9.063091551551082,4.217215295168481,4.880298573546232,8.219176658097862,9.744676560403951,3.879087105639054,3.3065579547085484,Management
3.9671833458939063,9.285223470680078,7.3049742551614685,8.711030585956811,7.631160121138887,4.3849307665102515,5.4065263530572425,2.670011170536807,5.967633665374579,6.0077979429059285,Medicine
4.974085890945872,5.171880710435968,5.192184196758756,6.369367428977625,4.294891037691223,6.89729222841339,8.327364611177142,8.097132446009297,5.703940075583107,,Management
4.446682941067623,2.459340769225631,2.6260127514233242,6.046016592773815,2.332980381332174,9.895781222719869,4.0170574652339255,3.2157294102292484,4.19912347943746,8.56500899903428,Design
7.393934490902499,6.5991417781151736,8.110451016728025,3.9184151701237733,4.935555077798637,5.067207817857199,5.625337264192752,4.1600469871297285,3.7839089094546794,8.014568382128953,Engineering
9.466230422564475,8.706100548796753,7.634837380524697,5.801809719986736,4.651691551882947,5.284295175747717,6.132857411332647,3.7906742134070868,,8.587852790335559,Engineering
5.626774149345763,4.691902492144389,5.844660516428005,5.0763148429179985,4.030043265631968,3.524780841674272,8.817278293776297,9.654312573270444,4.833512688410415,2.9763742887107965,Management
4.453227694951055,4.33316240610476,4.025636143114778,9.266421120749648,7.9363175655207625,6.431850561569692,8.754083212412702,3.526200808789159,10.0,2.6589911167447062,Law
4.626871239107358,6.08828294385523,6.950512119691974,8.134179441851485,7.283938007466068,6.656566317894706,3.8439489084421723,,10.0,3.768146695539128,Law
,3.0764246173237013,5.20500083639564,6.47364734765813,1.9811815106838182,10.0,4.013061596302722,4.4886257842164285,2.4920137283987858,3.8123932848671984,Design
7.09800563716971,4.8022219860192905,8.727619057753744,8.65632459843258,7.6277925711771415,2.6127829621049816,8.516262296462163,5.638370986251421,10.0,2.7259213726369826,Law
,2.969030091030252,6.102602776488194,6.936016266819111,6.417745663586003,5.289886506767711,9.40523014582223,9.2641778909831,2.6773076489827288,3.882144371541672,Management
3.9449411803957504,4.35394856461251,6.587057550385128,5.640682882119692,4.742583645005149,9.950599522444314,6.446835298599941,5.77959345212083,6.040971654939426,5.279398883463876,Design
5.22555211553455,3.290539427306719,6.117906676797951,8.81790192640755,6.732192794721575,5.132001903099298,8.548813779712532,6.919851220557669,8.983297932718722,4.201947963573742,Law
4.196504401182748,1.0443683448445351,5.605406189735046,6.168892282986792,4.328298139903633,9.152575476425206,2.4296581428655326,6.160205380842628,4.534329467805355,3.9356848718183794,Design
4.740361157623543,3.3835573993888395,4.744443985060559,7.368422374579307,5.132717812354507,5.102186839974149,10.0,8.064775034406932,6.308863133031906,2.646388992794252,Management
4.953313223980433,3.8571407429847664,5.072686587323233,4.217816299055834,5.807993082334308,9.82142127304124,5.442800962078084,3.9632953273370735,4.049233118466971,5.714132450961043,Design
5.692412818217172,4.267353632773369,7.1965388478427945,6.020256820442222,5.519519892008093,5.518706601097902,8.95176210291301,8.32429646402032,6.298075681820756,3.865438757041356,Management
9.102380747842492,6.010070165566281,8.798326230102688,6.456258020156886,4.986702387218142,5.821575928889814,3.174450172482026,3.9303522014950545,2.6065943126884195,7.872372793657962,Engineering
5.383689783468941,4.16542763938638,6.983432729398131,4.811960188703518,4.321256373212556,5.973870357054706,4.733906856645542,7.730148959002538,5.9311153653956765,5.303895970585942,Management
6.736263292791872,,4.1007304104383175,8.098292075168175,3.6782125527099145,4.7331469770928605,10.0,8.670759907443546,3.5377736644175046,5.49835735257181,Management
1.6951756734074586,3.5420101125438475,9.281967859717472,9.055095597304962,7.563038016585753,2.0839656809367257,8.087930359512852,5.859657641547958,6.1837477511685695,4.474892183306385,Law
6.318420995157808,10.0,6.152303059776367,5.683069887694074,8.735860817335471,4.539863597345089,3.928661550956794,2.902808667562699,4.877801593502579,2.120135849715488,Medicine
3.4902235003117825,4.921594964681147,6.979182404298985,7.643644761297491,7.445807935582058,1.088583189248158,7.343000850323791,4.778845051530793,9.572165570512357,0.5478035936216066,Law
8.952020988186245,7.470798292744577,8.130327010547877,5.740923344239997,5.304922452068011,4.55896397095078,6.383006992554666,2.015480306014875,3.008240781070949,10.0,Engineering
9.51705544514296,7.7521536252432925,10.0,6.476129685350638,6.866840004940842,5.9500070984802385,2.956347667650787,3.412960875232339,1.4763906496267394,7.826236204923843,Engineering
3.1080743644369573,3.7597721056470657,3.3123789079288057,3.3740747289861197,,9.454385447892628,4.995764181652029,5.863673045222479,2.80401319218085,6.247068192625744,Design
5.407923238529454,1.9852004756139743,5.791192517843,6.9708900493847405,6.5229818619402105,3.94428984714013,7.7497086691786885,7.832027393219693,6.3752895122153515,2.8697690216889273,Management
5.531989135497115,3.0373169653746146,5.706559849074474,5.993165978622118,5.628565205073124,4.998358453418181,7.626674430029282,9.648255932507302,3.013169488633425,5.001652878012533,Management
7.912463726190439,7.1343589755434325,9.064212770485138,5.827410739883507,2.6737709881065745,6.45948173093286,4.877547052043917,2.0557895762195635,4.545419348660037,9.313378243075,Engineering
7.462752407295956,8.556135317721273,9.070688338205564,4.815269990469929,3.1578838745786983,8.002797748717102,5.424896511504429,2.5480290041773017,4.190709392963479,8.358111302970265,Engineering
7.561974556394298,8.411442540175301,8.373527422062464,,6.5453613732178155,5.5016005183234515,4.008025627396802,2.0538650864215566,4.548485839015525,8.84157399269128,Engineering
8.266505162019104,8.255808925654044,9.566687018042645,4.988136476108056,5.177517432451746,4.6544095705100075,4.84719518247343,4.5783747546312945,0.40902151762959704,6.814585973502811,Engineering
5.362711204949592,7.842973025307316,3.408521842624134,5.934890684159925,8.980165477609876,3.358811600842316,7.515995538587843,3.0173885565306215,6.678337771739376,5.339846536548959,Medicine
5.227181087499566,1.5925854084672033,6.067221861957418,7.916325352009134,6.8887146079873816,4.382623330061142,8.299037262506369,6.63170594171614,8.900627615342607,2.4206165771308275,Law
4.301338664906872,,6.714139293980448,4.814011753472506,4.582297116300753,7.603784656424599,8.21723803138063,10.0,5.343759967642389,2.590436518914035,Management
6.487640612880448,6.591850210514359,5.771166482564611,8.25718578471814,10.0,2.41964672098645,4.571791001363497,3.055409280002318,7.315595005856038,4.359270367828278,Medicine
6.397254249473224,10.0,7.9780988525264815,7.9830566261697955,8.497506079988229,4.394506971061671,5.6649678124949485,3.1841537066083334,4.483647397107804,4.567824705358299,Medicine
7.565859817088002,9.10297956214538,5.157888412966118,9.562567536077598,8.462375747990807,4.499634147107431,5.519382182858675,2.522125893991758,4.054154213632187,7.758177480585722,Medicine
4.220961136420898,5.9151916493313115,4.988373430438774,9.4242988296627,5.682593653120687,5.928873746072148,8.101071193671611,9.858874786902927,4.479888008312157,3.5200227210905464,Management
7.758372082683509,10.0,6.381526144893598,4.783449909102266,5.591996851656172,3.682658665921268,4.588724949890123,2.1533150357318123,5.287787830169097,5.513725085660132,Medicine
4.1847541702985565,5.7195706177730194,10.0,7.434322966905743,6.362687434311123,3.2557013238494052,7.365725060449878,6.1645146643484345,9.268628824662754,3.223640477814609,Law
5.424495204014882,3.8239216516746337,7.7128389315754236,7.69520377527696,5.739316604640116,3.3656731581939656,7.4379678763784405,2.2627989383283205,7.792381670045426,2.6781030569382462,Law
4.8280495807438815,2.8781674100507866,6.283546841060343,7.455341704143562,5.853468913227809,4.19456408509306,5.589434925308604,3.69931661059539,7.987927565302407,1.263307497791136,Law
6.557272694234902,8.908955751203354,10.0,5.723548432168178,4.061477289310942,4.815395821270222,5.799833797059129,1.2501269128406163,3.213707913870493,7.992396865698347,Engineering
9.038732263258796,,5.728339835049297,5.848024901046987,3.443176576096576,4.460035561766409,4.20427416122225,3.3169718476586993,4.385774300023937,8.704163137678949,Engineering
4.061280675935398,4.576319747681369,7.74328458280128,7.290429008251147,6.160283194472732,5.9593278311941535,9.0547794318963,5.41978199952614,10.0,4.3735928037540885,Law
5.380050770056738,10.0,6.512774101466265,7.438862221656395,6.579714145353844,3.777397432679976,2.842524110175674,1.6279360847575843,6.090961761697942,4.935122991587273,Medicine
9.633514676475286,7.269651493416734,7.698949438012097,3.9473248750582033,3.116185430035976,2.623086095126047,5.948777425720189,5.851588904707603,4.852927626511398,6.386090164785529,Engineering
7.336488425948419,1.6021539080456555,5.504042174385176,6.873718958426037,6.248092253098081,5.44338945982564,10.0,9.860877396478303,3.9667101075536255,4.311556305526646,Management
7.821999761777701,,10.0,6.323448003335554,5.286491388382536,6.6213748474851855,8.65644402271034,1.2780060649167977,2.0401104448597596,7.698972390573119,Engineering
6.7740029101724435,3.659624648923531,5.789204452732133,5.30112267298759,3.5724669409838756,4.878653413662164,7.6259767198078325,9.15318689817292,5.2585085646213585,6.950496340070757,Management
5.9158788266172895,4.5699267643970805,6.205794598217684,3.977351334384765,4.579287186896963,,10.0,10.0,2.7279043323391665,3.545357110893395,Management
5.668286572472109,7.002845991742482,5.079629647500659,5.740946979180116,8.489236150891537,3.209277668641148,5.812775509753306,2.637012805024811,3.7454834577866363,4.638474819115718,Medicine
5.312397423110532,2.6063326959142183,7.320360968401362,6.2402317809532635,4.091408761371326,7.132030023632635,7.7582424875902545,8.755414509320474,3.1843622988085034,5.08283656990949,Management
4.4794211986682555,9.981320460216256,6.617060618939905,3.229076245495404,5.7333795954184446,2.6764471050257086,5.690590197170356,3.1479394349423853,5.239676719328363,7.536226527492699,Medicine
2.8246371014723333,2.5666516352000754,5.430709554249629,3.236235811030411,4.575873855632452,7.74821194629443,4.387061672047716,4.222736525616297,4.051072868041715,5.0532507406500455,Design
5.793442276836664,2.6191979832210315,6.605012247114521,9.465858446318247,10.0,6.610663331364752,7.967624948575339,5.601101356505415,9.528948611710273,1.3659212220198462,Law
6.509934200192493,3.769972954412261,5.043550896201338,8.926341896403104,5.454652661597986,4.175801984080769,8.24820619585549,6.73371041898043,4.545981798651676,3.7421060746218253,Management
4.336654165311932,7.658358081289949,6.917684182375752,6.024568178659928,10.0,5.240652827819207,5.643854829889177,3.18931940864705,5.511198710080276,3.8794229380926124,Medicine
3.7848804805441296,4.855888868525298,6.534136035665897,6.828276413947225,0.0,10.0,5.827320566056308,7.699919338231394,2.982976159993431,3.2075142126564167,Design
6.856095410467711,10.0,9.35643657887605,5.48674504968744,6.567284447308314,5.207087118978532,4.963492002364759,2.6416098491714144,3.756405571099202,9.119583857521175,Engineering
8.874684782017422,7.671913637520172,8.444647792642222,5.602178317949549,3.618507012958451,5.69176818604587,8.788518042940046,1.1899173688761024,3.421216281446974,7.511752884795422,Engineering
8.308407442075428,2.893773809044958,5.748823073014349,8.005212856387786,,5.85138343072018,8.20760362624221,8.681412156928625,4.563619910520545,4.0926441302521335,Management
6.470080678396659,9.333396584116093,7.893039768102061,8.739678848379777,8.722241957843757,3.8530475178672003,6.961335510319352,4.257815540788476,4.582726207501161,5.006742383256726,Medicine
6.161219914187287,,5.219502842408744,8.497540307036745,5.054410818517221,7.439036471383396,10.0,9.25607309597038,4.159032592679122,4.658587682583293,Management
5.011440546734679,1.640670731784922,8.510266997058187,9.781435127226018,7.2873931377031855,4.2757214182208205,4.965258471651059,4.568059196826804,8.509600466369424,3.2193718737966464,Law
2.4033750420843067,1.3747161904841634,5.283697856025033,5.9716527062973634,3.8971830306740043,8.37436059539002,5.026335139151025,2.1116270060736424,4.598217126904122,5.70982759820106,Design
3.058149750471598,3.0358575558408925,7.903416480080256,6.812965744400772,4.246833020888651,,4.785915970821055,7.099190444981132,5.042817920872311,4.525585111845172,Design
9.496927481327779,6.4078837890542975,10.0,9.214669950081824,4.976386490543016,5.758040576355066,4.359282300435773,1.1467226825871388,2.216464828060711,7.079236186571626,Engineering
5.521323638822469,8.395676747739337,8.593643645202352,6.038057370984501,6.60107258614657,2.317790240153834,4.231565547251563,4.268178219631361,0.9439272807098749,10.0,Engineering
5.104726347580574,4.2420806210655755,3.3584868529431855,7.482809351396875,5.404858185940084,5.1320516648677215,9.182917258468967,9.290841405824064,3.795849462781436,1.4829538316626625,Management
3.220736920075059,2.6698509525098717,7.629623489221318,8.712935578784572,8.92335733941253,6.196151209767976,6.231410161594489,4.045866570901888,6.63288875619329,5.639484887986836,Law
4.266759503340125,3.6807455518617926,4.611754319352318,7.046122043119418,6.165399852671415,7.5565527658131,,0.7587948032574938,4.869192934327196,3.0687989984957187,Design
7.52271739784245,8.516143290020139,9.222256715245162,4.691181989669464,5.783626688560321,6.504760085427474,6.867192283532278,4.188237429263439,4.772457325711408,6.054962043633725,Engineering
4.4194793674980595,1.7700478320810047,5.408305518101284,3.980857050186083,2.046490822975271,,5.076993662569921,4.769628431021518,1.3852061805942801,4.7238977139226375,Design
3.96482105395922,1.0801933182126713,8.399423229038183,10.0,9.468455110495697,1.91576142151825,5.530637270625786,3.9002419356634572,6.429131913335814,3.0574468954228506,Law
6.17343700604207,2.7610020252010288,5.248154587679991,8.122861483352011,6.842533398464656,5.450521839525388,9.220284287379632,7.122176856501242,4.819180655293545,3.9221222810196887,Management
4.828655761968562,10.0,4.786387804538697,4.62624396034573,9.94296053603741,5.763792104703152,4.031522179656666,2.178288430348416,5.801106015519307,1.9747702639710965,Medicine
7.993247255897502,6.210308008176798,9.325696230858725,5.211110493771595,2.5879518171465445,3.679747194430196,5.407568001685254,4.589564538262696,5.595750159199323,10.0,Engineering
6.351631001943259,7.818302997132167,7.5440487969155,6.325764612947824,7.709288351861527,2.990583269407127,8.47329239368369,2.657479574767254,3.105918952984352,4.092312102347655,Medicine
4.792651745149923,3.4306541490792535,8.623256713896499,9.788753130635245,4.118430705657099,5.2088148657569935,6.195476767644691,3.151752636116691,,3.534262441739015,Law
6.022797972174976,7.665682009650249,6.362820147288807,4.92451736402434,6.837677041890067,4.522273595115671,3.53986862328565,3.41542020874037,3.307630422112573,5.385297926151781,Medicine
10.0,6.569823780158402,8.366539281647178,7.837774011199981,,4.09492433294613,5.291157656885482,3.5025991633396134,3.366542627612404,7.591715433219721,Engineering
5.378161394961231,5.506825377322439,5.489441148301562,8.321482566525301,5.233431085904778,6.4670724358288325,8.642930959791915,,5.811431601014772,3.8860122008047204,Management
8.938846913438613,9.829726419707832,8.61776037897227,6.337120431259915,1.8347762686596707,4.936666077490846,3.9038006486192676,1.9155430214492835,1.858401922992624,8.065639527088944,Engineering
6.175482110004285,4.760867001752036,7.1408770992218065,9.982567955444884,8.101349816698052,2.8935302278642627,8.374548192047069,5.189971133244033,10.0,4.894452122262128,Law
4.31743606548576,4.159097020686261,,6.450944943570593,4.210682788012786,6.091007330637736,9.123503820741021,5.835566912068941,7.120028272917605,4.687119528612831,Management
7.795490569929781,3.746683529511448,8.361377595552826,6.807580281952815,7.369630009387515,6.097459503531587,8.0230100087636,,9.376230163011055,5.4936137130174,Law
3.706851710225617,3.262802506724431,5.828512562048917,6.362181306615568,3.062054799586294,,3.5780437413027277,2.7521538684656646,2.0513359501371973,6.344022141466696,Design
5.985877129292345,2.316542927983238,,7.5991988541037605,4.624086282066204,6.125526315276899,7.738575012314059,9.190937725058363,2.6247930939006423,5.413213346028164,Management
5.199260711347486,0.9430400738585378,,4.881833752095879,4.742603157397168,9.87459159861661,5.834927795114787,6.503833049509332,3.521486757927464,7.235605085890935,Design
9.831866478054696,6.981866179770282,7.022000644166435,2.6971700446850244,4.15366240570227,4.243927885433913,2.983674763947529,4.088924383205823,2.415038503575956,,Engineering
3.660784989586085,5.474808779752746,6.440211456849963,6.338142180283471,1.9017788274199372,10.0,3.956015312437935,6.758805162883222,6.628853574003243,6.1664534920729075,Design
5.313848109732137,4.4377193492831974,5.639440759489675,7.544473153832638,5.9050697003869095,6.907147887102033,8.09687609883374,7.642511379750994,4.598922822599271,4.611844461935293,Management
3.3589171148128503,5.588058908021438,,8.823813836868258,8.047527563721136,3.4384932859442623,8.65703530506614,4.50612762865888,8.161900498708501,3.791426702988034,Law
4.148124118053198,3.354456115498859,7.3637773502578465,8.898115063436508,7.755601168028161,4.8281841089701105,8.479175684276225,3.40066180812185,7.134136930996906,0.7269265616714193,Law
7.312404800030222,5.434489166126264,5.4154652821262195,7.776076486384329,3.428982765324497,4.335874816377691,8.661414801773393,9.040828823853797,3.2430610807501754,3.069233897856752,Management
6.252335340463482,4.489325942933396,5.177890716095838,6.6799967832514096,6.591715423907409,6.326163577876432,7.170145283910878,9.23512245205128,1.4140911304039463,3.2538777871907585,Management
5.720182206450999,10.0,6.722064079595057,4.159377700745566,10.0,4.8871102627566305,4.9089832835433596,2.517156943093311,6.407057508729256,4.29542157970595,Medicine
9.690673305062816,6.275689466938567,8.539820940372742,4.870579736666348,4.074024977329451,6.3035851728959855,5.699550068105104,5.238617539675567,2.7991426169751294,7.595274604828086,Engineering
5.6030709370050555,5.509665423712242,7.8120929664347045,8.619484586252067,8.984253879276778,5.629313477801188,7.0324398177325005,5.42939950583081,10.0,5.4575966912567875,Law
5.097195185497041,6.8979527797855695,6.306424616612257,7.65586551278511,7.795394925416238,3.0977436789850654,2.63224455549797,5.278441820916221,6.073427733852903,6.000864775657194,Medicine
4.778815630014828,4.985998265057353,9.012558314556049,4.89462471483254,2.9595526713553624,9.765141020329029,4.113118265358683,4.316749580062328,3.4604504585813904,2.0918499015245673,Design
6.768438468759724,8.035382547643337,5.240050224589085,6.047119827795706,8.61898437101052,1.5661978468365856,3.506092922299773,3.013436232137061,4.4693748712143595,5.513254652489918,Medicine
6.486613695581131,5.146856931926131,6.279635504747903,8.222013379675008,4.589650178507202,5.65055648779872,,10.0,6.478027232352862,5.793886640906195,Management
3.9134272272948993,10.0,6.556834446721478,6.639301594691121,6.836969836172154,,4.153213422912182,3.130220529391516,4.630671293030982,7.502516642256607,Medicine
6.320910107870581,3.388851467500462,4.520306915324672,8.46450889562161,6.063436079840903,6.733564125408558,7.709146819957807,10.0,3.8583430732735122,4.849551718000067,Management
8.56952611486847,5.290277198514984,,6.4800115909137865,4.173566635552014,1.775078937020096,3.704655786196893,5.102772514333505,0.0,8.048219564148425,Engineering
4.250986157635002,3.2567625554697424,7.5307002788159325,7.61820381102202,4.03818913667771,7.106987164547615,7.739222447321756,10.0,6.3246890712701305,4.072815114287069,Management
8.862523570041411,,9.441567480693097,,2.0404698706945164,2.4538311274838596,4.9839849191918955,3.2127424868777394,2.8655538523529764,8.463622806510717,Engineering
6.715329865943809,10.0,8.221246548337636,7.768786934760594,10.0,4.670746019798197,5.630036564705213,3.9152195966181504,3.6883442291352706,4.422927872655617,Medicine
2.3904024706535174,3.03381044039978,8.23706185745884,8.096942840607483,10.0,5.651391349748552,9.195629172458622,6.033815915695886,10.0,1.9768974214856951,Law
9.65278677072616,7.3641992914453995,8.258256319658136,4.5723798242185385,1.0527791646050373,3.208587940097774,2.646195716025487,,1.4460333334124664,10.0,Engineering
4.806022378321652,5.729834233461343,3.2570495834632696,3.8259449850290324,2.4711198636533824,9.99546444066757,4.733568324135035,3.5586580099652902,4.931752910017048,6.74330734624456,Design
5.099576820961547,3.1928377738718545,7.026459149337396,6.972763723458771,2.666576002436898,10.0,5.058883453622607,4.56466882602418,4.12867558938355,5.5901104762234635,Design
6.522272763746217,5.073960606748593,5.277166342060582,7.422776450125522,6.510478531960562,4.066411119552436,10.0,7.259098532838552,4.051026005433842,2.764753004061184,Management
