math_aptitude,physics_interest,biology_interest,chemistry_interest,logical_reasoning,verbal_language_skill,social_science_interest,creativity_arts_interest,business_finance_interest,hands_on_practical_preference,recommended_stream
7.766708427479035,6.99918489514528,7.77567831483097,9.195867806250217,6.037329433348544,6.811829744854207,1.7334595803000796,5.895235181325905,2.4720262608877186,3.1629444867763494,Science_PCB
1.7820739777169132,2.6999523748655787,4.533799284236827,2.5081605551189265,5.207848719522682,8.211127866095545,8.336251437688901,6.160329846896114,4.452750039233024,5.792295121007665,Arts_Humanities
6.822330551906267,5.003523418927468,8.954703363029576,7.407289112736285,5.631382017954839,4.708165913029683,5.297733910752954,4.762154805424824,1.6881045562231054,4.896926773553299,Science_PCB
3.2461224244944944,4.107183835197765,3.5792695051637646,4.977239853408383,3.999711955869528,6.080970194694571,7.698917580231763,5.700005767555393,2.7024446372432394,5.308015988597838,Arts_Humanities
5.591147106353182,6.742526286178362,7.236895595083152,8.4616002609368,8.065146026177672,8.884714188375533,3.011064552272543,,3.9996556330458692,5.56483541958578,Science_PCB
2.7559220131104514,4.489938630767272,3.6539464178674774,2.453843924131777,5.441722450370731,6.308577154509296,,6.092437591935253,3.985923067391819,5.702889433160449,Arts_Humanities
10.0,8.170335251051446,1.6969528251019583,6.857354312797423,8.453706042952883,3.7258358521379646,3.1674183072569297,3.535150277803332,4.201665084343665,5.044995436440832,Science_PCM
5.047744728078866,2.9787019775569004,1.4438293379497926,6.086167426156095,5.874703642373967,7.337868315286855,4.802070127267961,3.13249383142623,8.195955335806683,5.4315502933929585,Commerce
2.401072165264309,3.867186905682435,3.244383118676272,3.068076220147177,6.223110875465264,5.585397116170611,10.0,7.046177587658107,5.192121698109215,5.306926690997111,Arts_Humanities
6.894742987015078,9.874996228542118,2.349031833116009,4.848376053859261,7.141443177537807,4.172641291118182,3.5678253142547933,4.143994342789892,2.5621184420672294,5.805612555127222,Science_PCM
5.5198383901536445,5.454642375013514,2.482787016388381,2.0934239448668945,5.6095651066555465,2.2286174614778096,4.079240706508271,5.338053220854708,5.63927264986217,10.0,Vocational
9.946855659158343,7.681421153452087,1.6599421636475,6.925959096422412,9.863925707873754,4.231253539050623,2.3162526509021166,5.226113647056491,2.7120030495499594,5.841730097922317,Science_PCM
5.52468854263214,5.954916974975833,6.048755224223488,6.983271664591739,7.073067349015897,5.134219010522589,3.1791290658349385,5.1343887820459635,1.597355656836776,2.3835451218634254,Science_PCB
7.181162842097092,3.877173325215382,5.332501313127162,1.551436136506815,5.989955834562614,6.976238059614279,4.311078439167901,4.890928904363047,7.061442758075758,4.897724513756529,Commerce
7.95549663289745,10.0,0.9616904586403519,8.63921852063188,10.0,4.392193552244728,6.398055693722766,5.794137367828913,4.262480708869785,5.036428843133639,Science_PCM
4.040274440287593,3.9099446231225516,1.5875044658954205,4.824454616168765,4.779892088497997,5.622957316362979,4.733947883216805,4.400941379664255,8.92015687591632,4.628811811691068,Commerce
4.561407098342275,6.2915762192420015,6.845161842638348,6.662207505652469,6.1208792934273,6.668121864185402,4.5409348581705515,4.859865648130067,1.2444521565279987,4.094868735865364,Science_PCB
5.925634423756802,5.667668383437865,8.035210858879104,5.721919931563823,5.9523068877970005,4.691390218927806,2.0388367088417354,5.071901156693963,4.555616229683113,3.3195188379721046,Science_PCB
3.5397105478197046,4.117214917637546,1.7681429727216842,1.9291952304572666,,9.593483383340708,5.637440825019041,9.28681258078754,4.317824333043592,2.050962549481688,Arts_Humanities
3.9252556925119175,4.273871878439452,3.866173467267087,4.160887922523332,,6.612464028023484,4.330727688560186,4.067624340997034,,4.124403990875133,Commerce
6.138432052983486,4.164818695026684,3.4258807595524674,4.241261175085719,7.836390270827102,7.718056504488644,5.592682997546668,2.9767141425517387,7.719993142875545,3.71447950250736,Commerce
5.7404292610752865,2.368548877045337,5.285096406685069,2.161516626649787,,7.24104445490923,3.0871731031471734,6.156967864995742,9.311451048482562,5.169000393354443,Commerce
4.851968281886134,3.2740412468367928,4.000899971926795,3.9141845842811978,4.682145047610982,4.554598813287319,4.331610498281391,5.800205510927246,4.463628905115961,6.803566899438271,Vocational
,,5.460295242405326,4.465082127965458,5.345866601137136,,4.794578663238227,7.075547144042316,2.740750439476315,4.78759840460081,Arts_Humanities
4.496269848194131,3.592984058170931,3.8222999058747074,4.57629681363281,6.062674976231468,3.2301473073003377,,6.341104967489947,4.342305246072552,10.0,Vocational
0.7500900586928849,1.5937903670122031,3.4206376185758205,3.083049493154331,7.68887255941248,8.757570372855529,8.605989363000937,7.457891340184131,5.935438396820601,3.7328564121953303,Arts_Humanities
4.798604263502518,5.770083048355366,,8.286229057315738,8.405113066436133,5.117347959414575,2.906996945050035,5.068952375594598,3.7940983913341104,3.935539436763449,Science_PCB
5.652136288735437,4.170659199572186,2.667148618946836,3.638761580696855,6.36758911698345,5.441880672226729,4.741822259165179,7.420563711393616,6.649482893630749,9.5612887245358,Vocational
6.222869032705599,5.4061097245786485,4.736514722012605,3.9182941903519612,5.233198176481422,7.946261534746918,8.060811469244658,8.307627094163573,3.5635475514328467,4.251561927286117,Arts_Humanities
7.50324368596873,4.494945296977171,1.1517544488512983,2.5956171446283114,4.694945423185241,7.445793801713539,5.721847524275067,2.692333836280227,8.254632523085403,2.057653963565588,Commerce
5.8353473049212905,6.787543923098459,1.5119999860718984,4.6030482896131115,6.200728915438552,5.185888469356035,6.63566296820301,8.646823675822498,4.696471218765539,9.375125773803266,Vocational
9.029443061856108,8.503176348214467,1.5002226086803112,7.205982465649655,9.829129392968614,6.510194846688168,3.376128476881885,3.89163079267842,2.1818521703651443,5.608165717782554,Science_PCM
3.9795069967775243,4.307485058787444,10.0,6.898958382822327,6.966669221548024,4.976382176561889,2.272250258075981,4.194304159401234,6.195716687457528,6.309692197266532,Science_PCB
7.330983497520263,2.699029707255637,9.53721696036305,6.897131580863202,6.466557049112904,7.700009702953157,2.571629580139933,3.6159100997630667,2.8304874894046104,5.0380016015559095,Science_PCB
2.920092942417695,0.3699891710570231,2.77079229885725,3.4677733661729566,5.67713579812954,9.559420810773576,10.0,8.487133902896009,,5.4968065799420565,Arts_Humanities
8.459500296406016,6.080093450046319,7.505037830343604,5.959545229230522,7.717541365197278,3.205999131900451,4.215448631826355,5.563025088141786,3.5671632892027234,4.214439826479875,Science_PCB
2.2719216926213113,0.44468259897158635,3.328683630158597,7.016299487685712,7.835813380928855,3.2282991642401373,4.694874286607794,4.096046636934784,3.2942576098844425,6.943285623080506,Vocational
5.6691486305714,0.4390842014205383,2.7303432922941466,2.7920580485366147,7.018887697617139,6.958145192713052,4.719094383899862,5.266949098971775,9.440241977770901,3.000890473271166,Commerce
8.253982356782673,8.427260602967225,3.470498410107497,8.716860152186618,8.054378003876307,3.5800848381005483,4.8873891415435775,4.069065376273569,4.44897017795059,5.498390247137212,Science_PCM
6.101309940990354,3.8756424627882535,5.569755542385433,2.176113019298876,5.265078824692985,3.5900290102290042,3.2319507235094598,5.36717206821411,7.3017378917480755,8.686381221103355,Vocational
4.9723248974684475,2.6534338272750113,3.2843171883685964,3.4281130515290643,4.41854696543704,8.005856585162157,8.901067373997277,5.306943889808898,4.253883580661733,4.1060269590246055,Arts_Humanities
3.411866136216003,5.592899879419235,8.71517010062179,,8.183131943421703,5.869077801528116,4.260821790766513,4.5833778430916,2.1239928053652712,4.160356291646369,Science_PCB
6.163920333977568,4.188014302354986,7.686688661678185,8.89843985774245,7.463783177400865,5.104178849929514,4.080399327618744,4.421880077918329,3.0163520530573833,5.353864084736179,Science_PCB
9.007942533915564,8.708920240557179,3.3011585775074725,8.254721640547265,8.614227928204945,6.009614218575484,3.8949886533288316,4.38099797475633,2.3099316234314586,7.878398400529484,Science_PCM
2.8119115286673106,5.594532832292414,1.8942868361718763,3.7170588281935903,6.3424585539253435,5.591215732229885,2.1929524821115898,5.880597502207399,5.597668109283469,8.567620942041025,Vocational
10.0,7.801066360931923,3.715263244834373,6.086010194832857,8.34482394094006,3.392812426199403,0.45235369905546374,5.725595541592858,1.7195065939582255,4.40781380149554,Science_PCM
4.534517488888501,4.459909963238978,9.843952273818669,5.2846704866583725,8.204912687649504,5.171460993655024,3.2249894159953127,5.032676585510277,3.755558455592528,3.4257538701224193,Science_PCB
7.078141819768328,9.334977470216806,0.5020441102867701,8.467688431250622,8.428367271245024,3.9498860704248364,2.7419504060065014,3.177608356567866,4.126092761116087,5.95215615269169,Science_PCM
2.823718797759963,4.347127170993008,1.9875915646762057,5.86062055307702,3.9957426296019483,2.3547531404450024,4.67335778407521,5.46218612597293,3.044013202736887,9.183559758901303,Vocational
6.574329502861236,6.363014020113631,10.0,7.572721155172121,7.644956920515422,5.976232813745057,3.1252289044344854,5.026477014602079,5.904702120056987,4.1484839752759255,Science_PCB
6.470754141107224,7.613479628493074,3.12932071492046,6.888069152632637,9.528047958197105,5.948038794106868,4.368823823540396,,4.1671600309337125,7.117618031911189,Science_PCM
3.5600075298855107,4.381293571202892,2.04058985483519,2.1188993890525336,,,10.0,7.553776012785135,6.889069320022783,4.12343608522694,Arts_Humanities
4.216828299102048,4.05254829199164,7.574329583962148,8.234392465654786,,3.7216750394035785,2.224570822291321,3.559793608276909,2.5355034216531394,2.729333919891552,Science_PCB
2.8870502568602134,5.1179574192515584,3.5245204007424373,3.229800581693674,4.871800079644901,7.979487403515151,6.920170496406445,7.279237853076404,3.2818890428255174,4.139375339816989,Arts_Humanities
2.9628266154129044,3.7734467402538603,6.040838185549882,6.467262502110396,4.913391993274293,3.6235412763426202,2.3675293472722863,6.10143994317611,5.210616577584555,9.526423130455987,Vocational
8.408115503852308,8.434583667047029,3.06648467611781,6.004804139341373,9.670239933225952,6.461236473991232,3.292457200351378,3.651209011935874,3.7129562970787395,5.244365663731935,Science_PCM
6.007190480218052,2.4284110293171155,3.48889559120454,1.1492911784947775,3.2347731932993797,8.284103664386649,6.674940168221864,3.13591411331205,8.496100463488299,5.325359178261721,Commerce
3.850183500682244,5.964336639561159,8.89576617965796,6.542844948500164,7.036824768607823,3.4200658656903515,5.332878082457537,3.613901081710436,,4.457783378907308,Science_PCB
4.016385922447527,3.9977324759829123,1.706750591711823,4.6807398320475215,6.387960607027585,6.993147653934797,4.271643497117062,3.5047357127251795,9.705425659549652,6.302037038245832,Commerce
8.83365634992594,5.771168335855042,2.0720346536156757,8.003436580080777,8.136420119527239,4.834320154885135,5.321146418406856,3.138526709701046,1.962400634918716,5.274802417562748,Science_PCM
4.782422837106676,3.5155083931555366,3.016970103378072,1.722751950755497,5.298614289298486,6.079732621928729,6.037523407272438,5.099755145581418,7.744285973445233,4.60953048330445,Commerce
10.0,4.272828560082433,,6.7859536641928635,6.222271855454938,5.622437975702006,5.123385104133659,3.0874617825322326,3.437321220296834,3.809429479514631,Science_PCM
9.551953151409124,8.124070750034058,0.0,5.72155922774326,9.394089471079834,7.076748799240103,4.941920754939771,2.430383097086108,,6.320169781427809,Science_PCM
4.824210805815142,3.756234226132563,2.736399837637036,5.500004908237081,6.442808637038573,6.7673565971518075,6.670841207712072,5.920733103520526,9.51868662258649,5.84530251465944,Commerce
7.9952489890392595,3.098599322984496,3.3045873157456906,3.0591137227917953,4.369168580670966,3.570534671039592,5.571286418328021,5.3655273765005065,7.924106507752112,9.040773032663154,Vocational
7.9947768646131365,9.92061176446707,3.6585581004473298,5.294655884489625,9.372596415097808,4.492952586859318,2.7499047172092066,4.907964726139259,2.360728354350825,6.160712561219842,Science_PCM
4.923619156614735,7.424985076261942,7.560931533472399,6.726854453093805,7.013320689221968,5.5003511353146335,3.8374947522741785,7.2191698162141344,3.4371227202580816,1.4085298484239592,Science_PCB
4.3099392579774305,6.3292644834320795,4.271081389707162,3.957800610186925,6.2051750392179015,4.83964370378795,4.962741084327353,5.731067604977292,4.087934940178512,8.064407544048711,Vocational
7.725084430446984,8.0110573147401,4.033411928790316,7.234473125934318,7.647128582366743,7.0941808423436346,5.552941153876121,5.142923651919709,4.265762564747317,6.614547995857954,Science_PCM
6.008944848552539,5.488271287313842,6.395206633846386,7.648037752384616,8.402712531006948,3.9431352242555957,4.33038719617877,4.9310042036738,3.975192742202034,5.633568149634709,Science_PCB
10.0,8.57081268260845,5.267114884018129,7.570691106359789,9.576384629836177,5.114457760404879,3.586509560616966,3.59334902970964,4.286459114973309,3.468205289950675,Science_PCM
7.223374754220609,6.125011123772765,2.924065382983713,7.10917530430879,7.598441986056035,6.580341414968367,1.755172283717821,3.9709731265956734,2.239663624587099,4.9394365485588585,Science_PCM
5.619830239784883,5.803481105102286,8.459238889120547,5.623519163982109,5.748580382388264,5.3058641918070535,3.285151638970832,3.763953942681999,2.769882338100632,4.579319312038467,Science_PCB
8.793227791363234,9.23194449280279,1.5555636288071744,5.476436929228967,7.078678984746403,5.875591667319319,5.11843159224038,3.9392587302886364,0.0,2.7848092786065117,Science_PCM
8.244048591684917,6.550997948011695,2.7019195503819993,4.9293674623620145,7.313258617265524,5.794821859941876,5.214717157063815,8.151974119598353,2.237439389407829,6.865890203639072,Science_PCM
5.579505224806526,8.233571255545444,4.398666728599791,3.1295738698108875,3.8127781377101915,7.171274115887701,8.222176695868505,6.805019687652727,4.479098815115098,6.811420899849474,Arts_Humanities
4.350271356597202,4.4070779582394115,,6.045132737535287,6.141268203412363,6.832931936896671,4.291896040198575,5.286573049013758,7.285940298840936,7.748522338163819,Vocational
7.990348265368049,8.181901605650847,1.9384523603077526,5.509118293182327,7.277712428396568,4.674742886837106,1.9874840602700476,4.7106774267817375,3.948630375918821,2.9367722089622856,Science_PCM
4.789479892482377,3.2157419093726665,1.360481885741482,3.4569043200565748,5.426538368392621,8.671338567580726,7.9910078361179435,6.4580767790340685,3.4979019856048508,3.8003787184870736,Arts_Humanities
6.087335442550176,2.9973112647652322,2.9773359339662884,3.448309099143374,6.227265125127049,3.435266303316489,7.945139199110204,4.308525192405075,9.254809405281081,2.2084682560057685,Commerce
2.4752964881306956,2.518767286193908,3.0827610990687524,2.198371718098193,6.704671214208721,5.526227969278694,5.9184613120757374,7.50427151978382,4.624965346209998,5.0254796768246655,Arts_Humanities
3.3350673322661075,6.089498927342159,2.2394451026220503,4.00043111283326,6.740869300583686,5.688595364098445,5.5333026663899565,6.393726468851996,5.941204301097905,10.0,Vocational
5.41119697313556,4.221877625599355,4.367159211858749,0.6773955338314193,6.9516224530100885,7.404728317623736,9.430445465397204,6.235707316787463,2.959403743705767,7.069305357880559,Arts_Humanities
5.637825495351934,4.987971340475594,3.77848442445289,3.5264004085285277,4.706585223038772,6.794934923416559,6.816657816753985,5.05993503341098,8.716755720523366,2.963955050734432,Commerce
7.1096083919368045,5.13541976352989,9.718590056995541,6.480615018488468,9.37407215097884,4.026097666954353,5.2270224540292505,3.646568061135659,,5.26871694750823,Science_PCB
6.481790541471573,2.8218935614343925,2.6562556734578853,2.5160171654054158,5.790401739464958,8.95619340982256,7.300577515163233,4.960822641494094,8.467117454765562,5.097461547900751,Commerce
4.9164590936355,7.96283188805641,7.102125105712213,8.630689543314443,6.369850009986308,6.209531887804939,4.926525759363727,5.463666297080528,4.18190748287804,3.002928406569657,Science_PCB
8.008388679748794,9.688996787121885,2.5368568376201464,7.958770239007213,7.286297015987159,5.232931174772081,2.2649713286162445,4.059257001329269,4.0924005786946145,2.7544834498499466,Science_PCM
6.111585462241222,6.868657196624921,8.308804450638814,7.604790108306678,5.9836727013466735,4.381112043886117,4.4998917525568505,5.078424681308008,3.591887969941549,4.865110653343179,Science_PCB
2.393688670872711,2.8594429103180024,2.531329937600104,3.496551943530251,3.754939361293938,8.019112372863269,9.244140257332152,8.679874240101693,3.50658191475051,,Arts_Humanities
4.271963240232633,4.852603132413079,1.9807746482138162,2.624800657599658,7.377525515323093,5.5728217648365455,9.228595107446447,8.1918290077987,7.059993561868811,2.4421579543610927,Arts_Humanities
5.525563197964897,4.84106846618392,3.665194461158362,6.2623463555691155,3.6361245660121786,6.889774175969344,4.258000050309621,4.172006331439653,4.022127348864027,6.353950558459342,Vocational
6.881923737885623,4.332393077965457,1.9521122851629655,4.60352569942607,5.791510373271158,,6.091763542028285,4.782050370698881,8.204019082058425,3.9513109895217107,Commerce
5.024512099175578,5.44794635834542,2.7314209612622546,4.415735169122928,2.7776165267289152,7.238804701655643,5.290241484320152,3.8741279702423386,8.73524794464747,3.355427170044364,Commerce
6.656237493481883,5.871024744206133,9.018834166887729,6.795919608135903,7.743724440678027,5.988449386896064,4.625562104133765,5.427498601177835,3.76535630974549,4.372057368744886,Science_PCB
2.411051218815417,3.152886735641937,2.7522162484529797,5.042889109801682,7.184108877117097,5.933616921525845,4.300744072399097,2.844499281766297,5.508108927584126,10.0,Vocational
6.172340622864348,3.982284692421419,3.783058690560276,1.9347780120131228,5.915289896417102,,7.728609083979611,5.783520022235036,8.938741080464492,2.693361694501009,Commerce
4.3502790563833145,4.366932345813317,4.8910956934815975,4.431840456834051,3.9614653258704795,3.8662802656631423,5.651866758458898,4.438992674300012,4.897762451115918,8.488143411715841,Vocational
7.337530442426679,7.658004548206741,2.1083915209703643,8.796219871391136,8.285580891984916,7.174977524113729,3.5802160242654786,4.548396187348049,2.8845646179737487,5.004935127107897,Science_PCM
7.62651436921642,9.920611724421045,,7.600876235713812,6.067416449120717,7.921012829813344,,4.26275020455466,3.748210462999863,3.167234742367847,Science_PCM
5.124549764502668,4.265824980847165,2.0925527586404153,4.549494778701507,6.1121108427375805,4.761068763100173,4.644291738592634,8.183024334069938,4.188307580054585,10.0,Vocational
9.910873105779682,8.476490829408398,2.6278766463776004,7.590155253101305,8.098725027789664,6.716211263104694,1.119172090520339,4.06371042144576,0.4119444063388027,3.0564209207046336,Science_PCM
6.9109133936981255,8.323746958999024,5.367688506057041,4.852713107366952,6.834610031100418,4.9493114116009105,2.8232350632879655,5.556381674079738,3.3141576357670894,2.6925493224652333,Science_PCM
4.599267315251401,7.982408767455889,1.499233299979824,5.2460667167747275,4.3785277724700205,4.670554136146415,7.839163774817241,4.748920306728718,4.058965548724557,8.47723214170292,Vocational
6.3329478432637965,8.115621741304091,8.423245117503427,10.0,6.36898493621164,4.50359961554303,1.9269312954042555,7.530332073025491,4.065281844403267,4.065643046605599,Science_PCB
1.6523201600675326,3.3879324821202426,2.214337314705409,1.4489231535766645,5.352489059292904,9.596778504013063,9.279556536486465,6.570316792972255,5.416544196633003,1.583179168553817,Arts_Humanities
4.790181203024479,3.6497414545265245,3.1626328081732744,5.465094152510642,4.193647019184204,3.405842479565325,6.1279281817053075,6.098507276424515,5.870680325725493,9.022277483007393,Vocational
2.76801989630491,2.41835511255342,5.123767818382017,3.055597834900347,3.469923841335512,8.707186498619405,7.9845943533395385,9.50180693248932,3.711956968075626,5.866593765843704,Arts_Humanities
0.9382791492682099,5.2400168632042625,3.213383042637786,3.59225456853755,7.395122703124823,8.390381468673533,10.0,5.885740844203223,7.616589566477013,5.913243258035395,Arts_Humanities
4.730989798143978,4.261209915427774,3.3100402151599693,1.210145698777391,3.7265999836072026,9.117693284234903,6.861227775560185,8.009634594377886,4.648653842766775,4.990272229604336,Arts_Humanities
6.597525397611896,7.232080881847468,3.4102865046674427,8.567609707154704,7.552191010933309,4.649609627911865,0.7085242613397487,4.28853430329162,1.618861264582568,4.311728744424104,Science_PCM
0.6206051521186904,3.833694829184526,,3.589004097094092,5.481624163026184,7.749506086087123,8.367093553649216,7.470848399249286,6.247726463717317,4.474441756789386,Arts_Humanities
4.456186860753133,2.7994791243850776,4.864048853551553,1.9611130170629865,5.656209213392756,8.578776523321125,7.979697347122387,8.591622917527957,4.6936461036150545,5.525499427097956,Arts_Humanities
6.624400162391443,2.333353062997137,3.4406200792006887,6.655713657638892,6.133149653934585,8.40039311721168,4.5375718244096745,4.445288132872697,9.305434767963206,4.516526800741723,Commerce
8.753635165085754,8.81822520793286,3.1714359570574975,8.064393135451674,8.622970292845011,6.520095330971192,4.632069601476631,3.4541153807077425,0.6494127390680302,7.00654071281892,Science_PCM
4.524226781778544,2.721352297163734,3.014056595543132,2.7661855824187387,6.441818085214777,9.092945656621543,,8.491045327260885,3.6540624000169015,5.10959814739337,Arts_Humanities
2.671041398643792,2.920036709141252,,3.696972063272372,,8.217183003470835,5.996674846801249,5.538586805868328,7.2785684355914135,2.5759882040191524,Commerce
7.565759162437715,4.509723540357761,2.2745298422100975,3.934059925684535,5.073860259979412,5.065120229401517,,4.362069288631563,2.8735337253477744,8.84178066342292,Vocational
5.84780237196452,5.603671778108571,7.81509084521667,7.1808480633438485,8.493365054769566,4.5483896872225715,3.418351259912858,4.738344878197947,5.028456208836795,4.109599264292793,Science_PCB
9.01471403676007,10.0,1.5338850056407718,6.506251534673137,7.521240507602792,4.337350140099213,3.075859393470048,6.355730868789856,5.388602678133776,4.563279007447808,Science_PCM
6.603927530157639,5.101833712666836,1.9536464063600116,3.3171008952830605,8.013958718369377,2.658251604936626,3.0078064034044987,7.22531701651487,4.439492981752814,6.963718341133991,Vocational
6.903095079116369,1.5154383863060108,2.1486356662970363,2.407369288972405,6.028207622377891,8.616210159302284,8.12936622606437,3.441426181004733,9.184524425641646,4.726437207785009,Commerce
4.68249237878423,5.043346836555593,3.4886921189885154,3.290351341056283,7.123135514984628,3.798965273892934,4.12027472807211,3.9310530733044895,4.072286360100336,,Vocational
2.370021594811215,2.1951231441762626,2.3251489772697838,5.309215087452754,6.677813555841791,7.452901700193144,9.24905309614654,5.736957958289922,3.6255600034536593,4.636322245724452,Arts_Humanities
5.000764353550093,3.1790483874245323,1.252492683878249,4.027978431117072,6.766805320209854,9.709954847700663,4.691613212214274,4.151867054222262,7.751513918230319,,Commerce
10.0,5.178199967265964,0.3816666266751234,8.034590251785707,8.578608982552579,5.8255801903389886,1.7756850656858867,4.469796175894524,5.604562233521745,6.071459505734621,Science_PCM
5.435532599753479,7.751520214097626,10.0,8.082584788014719,6.510426860069469,8.740560526630073,,3.757523311332341,0.6925740420476552,6.314919040018166,Science_PCB
5.598391340581035,4.126202912980393,6.205518067586702,5.625467771872097,7.20232444260674,5.3727640674325645,3.950543208340654,6.777128149888459,4.546517497112744,10.0,Vocational
4.613060250199654,1.7862279802567278,2.2318133672808362,3.9294052743305232,4.6818520062662845,4.4248069603933065,9.343381887249024,6.152860325510601,5.10727664127683,6.31066840411206,Arts_Humanities
5.875415150464286,1.2794859829626772,2.8092683808328376,4.297661170814789,4.262666885792425,7.148226627427399,5.61571592978273,3.6631177020180012,9.611075012438695,1.1370662003278769,Commerce
10.0,8.82598248571966,3.962018507195636,7.827978168383873,8.943028830402739,3.1813055313715615,3.6087074006337243,3.7769504534961373,1.3362067550679733,7.186361605091071,Science_PCM
5.1658778291205785,2.4581295863182446,1.4660368139035218,3.234332732502832,8.292540003727666,9.221912506069533,3.340873061457292,4.039217605230833,7.155334898878191,5.284839063574976,Commerce
3.856409785299972,3.9548641847012025,2.8295294399885775,1.9182155274338826,6.445320024584367,7.391180914691593,9.204671045713306,6.055029648533032,2.741967074992682,5.481849904841516,Arts_Humanities
5.3091060270011665,5.963998713119668,2.506343267795477,2.3623574651468955,4.708209604204535,4.245900875801439,7.492416260111066,6.282387607999261,9.280968711750186,2.8350845498914863,Commerce
10.0,8.304760451426727,0.5787698215877666,5.696911530503917,6.23734611426384,5.5225350178967,3.341653208730666,3.8910465927307047,5.614203946120669,5.713677736299984,Science_PCM
8.076938390189266,6.060467121279164,8.583171024779512,7.01452414374563,8.437808178953622,5.07240416856661,2.9522615429605907,5.772170722764454,2.3002111760883555,4.45091845521691,Science_PCB
7.311845478131572,4.894912071750154,3.843135589355846,1.6089841238530662,4.906101800976958,6.142689664760371,6.513507326956669,4.472249655208272,9.977929223485733,5.709807617367566,Commerce
4.900665835244911,5.436797546390072,8.926070410937534,8.259419795357978,5.820097242069219,,0.8588945607380647,4.775227919421776,3.990794014546292,4.135910785054862,Science_PCB
4.8647126603481485,7.828600193745838,8.920834564252784,9.106517760892384,6.017659268647249,5.572986342317417,2.2245866944488384,3.9623131844322566,2.6592645104319823,3.5563843131067188,Science_PCB
3.973977860959797,4.45002346202603,2.421035389926293,0.8225697905320373,5.042007859276838,5.9229617667634855,8.519075117319835,6.485409638138735,1.9594471972190388,6.75683268961823,Arts_Humanities
7.4716667773738825,3.0291515257285244,2.933731375103173,3.4221892829953933,7.017273634874117,8.5196340690425,5.978590521757929,7.067358410964566,9.66635274344298,3.6947607876512563,Commerce
7.13424805278597,4.94085185124405,2.194887477989843,4.267404422921889,5.140496252802266,4.100357462985128,5.660302225775196,3.887863956369511,7.927884286236729,6.567946053199183,Commerce
5.658908430076783,3.2798547408722247,4.653910520303727,2.5267044646190566,6.118681903828091,7.7410161317479975,6.5518527349012805,4.292503532223126,8.124422354891545,1.7395398987227888,Commerce
5.873823136363617,5.354225069970044,5.222395000314149,5.421827830572298,7.020749998748506,4.867641731815756,6.133310363173371,2.8861769085311026,6.566287448605014,4.3109062899504105,Commerce
4.561838712058315,3.0105271547535164,1.5154255466258684,1.3079234435562297,4.4847234635029585,5.219293859356489,10.0,7.978014197933628,4.461050637081142,1.6526934349518227,Arts_Humanities
5.776013200819653,3.6736328876535818,2.0574581277885655,5.3365548247689425,4.052271697653692,3.1763052073186318,3.5042702779653006,6.148313638946623,5.807036670891618,10.0,Vocational
5.3025338018030235,,2.1639549520211068,1.3757011712683882,5.272347961527049,6.592523813001822,4.347800340594135,6.836660993263066,8.058008066506105,9.025272602556125,Vocational
4.000689269793029,2.8028203899787267,4.26934132461031,1.693568329039619,3.8241002480729316,8.530857053274127,7.070428079588548,6.069986800125706,5.587782840587154,5.182583342979122,Arts_Humanities
4.77198368685092,4.789462641610774,3.554892624027853,2.917518445615077,6.189140961145903,6.391030722047447,4.372131781557744,4.591645097727513,7.692684718750413,2.771586013693871,Commerce
7.011201906086594,6.916042181886842,7.250704755498384,9.330086446830457,8.598122410710038,6.279459875727491,3.76565199337164,4.793940413057682,2.897643470088809,5.333020674528434,Science_PCB
6.358462688630713,4.5010058220051645,4.826678565883234,3.1277005018307316,3.1328741811994436,3.6275296067763394,3.4518613314408264,5.17841680666107,3.752812851985544,7.900557549146374,Vocational
7.930703248419209,3.0894155811842285,,4.486346426850635,6.031023747546457,6.112719191429097,,5.661963859624859,7.638292111222283,3.835891890544756,Commerce
3.619527318642587,2.832697489891886,2.2617349614784414,1.7391715703457764,7.458799169754129,6.729431194399163,9.901966899331285,6.932570178125479,4.466668871151876,5.230397743710144,Arts_Humanities
5.4272709383411515,3.063021959149105,,6.293178629974264,7.63139564694767,3.833593377952735,3.539008500090222,4.131887672447542,3.3940324504354296,4.662106460946751,Science_PCB
4.562219565859014,3.445506623172797,3.08769093588822,4.5999628196772875,8.391352603669333,7.00511718566298,4.798275206083151,5.523209774727666,7.592271494078281,2.656661255214262,Commerce
8.433443754638423,7.896351566986149,5.336829516638032,8.162477327067432,8.514879070818905,5.823423502741408,3.5574760915354573,4.236211819765788,1.592844643395227,4.803632559110992,Science_PCM
7.128238930084646,1.4376063620821395,2.295951379667439,6.15827022301964,5.186095397355889,6.189711160017478,4.352644786644901,4.936599374751571,7.542855642815146,3.758705784750835,Commerce
4.281745636067287,4.774963017462213,3.570867142202553,4.613253665505176,5.3734700775999364,5.71552624795236,0.9598993932624245,6.246991647705197,6.56323671289833,10.0,Vocational
3.6098503791194827,1.5333260825825246,3.7309467896076933,2.4598595364890454,4.261702333815609,6.077127679615709,6.467055449732627,7.017146033996968,4.3893765384476096,3.362108946788989,Arts_Humanities
4.866234714463604,2.9701710194846562,3.865312032132856,2.8097453590073886,5.17371453323513,6.871299473780872,9.527559279089504,9.43661524776387,3.776331133416889,5.219602656462423,Arts_Humanities
3.7761592903163383,3.6692195080511327,1.9611622739051335,0.8598962043390252,8.090565641085917,7.164845316379033,8.321441117004621,6.982865972426755,5.212514015306785,6.8046269000183575,Arts_Humanities
5.4456189775778325,,4.236330247473088,3.4089735026404875,3.6839258494922715,8.674920269954374,6.662432827314998,8.316519376614709,3.8406508639298975,4.510877429233388,Arts_Humanities
5.496865532377562,8.070659661007497,2.3866911562701634,7.597201503231595,9.412539714087652,5.679713861676286,4.48817301098861,4.797974786349589,3.6890841172819067,4.083924758269153,Science_PCM
10.0,6.0059801736090215,4.122976417807645,6.572917209940238,8.420278350422498,4.131231936084866,3.06520697593736,6.190057973108646,3.757451814584019,7.252005087032927,Science_PCM
5.621316992580004,2.7935174685912694,1.9292360719343813,4.738577935773137,5.436229444500226,5.755549446716938,9.426159154040947,8.833392689503505,,3.4280789652272254,Arts_Humanities
8.008851507414246,9.191204873396936,0.746828165828322,8.120600065535774,8.00640751731467,5.990032121403984,2.034915716738877,6.227220386904267,4.619325448223435,6.2474676834750955,Science_PCM
6.3075914033956675,6.925901693726861,3.321965671441626,6.767005386915319,8.170609160367581,5.293059667205921,3.7644047128059266,3.18890314547396,3.918904533168766,5.861465761501129,Science_PCM
3.047269801802835,1.7133174785369314,5.091363066585727,1.4453577832470033,5.244201614537203,7.91465949168255,9.8467863154017,8.298548358432821,5.094184388429921,3.9768398587278333,Arts_Humanities
3.5907687405901205,6.822728820624475,7.481578629934393,10.0,5.588104342603778,3.865402782524219,4.1631803302974735,6.488107522657484,3.0839665540261882,5.243915146243457,Science_PCB
2.3730381770061575,3.518368366171214,1.9123638163205174,6.373459512940222,5.486590942935803,5.713444445438117,4.129459813684238,5.766432265235161,4.957584870738419,9.93850111417018,Vocational
0.0977538055438596,1.0117981144492365,3.474383687400978,2.91433255084845,6.323160565122103,7.285666669170747,7.059547289619978,6.962987696040839,4.54369337298505,4.80000463344186,Arts_Humanities
5.553567886816106,5.920029616513971,9.41539258413172,6.1672670472225715,8.322070162709213,6.106227403821542,1.7879974042771698,6.07074167312465,5.904321005037051,5.80238416041423,Science_PCB
5.649735148098627,5.6043572136067015,7.410829763589056,8.413933096759035,8.60816570439521,5.434236378136541,5.200290310913791,1.9389804584369514,2.9279106127497108,4.447876614264233,Science_PCB
10.0,7.4716604787,2.3340844522070014,5.942095453277759,9.300773249348145,6.967663980537159,3.3518683050486624,3.4077965799487133,1.9281744196013886,5.845770624172111,Science_PCM
6.905885610517092,5.575883213889023,8.269279266778335,7.009649262774207,4.5081393667054,4.028417627899951,4.749421531956282,1.7570641590560365,2.0037900454995827,3.980363926823307,Science_PCB
6.637711213974645,5.909156117022022,3.2813013734568166,1.218274315920862,5.307332087689297,3.514625983519837,4.331357475286236,5.127581839467108,4.973038187894717,7.148941681998966,Vocational
4.515527488377704,7.082144084636386,3.5085620029294176,4.935430381077316,4.798598463610864,5.396882547126583,2.6076823098746726,5.399312190565777,3.42924348874613,,Vocational
5.100757117448385,3.960629675360481,4.198788776652127,,4.81831033298062,6.940539901334173,10.0,8.494245553244568,3.598704504639448,4.5517812986900745,Arts_Humanities
6.41945768756306,3.0282395423916215,3.7881046322041056,3.5274824948502794,5.37177444288403,5.623731508469367,5.765063634966617,7.8179767454987505,5.553267325478748,8.356978172017467,Vocational
8.459819479519489,4.10644066177436,3.744113640438158,4.648419439612155,7.002347081787747,,5.854318409862907,4.150260370461142,9.070002712209657,4.4441981517456135,Commerce
8.72181260210173,7.271415690556002,3.0403613606351203,6.672318339975637,,5.123161699882669,3.7578955088143715,3.5026178109101673,1.9518336331099106,3.231683531130173,Science_PCM
5.367101444460163,6.496748041655067,2.6180874038022313,,9.428715427419856,8.096485489972393,1.9704008647419073,3.4112975746892493,3.3060828788029095,7.094450993049508,Science_PCM
10.0,10.0,2.4731499549158684,4.482110547193759,8.096370830945274,5.12791016520713,3.2530990066710657,3.052595545501597,3.7534294852194208,5.681859587871912,Science_PCM
5.763297391846928,0.0,2.3698873584629947,4.9026852321850924,3.8136525163840163,6.646498560540202,7.5608395784408735,3.511203161086375,8.502793804555992,2.3047788656037023,Commerce
3.521140942251143,7.335855391719968,7.176189807930364,7.633214077234104,6.684595238379643,4.254584919088402,2.221967494044242,4.859338673529881,4.294201126611487,4.331342935854946,Science_PCB
5.768465493134476,1.6624388222773592,4.285784007788202,0.0,5.419725298463034,5.69374200907991,5.69263254123284,5.2301603501435565,9.964794250739345,3.073873664642192,Commerce
8.422932560166288,7.05192698271424,2.4611850144133838,7.824083491053865,8.503891278559943,5.9422729699288395,4.371103014862847,4.0127060982331075,3.983122612718748,5.492495384495912,Science_PCM
6.54912977638361,6.666966833888724,2.3008452497357186,8.596947055964197,7.668645591846282,6.332277757127386,2.8001889362799464,4.822331829107437,2.816185847213057,6.134973580120566,Science_PCM
,4.09977943368383,4.9068565297790965,2.3222634181373953,,8.963776490210176,9.24735949328811,5.666206869075795,3.033033672803863,1.2026409935675928,Arts_Humanities
6.159671361900777,6.160849478006159,4.0570454226912105,5.366186511024396,4.635359376363679,5.693506548455497,5.67614789520332,7.9667526771795965,2.8310332101028948,,Vocational
5.026370900561257,3.8973204199295135,2.494714574685256,1.810765973272114,6.3519616318837056,7.605776261766332,9.717358063306445,7.26833877427807,5.830432710682775,5.050295829471832,Arts_Humanities
7.203338007812321,0.9295376570224283,4.759986210831039,4.009680751558864,7.314015799207455,7.003310312851271,5.563602272084203,4.142098023929329,8.977287689952067,3.5947277184240822,Commerce
4.893658542190336,4.558556132580549,8.798298473795958,6.82086383913967,6.387931844891803,6.461123833377374,1.9897466333853493,3.3230252235136177,3.2003039897935293,5.760232727972667,Science_PCB
4.557752660428986,3.7712344784331093,3.2630136347258616,2.445314764777226,5.772591153395008,3.927734633043836,6.704289772183221,,8.454946743163127,2.1452985523128874,Commerce
,3.5328411501302903,10.0,6.425148162989004,6.9730817266618965,4.73830632641294,3.8486116152419108,3.264302930658535,2.766077885751702,5.084759924523494,Science_PCB
5.92675615070534,5.184149586425662,7.351547297086073,8.867697351830865,6.91696823933816,8.128741636109519,3.560202954232382,3.29609854754436,4.59502313936672,5.3200402133898255,Science_PCB
6.244496244588748,3.760608037399126,3.157612708080156,0.8762826884604302,5.895482087922364,5.6312742532090585,3.9576176283496753,6.364223770161379,9.155469774094795,3.961219594772088,Commerce
5.085162537281133,5.026625488824807,8.213147104786332,7.891447117230902,8.27779106840029,2.087309310674157,2.418710473458347,4.706825114845707,2.8714779492490283,5.024389115284743,Science_PCB
3.547499778606913,4.7135017811062045,3.2239603332279563,3.1412370752700447,4.888255768185804,4.299082541456996,3.5018125336678243,6.009222817923295,4.638370391834101,7.705332701812951,Vocational
,7.977168325579321,1.8268499767697335,6.554956779736953,,3.2826521191798275,1.3996441588831185,5.126686886183183,2.3204656949794153,1.6658323556332628,Science_PCM
3.2993344392371777,1.8066990533799687,3.4904890274965683,2.425948424047605,7.516392826052403,7.57850457509725,8.430859302767798,10.0,4.246811705250107,5.223003924758818,Arts_Humanities
9.520297247590575,8.354080681856512,2.071962728752571,5.288120725624286,9.586550265208638,5.954155809328558,6.597382967489295,5.046245178342419,3.5040140836406195,4.7829936908588655,Science_PCM
,6.254288399389958,3.9816966309786683,2.613766356557103,6.095765577277193,5.371143903333731,3.7880893383468925,4.125279103497162,5.130384883598588,7.19890197408896,Vocational
7.169453259591576,8.233058325443212,3.2859956891632947,,9.585644619688953,5.963932376894363,5.40229375858543,2.954608029380294,2.168323007425328,3.795451276172818,Science_PCM
4.554421937143129,6.052437327221098,8.094051347011352,5.438715613019667,5.80340751687591,7.5386683811829815,4.0001403089608045,2.7793352081781943,0.9975393113970661,4.354186929856241,Science_PCB
3.8670450066271282,,3.99234050179108,3.561069055189347,4.872089280704837,5.226808594553921,6.833711771054296,2.5354105075553237,9.883811599064932,3.7852410931304323,Commerce
,2.7822470990759784,2.4012848147350048,4.115604931569455,5.346852086196801,8.484146449263209,2.75046572324349,5.837371662918684,3.1491482554351586,7.995878361239064,Vocational
7.635458381467105,7.6447079291348246,8.531783338495723,7.118575981616834,6.828268423342937,5.795311637903706,5.58006146571549,5.049207651508395,3.9438377429508837,6.020051141791223,Science_PCB
5.682557005167831,2.40298840223436,3.808936372751268,2.454152834594865,4.719008594709155,8.044854896786953,5.96100750900753,4.194591743277246,9.333862880153832,4.011611435043908,Commerce
4.358515835503592,5.670200375013396,4.09570612047162,3.8927715604101834,4.963059277481208,7.682366591344228,9.780033934833241,10.0,6.4343323165358655,5.546818018646428,Arts_Humanities
,8.014281167585784,4.142640236011161,5.053414878877103,6.796614225304929,2.8509529399448668,3.542503792829252,3.046202437631493,2.5000848569767085,,Science_PCM
5.638187172374841,1.5013241661353662,1.460971778568034,2.8268599964926384,5.927281907721451,8.799808323501155,6.196790646402792,3.314297936753268,7.55362536902665,5.787173288199851,Commerce
5.730164151762886,6.457603840118921,,8.025908751012004,6.653683802249739,4.656222321046337,5.587128397632154,5.863638726269875,2.01087583143737,5.238977597272997,Science_PCB
4.8419799532999654,6.841898170385431,8.273573069112441,7.679690453116594,8.413691006193003,6.622095960315381,3.289762696046379,3.629006374058311,4.475857151149145,5.5060585351828255,Science_PCB
5.972204160451124,5.04599577509099,3.139809900849898,3.869449179836798,6.489906339745688,3.0234650870431325,4.76541822768828,6.909362748396368,2.683043699370586,9.390419407412626,Vocational
3.6513327040178276,4.93161411467018,8.612129987092507,5.965227358320462,6.8494554370367045,6.8761186609843605,1.8076863413624369,4.231620514066298,4.332183753876004,3.9562510925270478,Science_PCB
5.574623269620763,5.456779336325268,1.128000971838651,1.6770980542384892,5.401123631108123,4.243023952513528,5.2537527972626705,6.026021972838557,5.756424414790474,6.880726149570329,Vocational
4.292667163901784,1.9449465230036087,1.8085902337123543,4.012942261436365,3.07754990698525,4.113691457513483,2.69027452888281,8.131920708925279,7.814685373195374,7.124343766955311,Vocational
5.017151752775873,4.868084937356122,2.687494739940686,4.100053698227542,6.290321393861271,7.049887370892741,4.335882306734785,5.9463134900572685,6.985688049773364,7.786084384212476,Vocational
5.428397909071864,1.775164703952903,4.046260658922231,0.0,4.041931684850939,8.606679837504995,6.793829492139319,8.05503449402594,5.6783955570560725,3.8482837494662383,Arts_Humanities
5.378385598128999,3.436503338545786,5.487921852088951,3.139460328568231,7.610504850075497,6.550758611233928,6.040044479381536,4.590946166234787,9.602207114190161,3.1088089032910333,Commerce
6.523074952945769,3.516069471476837,0.9966051045481872,2.694060236939294,5.47050132598597,5.975716093203187,5.597475583386787,6.353203784082325,9.55572507648998,2.716226886196697,Commerce
4.771416547267315,4.171549184884098,9.827588975984874,6.801773913564053,6.468431182728573,5.553534026453931,4.98536598962715,4.526048478126206,1.4411477360112006,5.207040105345834,Science_PCB
8.25967892739116,7.114791592274877,4.5893037402762396,6.799111673310557,7.943173831187961,5.042226384365302,4.192001941219353,4.9750772836733015,3.536552395074785,5.560067303910247,Science_PCM
6.312269296899453,7.564649461018493,3.2115789846365073,7.762089030767061,9.424594553730712,6.531351405759903,3.0466574060770313,3.898942669536063,4.1153686456343,4.7513043776539,Science_PCM
5.2429403206999545,3.1365315004272145,2.9853218989509207,4.1236522701792655,7.8707976085320865,7.452524225600163,6.750813906090118,6.37993534292608,9.240620245979507,3.952280645695306,Commerce
4.021791194440532,4.2944955811625904,3.6999369846970627,5.0636581265834915,4.119260758615762,7.989320525458563,9.375110086553908,7.252464715886941,5.99788469564847,3.938348598635985,Arts_Humanities
4.840202263402259,3.950822136833679,3.876333445034628,3.2519930327336626,5.630434576788251,7.251207927096095,8.92317444369105,10.0,6.073886481652625,4.895093428892028,Arts_Humanities
4.069140356495332,5.690032743725607,8.3507886662975,9.57078571585965,6.538893506152419,2.3289754698556,4.1557780419612085,3.5912715909648956,3.0554203317690707,4.387283888905239,Science_PCB
3.6510073060280925,5.037705851116994,2.737726864919392,2.026095639172115,8.151953408093547,3.1978760558925536,4.244864850254486,5.728049723862161,5.923401897556551,,Vocational
7.592709891629813,2.6327043321011185,2.130835785318263,3.993166595567246,7.985791684184431,7.989787400806328,3.8725921241661148,4.156701239010579,7.290215378903634,3.6522337215101643,Commerce
1.9640507421796025,4.975850597643108,4.816713070593116,3.455764252922127,5.715923319638273,9.794820430454317,10.0,9.005458105652957,5.093683817716937,4.046003210631588,Arts_Humanities
8.417438723230251,8.950940130323215,1.8992326792507739,5.60175602801408,8.791586499336072,6.281247070109866,3.932292007026933,3.447710152173474,3.880730294718812,4.032980794775676,Science_PCM
6.469621195623843,6.037542318932632,2.8833231412715516,4.677658709590315,5.217771658721339,4.814480913519326,3.008562749783905,6.809240410211882,2.8664592007082588,6.121090788971804,Vocational
4.722808163732131,2.156273634825415,3.6395092617632017,3.2695429400708003,5.965641058837093,,6.4867482884805465,6.228835222943961,5.989003061714623,4.329417292387561,Commerce
4.818217329180399,4.618750449899349,6.253672756159256,0.7996711243569088,4.994980126696323,7.035053371695062,8.724259344900597,,4.19569330499581,5.835885669821526,Arts_Humanities
4.673640347619853,5.692407378981599,3.5386759680565203,2.6567941600518648,3.9819225071220545,9.407045970765822,7.4988334925671065,7.376748872793015,2.895147036269605,6.5239629801266625,Arts_Humanities
4.54877886325026,5.5983440341030795,2.9154334990167023,3.7512845199269935,4.940586648786114,,3.6522669166689603,5.503482270391037,5.0959736484283,9.226631473392272,Vocational
5.1868439525355114,5.077060225605107,4.292049984521301,3.771265668653178,6.989495714748216,6.12488138566668,5.4891220839654435,3.6398882897970353,9.675284434090338,3.0985626694824417,Commerce
5.966643372846913,6.05987558015025,10.0,9.687098660942128,8.473639313738312,4.276001117101258,3.7617483091793984,5.071370987578857,0.647497940407602,5.110168857507007,Science_PCB
4.7539139942480695,1.0261253081980115,1.7006395448889111,2.4813457920750084,5.151296840606753,5.76146334958942,9.565143196226773,6.087783274754078,6.441292030763482,6.866822376367437,Arts_Humanities
4.793082354341459,7.834712081639726,8.38581361781519,7.766118691826689,8.532640952169142,4.333259137888939,2.2092991498158785,4.244552053482461,4.075324639507588,2.769859571602462,Science_PCB
5.729810177280168,,2.000350378813449,3.3336916590189496,5.626791694251704,4.257724193895572,5.6102416796057435,10.0,5.545116921083643,,Vocational
8.177090066763814,3.961989073871125,5.550607362994922,3.4441765921562317,7.239294617135616,5.913399844421645,4.831021508930607,3.6192381480551727,5.821312368738393,5.673219937930986,Commerce
7.3583915669389715,6.333702848756011,9.609202461729799,8.434820959914838,7.810278386127562,5.952314820337524,3.1972940690497396,6.990065099044719,1.820981919375329,4.505599935046107,Science_PCB
7.742981038308371,2.515295699821443,1.6455329974640498,4.734666452661481,7.612481862630554,4.746416099688415,5.799094809612868,3.405456454286454,4.3505915491645215,6.063867850713763,Vocational
2.1010571022364646,1.8422092138901394,2.5650570352481767,2.7298311546635103,4.510655925285178,8.919152942625969,6.413326838104057,,4.065944545035099,4.271651354618187,Arts_Humanities
6.614373459623596,4.554342469333038,9.585990092072901,9.04198525275448,7.274123982714514,5.2709230233494315,4.020402880802576,0.7800261188691251,3.3929356840311,4.352639802808251,Science_PCB
2.108962965284465,2.211226504558166,2.9786430373551838,2.4887126688712105,5.697445928276079,7.13994745024937,10.0,8.134666031653644,3.450752423166281,4.622864941377845,Arts_Humanities
8.02127635617556,8.444022216222663,5.24730693772727,5.717085798043291,8.181138800275257,6.510538848880268,4.065195896806604,4.010997107400871,2.8260301461291464,3.2126354491190234,Science_PCM
5.958201246345328,6.440692863617274,8.019389031228593,6.724716832072189,4.157671627977704,6.759362691500626,4.082802617483293,4.2670842088225625,2.8216052876128677,5.456987540939371,Science_PCB
6.758043002813316,6.749720870006422,8.182372488266612,7.287106664641138,6.4441663260302375,8.9251629807395,4.222685640689275,3.897059426243135,3.605145806416164,3.185870406786787,Science_PCB
5.9737389884515455,4.677085088967607,,1.7235493800687234,4.040957518021677,1.235792475438719,6.748836062949609,7.985601837902473,5.510664084079383,8.675649634009465,Vocational
6.260006900683732,0.05470938851237106,2.5573420764586094,4.350132167199822,5.691868965048303,7.4295075542916456,4.394968581974016,2.8022229153761105,8.407120976038113,4.041035367476889,Commerce
8.300209364329376,9.890265235894695,2.406587512507861,8.471904943833023,,5.421672599678327,2.106448682022715,5.091530836451776,4.878663744004494,4.89943696623289,Science_PCM
5.289617525187611,5.431995839618644,3.1344943143618065,2.773036784156564,4.51120363784726,4.066788067680733,3.8733351764205075,4.6455470138776915,9.774303899339463,3.2715430598511386,Commerce
9.000549318952931,8.723493475576642,3.3853434010512573,9.645595293550388,8.386777577631737,5.10079181616505,2.5204141455354088,3.1580585282488123,,3.8445634927998062,Science_PCM
4.498482022103006,8.004477317638589,2.963449102718186,4.584694707178137,4.50380854371493,5.186072389599225,5.632023875907516,5.235646752230073,4.928887640215907,7.336136299141865,Vocational
8.627402488329198,10.0,2.5085489207490803,7.421315989016061,7.461552531639123,5.043017844313719,3.8236140835156553,5.600195281000048,3.4148232842306463,6.636849304135157,Science_PCM
6.780696526720817,7.367947630091239,3.5462947223169614,6.866884281405575,7.6542672934727305,4.623523799758138,2.5739618162634788,3.3566374827433747,5.96612274045888,5.386764392541221,Science_PCM
5.501350903943387,2.9589398260229296,1.9996063837369935,4.996679164015422,5.024288754838708,6.5632337069372255,6.209246583785693,6.6602453285380925,2.6089704407110785,3.690332912520328,Arts_Humanities
4.437174082171045,6.548101878882779,8.377780273689298,6.637874124172206,6.1390817348780296,3.926481653882375,4.77249374360836,4.602202970391324,1.8783599745547488,5.5511120744826234,Science_PCB
8.374967381999667,9.466424514554094,0.0350408010165002,5.054369703125675,7.300247625536152,7.399532526736428,3.8673630777950856,5.497512412599595,1.5177908051359004,3.544603362148316,Science_PCM
5.267969899275605,4.1202553992433115,2.581370582770425,2.657056437541072,6.067020932322447,5.008948453253641,6.057444183184083,5.970802790545803,8.397034746715585,3.736556308709729,Commerce
6.338646493959458,5.004856108645076,7.7467278887437905,6.897522002286985,4.591453779802638,6.620286042464377,5.049071698437336,3.588252605307006,3.4526639207282646,4.154797382981993,Science_PCB
,8.008801797205527,8.245690969950005,7.837073933995381,5.28222670686115,4.918805630571776,3.7736950720260207,6.561804980247826,3.2885776109791527,6.298836469550899,Science_PCB
5.467471801799257,2.959259160047934,1.9072604654695047,2.237939120447334,3.132510739646237,9.22860510840337,6.415698343076565,7.872880131190679,3.4031986478864056,2.6452855215006803,Arts_Humanities
4.92558748301927,3.9539833903033488,7.374592364853704,9.165734013403876,7.097209825876165,6.0864134688149685,3.1601524306750512,3.6426529949747497,5.180840284838034,4.255350585833595,Science_PCB
4.96773135380703,2.511979786832197,3.962401396747824,2.0596649426080984,5.584719786273501,10.0,,7.999758268905556,2.46481460429103,6.476137959141932,Arts_Humanities
5.737105979141038,7.665227471414552,7.1019543163955365,6.299885338763349,5.489529711920244,5.8253869744642905,3.58577829249372,3.8962646349994654,1.6817100492491368,2.8534248493499046,Science_PCB
2.9791001295735473,5.255529899706039,1.7774224773270402,5.100059355132174,4.178536191521298,7.9986827977024,7.862745052478575,7.053152727000789,5.541764407262214,6.449774836397454,Arts_Humanities
3.2670899273058875,,5.421441332625053,2.0889696058053757,4.5600901944598355,6.495732756827911,10.0,8.957305728991193,4.362223660014577,2.685071044801056,Arts_Humanities
6.372571611482105,2.6724598744062145,3.0943450047683245,2.879355792169979,8.098519922687366,7.21104736952085,6.3707704471913695,1.0330072785572333,8.413174717522546,6.7081742467767445,Commerce
,1.150608821980395,3.2397233474907514,4.359579769288907,5.460759685710392,6.7267875830264,6.746721646713855,7.201001045163883,3.5158615643943936,4.7668004192138715,Arts_Humanities
4.024472625555362,3.19234600505223,3.2520641588494663,2.4496845863045253,5.043175751592874,10.0,7.498057303052328,6.77463638888995,8.782010340878593,5.047317293198718,Arts_Humanities
7.03198610541383,6.259009453624011,10.0,7.721660641825544,6.622914493881573,5.505372747451326,3.833439571976602,5.0658301443223825,5.699724723616731,3.401083395529161,Science_PCB
4.4481709526466195,3.414082157313545,9.202792353831198,10.0,8.806428336154081,5.165486749154626,3.5114988987060296,5.654018133819087,4.458766425785379,4.053403565526592,Science_PCB
9.170033523771053,7.249199446437654,4.656781382023611,6.184136202632004,7.672400131967094,6.203471094045891,4.4918044270380175,5.082529173117065,0.8087234873997491,5.699444771906727,Science_PCM
5.540974769156852,4.541531883966249,3.193346628696355,5.17448589134084,5.616218280743141,7.107899274537995,6.1576505838959665,6.452082434420551,6.281371501765438,3.404069243080895,Commerce
8.086721486782999,6.872893166779546,3.1549936194656096,6.257116015044241,8.283994805465348,7.946827344265264,3.279364264653508,5.037930012347278,2.6980498710984944,5.098427274343884,Science_PCM
3.422222119068972,3.7947607463356707,5.071980010489799,3.1751594565728194,7.842135385650458,9.10563336416248,8.775577314703096,7.826932490323164,4.678408267657912,2.8733895787265107,Arts_Humanities
6.556929235786467,6.17733039302428,0.0,2.8732458024082157,4.565368858569567,7.655796697823846,7.956099409499299,8.555286828023165,4.353659120941612,3.3158206215400563,Arts_Humanities
3.8256710107173664,3.165809284875515,3.225777055479403,1.7646030818744811,5.882931696976154,,4.710172201274401,4.243372732674741,4.5043185704058795,9.285902518872067,Vocational
5.162501759250493,7.260745833609269,9.636560982594784,6.223517200263956,5.887815611218851,5.641312798657433,5.743972087070363,2.0097652861903077,3.3618328214416557,2.7111436689549073,Science_PCB
6.06681721061222,3.0737416185794237,2.789225141362907,3.676053780819189,8.23352999511177,6.188372087909958,5.568395698684795,3.3750090414715386,9.431620386415101,5.776682932333768,Commerce
7.975382083101939,2.702394672924105,4.145200502158957,3.4753226204148797,5.945003856625622,5.414005624497552,,3.505375035033358,8.721031608530941,3.6928754775892054,Commerce
5.510392238413457,5.850064506750463,9.883605842121337,6.228026855946135,10.0,5.987834721616757,3.995078028688975,5.182624766164377,5.440277417931135,5.530259635174389,Science_PCB
5.760003796101277,9.000007070448266,4.58824726608287,7.837925935579174,7.356464844422241,6.375932711768085,4.618688620349879,6.526461122138811,1.861057098503655,4.70560904009262,Science_PCM
7.010381497392964,5.173321315260514,2.304461709399113,4.705394431395428,7.769172063720169,4.363778939187894,6.296048396127985,5.746064629914137,8.163655697696331,2.425994349217359,Commerce
6.335012290450643,6.861283968715664,6.520991500209522,7.199622416130663,4.89630454962609,8.680213216583422,1.4266621567797197,3.1378077154692336,1.647218888706044,2.5543413802602553,Science_PCB
9.969129111325868,8.798328930246411,3.777851161197348,7.675558745350454,7.073461023088843,6.410940103917461,1.7374418375354796,3.4670207083374285,4.694634588150514,6.092286211502457,Science_PCM
3.3065957881399344,3.1899245214521175,1.7536756319490558,2.6721624581829713,6.4294374583519955,8.787712259940836,7.475134637864751,5.9812563198865325,4.520492796677329,5.2293426361252315,Arts_Humanities
3.044869080842537,4.403990292218843,0.6493884723281385,4.054799598882756,5.731196187382538,6.668717019200396,4.314807840773292,5.51470344234545,6.617134810638505,5.614128441768362,Commerce
5.003694715855491,2.4476273057302205,4.284769724033456,5.049016056445189,7.965786625558496,8.845109628228728,5.675005267219375,4.095440982498928,10.0,4.926990066407063,Commerce
7.2258424829425625,1.9406385241749162,2.7681431351358268,3.4478387248556723,6.930199467215199,5.685378972633708,4.610041204523789,4.628590122392044,9.808307620905675,6.973685000849091,Commerce
5.6323667970342886,4.163566670618412,6.790462162800921,5.704486889061994,7.638888366921467,8.183062896353668,5.271195717200277,2.0352192411101164,,5.717320542119041,Science_PCB
4.940348077623904,3.640599471193811,4.6226091600505175,5.562635469161616,3.6643486332566306,,2.6497635283404297,7.675219886178594,5.194776008096403,7.845188573752041,Vocational
3.331555020144174,7.07083720515693,7.716128193662895,6.990106183203632,4.586146477477785,4.617326891342423,3.490162514379504,5.70949121490976,,6.654588956302246,Science_PCB
4.504512166820472,4.365770280400805,3.682683340909646,6.883583813125764,5.5115372028420495,5.922128959658565,3.7223657763334446,,5.016318540043371,7.4936271755958,Vocational
4.9048062226426605,2.8128362580125303,,3.7797748080988467,5.416818647682865,,7.909982184139557,5.928142303914758,6.755596151268558,6.510594833992647,Arts_Humanities
7.021320380335277,3.1620506037476046,3.017914653807534,4.851923766952932,7.42697673917033,4.24053700248701,3.973933069434155,6.093107337063889,4.184070838369017,7.754035035719158,Vocational
4.198731924456002,3.904612482834811,5.315671613532649,2.965849741426441,8.464541205500154,8.302186878785875,6.796718688168378,6.769306562356844,4.015429289599831,5.269765296499393,Arts_Humanities
6.530818791468398,9.07785739238587,3.5263116139264215,4.913147378727662,8.46841340109794,5.973894835743241,4.222897855970096,4.730439777033513,3.3786008419015934,6.9156948099290245,Science_PCM
6.687616211045269,2.60028799638312,2.6826403967215953,3.473877087111464,3.9405187594665914,4.990296733860625,4.041964120339044,5.493340690788907,8.81896143314414,4.794379560096126,Commerce
4.290699378371619,4.249504377833206,3.024324481321309,3.06342323654502,7.03559479373949,5.037704295521036,9.266155652129843,7.06594972620838,3.313986438080292,4.937507491558774,Arts_Humanities
5.734358828950035,5.297024398007608,4.662231724017337,4.405686351302567,3.980950112476876,5.397442209779934,4.4982045957031564,5.372441322379654,4.616973411648174,7.602665668092507,Vocational
5.739642288286114,3.4482928176148695,1.7784596045132182,2.6710836656146224,5.868332093163997,4.374525555976695,1.7275120614252981,5.501247274031529,6.520000592467194,7.9133156277866075,Vocational
2.6334712685527824,2.5131735436684366,1.7038792788843995,4.223796535637448,5.379934331110757,6.894740476312378,8.61994528018613,5.935319720635912,3.1564558091014714,2.601826411192685,Arts_Humanities
3.882906145448813,3.2875424309435175,2.9590893423535127,3.438980124316103,5.527699737461645,,9.36204609538545,7.717299273860293,2.722623241307402,,Arts_Humanities
8.172429408331048,8.19833126573321,4.912939564891104,3.663344026789313,8.19209465613741,5.729466147784181,3.8847921865932293,4.016511044282323,0.7162616827778425,5.426394128828343,Science_PCM
7.841416495237436,9.654747599381063,3.697186059935162,6.4986810240198905,8.192619654046133,3.462669782238919,4.005016461107004,2.2122395799958947,3.9773354055860928,5.167208070238646,Science_PCM
7.861485094982137,4.8543900183331345,8.78267253989424,7.453427829334258,6.869613032323569,5.351381181593828,3.6392365390123134,5.602346366502809,4.791057107157168,4.4970746821445955,Science_PCB
6.616759875631057,6.270075776898361,6.457572934658197,8.501908416723193,8.647910629045077,4.385670675089341,3.488385971740438,2.2570394593899854,1.3635516024103624,5.862438450902428,Science_PCB
5.265755643566846,3.8850204600173623,4.288866921312767,2.424944403388977,5.993723116040407,7.628486448506524,2.983198532190631,4.425159308872975,7.9419212182882,3.826021184918456,Commerce
6.134248344625436,6.68470745473595,9.237321919125602,4.987634272777207,5.23067799372029,8.065577867857773,2.138628611899853,5.294093340477696,2.1069810918344,4.603574561047834,Science_PCB
,6.993348727152327,10.0,8.516766710823163,5.091257112170498,5.197922588810197,3.8336246954059883,4.73086845200067,3.7010959188257364,3.307836369601011,Science_PCB
5.1443990377203335,5.2511535726230125,2.741055551067046,0.614198300621458,6.149115438859925,7.569465487732206,8.329566287258114,8.223031082450316,3.906689841226722,4.150492437253227,Arts_Humanities
3.8941992341731178,2.473363276750233,5.033955461294866,2.317657939415348,3.491526183544914,7.117719039535228,10.0,8.581771809894253,4.168479651542181,6.285231684132617,Arts_Humanities
8.28741145028409,2.325472701609007,2.0441577597115685,2.239236517759627,6.420504566235794,4.715034142560766,4.877912956814904,1.7019244302894299,8.812547760366517,3.3497206836168587,Commerce
5.540475308828471,4.8969175320415665,7.13683086172413,6.52235287025202,7.288771915314287,5.464957412634231,3.779946931275374,5.151057073609945,2.1844827963080573,6.405358218848952,Science_PCB
4.3873173072604805,6.522935509901191,4.428674911806231,2.806296498872952,5.152808300101984,4.194358107069408,3.8006234946974526,3.7767241967818035,4.119091769993041,10.0,Vocational
,2.297403981162616,3.185871097688918,4.376458807272633,5.380356069886956,6.558506204326551,10.0,6.097829407662246,4.415889893985619,4.950694602833297,Arts_Humanities
10.0,7.773575446053555,5.1682538944553755,5.565137092883391,9.26343691684363,5.915220342928597,2.370238577775783,4.7306149490280225,4.576274487881081,4.579070784427419,Science_PCM
6.280408328051738,3.4455043753849726,3.5603708403795467,3.7982039599401975,6.076821332932522,5.666679309216168,7.701896112991241,3.134454073646889,9.055927084543669,3.583687035008137,Commerce
4.986032058468697,2.7566262406548807,4.002915314682821,1.558229444927683,5.9528031281031435,2.5903008048337544,4.001413868811666,7.1634059988840235,5.295593985177943,6.360641709158409,Vocational
3.1798670383170498,5.23688940258605,3.427370131158022,2.142380382969982,6.057162015425057,4.150264691595023,5.189864403185711,6.574262278955179,4.209256771993009,9.322698193751465,Vocational
6.1243134982652965,6.53004688050345,8.083297508161188,8.523727515701182,6.9407744352190965,4.866752370940269,3.09454129406798,7.126831608408581,0.7445310933409375,5.1497245355845385,Science_PCB
1.1496982064342562,0.9958402520425866,6.167625510892282,1.5797032210962496,7.355164295710971,6.785687241357126,8.262807317353772,8.312770737479875,3.4337472194448644,6.569879676486771,Arts_Humanities
5.933613715127066,6.241167298560167,9.393948229861717,8.209945380160182,7.31543755272102,6.223601665380821,3.4445119749042803,5.03675881378912,,4.980617703330869,Science_PCB
1.9827406467486526,5.580743781140773,3.0128329478017526,3.660157511325652,6.580230683176599,6.316113500557979,5.1948343412758575,8.506494679283156,5.65349587427446,8.892877502653993,Vocational
6.527511520056024,7.273460943502765,10.0,9.811817178735769,5.873659019742729,5.518067672132265,3.514661005604258,4.37250436090774,2.155958204506823,2.568769395799607,Science_PCB
6.347002806837147,6.808081707057263,8.451575971682235,7.756823167285755,5.459260045307987,2.657625427624262,3.6951054694485315,4.921187333153788,4.572043938952991,6.542736560907078,Science_PCB
7.887963720777717,4.450554295775563,10.0,8.828007025775932,7.750532564320084,4.388519784819104,3.69706679826538,3.8878021661616824,3.0377514429568793,4.175166063188772,Science_PCB
3.238962604145137,4.698922323523519,3.315922829752651,3.0918748088277925,4.743959016305832,4.589185229060725,5.791060519188475,6.5974732482929666,8.764116419763349,2.202409912079326,Commerce
6.794616341684069,4.785489216607652,7.325405219450846,7.401497080602228,6.413472035588761,4.020175254950774,2.9258006675751074,3.8831331862952494,2.1265979383104323,,Science_PCB
4.03271002320597,5.29778397316079,1.0574611322404888,5.009874370244113,5.469874522493057,3.8668193508195845,4.197706840719256,5.793044895035105,6.686494888624652,10.0,Vocational
4.289949813508615,5.14277401397674,4.148960856880141,2.9396791362594827,3.4597294377294645,1.8703916922130777,4.5908121371457975,6.387451629326994,3.4636839490518616,9.859842032316772,Vocational
4.97561205274928,3.438915005393293,3.8513634374060106,3.696751329011663,5.1866827830789015,3.8338797158176128,5.7024782215187155,6.324844294224832,6.34641114645652,10.0,Vocational
6.559910893823123,5.087702969853183,9.495742088544104,6.509411019024912,8.417857916914572,8.373833140611211,3.3412909456371906,1.6496934619503687,2.28750518678173,6.101437674576094,Science_PCB
7.398326021662521,5.9003718061848724,2.663699126985586,3.5451178872847593,5.3195193647757995,6.04963287215937,7.724849638612238,3.1944951160307347,7.275245531593996,6.09417121733869,Commerce
3.2930863832811634,3.5917664480425393,3.0335012518034885,,8.738112387014333,8.112775510050994,6.5205791937249815,3.2492997309069205,7.833106826044234,3.8767020109929473,Commerce
8.482259170666115,8.912162742516436,1.6543984517471668,6.984289953975252,8.226102981327896,3.9193417986646297,1.4674786677707048,5.39147374585706,2.5437619031166285,3.6710356338584713,Science_PCM
8.775092652633566,9.152312147438337,3.6379967216919646,8.560398135737119,8.876166904044245,5.037592189757655,3.936593634012931,0.6902273113913915,3.497751457300564,0.25706332722078074,Science_PCM
10.0,8.828793954167004,2.0913904428476298,5.682167423627481,8.542616720739138,3.9184718058045336,2.6275176393844446,4.905612313016617,4.501905646938705,5.791389913891772,Science_PCM
3.7527102061799713,3.439537697958229,,3.327943543204462,,8.783816827635302,7.695121955281708,8.423177258739504,3.3217950591643435,3.7556633528923897,Arts_Humanities
4.41675863100158,8.806256713916284,9.110772400166457,8.42689665294863,4.909358445424996,4.430487369997168,5.109248794294349,4.872958453780386,0.512086344722396,5.849776907678965,Science_PCB
9.699431639624208,8.858048739327435,5.491378339756034,6.007528887496141,6.707105973246835,4.207364358956345,4.358575336512968,5.147299814550192,3.1329336575416407,3.5401558361607313,Science_PCM
5.866638269928846,5.634810199509528,3.4047850678581595,4.068975290251038,7.35783946226574,6.971370899605579,4.332576920561536,1.330161362086491,7.879742827376494,4.989229183645452,Commerce
7.35853134835301,5.9643679284055935,1.9384658400654375,4.278081712343061,3.0542157728995067,5.672216605719063,2.374255419910399,4.955838279307992,4.995838044759296,9.078508529483315,Vocational
5.240478627919077,4.507726262252988,8.61561620315607,5.596107921192335,5.664600224306042,4.52409268254459,4.597120792159023,4.028605764432008,2.417773664690601,7.041100270034621,Science_PCB
10.0,9.766986780384295,3.331777441912637,8.755812657238454,8.515669134782373,5.763636459967113,2.078487218399422,5.016088695848492,3.078501706951742,3.306552248115196,Science_PCM
10.0,8.046249420080013,5.279798334711405,6.87871175545046,8.670375173859988,5.975116814435685,7.632509783177796,5.606671247298226,,6.259697231358615,Science_PCM
5.014809356250621,4.031628048214473,2.763311116111523,4.656573250059514,6.514582634793092,3.0303318045432626,2.826009929291697,7.24086294230732,3.2123267899648256,9.21173288396923,Vocational
7.874386538974964,9.869110021891402,1.4892966334454267,4.24834921633831,6.079601300784734,5.53784293054967,3.5401924614425084,4.347105887947343,4.578446777607052,1.5253152369661804,Science_PCM
6.888717348323637,2.3152950646462265,5.250857376342046,4.197191861870754,5.498409593004892,5.631248993103113,,2.3276231897100086,,2.760357940897765,Commerce
6.492539985626226,3.817514266199744,,3.872053425320612,7.302641591303322,6.375852504697463,5.91287335808118,4.257977618536646,7.659213408576557,4.679743566992886,Commerce
2.8319478857421196,3.910249739880764,4.863791543890421,6.041257036766572,4.4947155730922095,3.343231872915757,5.237680359481597,5.190055936606973,4.650848706917988,9.639326532158305,Vocational
7.72396779104769,1.0987835383036058,2.5925464175113277,1.938024694305662,8.224432028471732,6.817561766958681,4.5018657723491335,4.544405326603026,5.110424812210971,2.5895503055064504,Commerce
5.948663161173133,1.094842646967428,4.469930434908374,2.3586609710200372,4.290609814568889,8.798810827495775,9.728436982719977,8.689848902640508,4.77931785556323,4.671544491728011,Arts_Humanities
5.1519759248382835,5.436544919784039,9.127102108532188,5.112536736912405,5.972305215360205,6.775394638299383,1.241351492219256,5.952846456013103,4.964477536266875,4.019708060829127,Science_PCB
6.503913502969172,4.018673525161004,3.3948652531867265,5.693841157048346,7.433206468678475,5.121799933122253,,5.660085386864888,8.909457473297326,5.470851681653548,Commerce
5.18341354575768,7.7187766623020195,9.326596339745713,5.952371118905138,7.2099820478000005,7.642545810371043,3.2643996550892886,5.082029539123589,3.709642489060889,,Science_PCB
6.504578000300633,3.922086149197505,4.452237554892841,4.993043888154457,4.865899359218069,6.810148943065613,4.39781898796161,4.255278850140363,8.918328779763042,0.0,Commerce
8.87585521829698,8.820674693590103,1.1056974341876336,6.584427418735508,7.888515549419366,4.669458797283656,3.142315073405311,6.443423704604715,1.8744195495987839,6.258761860968925,Science_PCM
4.179178511769312,5.321089976594741,9.515535566790865,8.86843774290023,6.908069730758198,5.558055765252506,4.485858942437285,4.671337955114066,1.3184436828601114,3.4431337679677654,Science_PCB
3.5878614942732163,2.150849221902101,1.5524110002600797,5.018077108661215,6.047834179163102,8.588979437662593,10.0,7.922558163542189,2.806982173369958,4.2453253525091315,Arts_Humanities
7.258770637729932,9.266062366682622,3.9081362489829568,7.132503653584455,7.508979504564052,4.383032175851759,2.801038650026071,5.205372802279548,1.7576872823781826,5.568765923205831,Science_PCM
8.13236552610816,7.861963490190651,3.290058623928016,7.801858459596714,,4.145936077592347,4.936082980023289,3.9639620661338504,1.1581052796240636,5.576956522198036,Science_PCM
4.9286974326490425,4.2529314148012665,9.04647076359541,8.209916000080858,8.417613588480135,,2.3216396229396876,5.097870346200102,2.9074829144909873,2.048509906257533,Science_PCB
4.625203628046284,3.5972272193447097,7.079650380375339,3.798376181351718,6.970219135131533,7.600806323491739,7.209213913933533,7.091387341996276,5.425548222746426,5.028876211277928,Arts_Humanities
5.2539805944610904,9.941291139643825,8.204211760027814,7.831751357282822,6.482888711877729,5.984023228078397,4.586299406252118,4.351908689030991,5.3097358012529075,4.810894070023499,Science_PCB
2.7169112376192004,4.737300158661498,5.4022626957593385,3.3428710770428585,6.421431682476806,8.997683971367762,10.0,8.446489083061243,2.7740052393298607,,Arts_Humanities
4.637044064705116,4.542334682870582,1.7306992299038642,3.216296522088674,5.616135385463933,6.965534696456981,2.745164877717467,5.658182759408295,7.619912548104186,5.585952283210171,Commerce
7.9271518519593345,8.041739976162216,3.3495874819821814,6.194434285632802,9.112477181419909,4.806511948685858,2.964870181118928,6.271435431744344,1.647238131733837,1.8633855697916628,Science_PCM
4.675369708416791,5.526243056516486,7.953339153532042,6.806065278443029,7.0093691784892815,4.804167763380248,1.5988053996896014,5.51383049627961,3.978733817293545,5.59612660302947,Science_PCB
2.4678238349986223,1.7013937935138561,4.018546347732487,4.913175290872141,5.698140100026382,7.464831063779908,8.791642592075608,6.022132150732543,6.201626103497403,4.742572387860437,Arts_Humanities
4.189198447843459,5.089890761460344,8.048402316321909,5.642539935505838,6.45067072236163,5.654435501873772,2.980586375935043,4.147210559188758,2.974127827821439,3.647533498837992,Science_PCB
6.5037446021587995,4.1374791792224475,4.952749692392997,2.1287049653858547,,6.705313353485105,4.766392790910386,5.518077495854185,8.256381012824821,2.7097073502536535,Commerce
5.144184805436901,7.027442756320115,6.507275658141481,6.827881507559332,7.889249287052595,4.7016897920523215,1.4085512779490363,5.369121946233757,4.460023019574001,4.441506230064092,Science_PCB
3.8473760921138758,4.59248113102714,9.012979247781702,9.89735133741255,7.511842499108717,4.997034484153372,4.496039156905369,4.18865177373723,2.5082292174265315,3.254003162596157,Science_PCB
8.076791485024609,8.662867723019497,2.8632086254738676,6.486182611495487,10.0,5.351527140688812,6.489465820948515,4.617965332877825,5.320913912492146,,Science_PCM
4.352723392574631,3.9372535648647373,2.8080471713922086,5.470266756148153,5.1352558955293315,6.284176134733528,6.818530331242918,5.039665122089216,1.2027060908939866,9.857862406252655,Vocational
4.569385323084397,6.1301857861980995,6.555641673862023,7.651408939566848,5.786806784103865,4.9247851742949855,4.858584065502461,5.113612438891495,3.738932381947265,2.197433710090578,Science_PCB
7.937574098330682,2.419224591563503,3.188716814516116,3.248891119979783,5.91809347941219,4.380145091075779,7.333991710605866,3.4933425288453614,9.833893561199593,3.1922104095382355,Commerce
6.783364320595851,9.11109144917623,,7.822715288989499,8.486169720396349,3.7106962511986676,3.0889429840444556,4.974972864682898,3.7968549946169787,4.816715733322256,Science_PCM
5.193590092770183,2.869338512141542,3.0696343090862954,1.2192034952242121,6.274472278725232,8.878978600209916,10.0,8.81046534171877,3.7279360723575445,3.1949786412972307,Arts_Humanities
7.626442327005833,5.383614232176109,6.640111716688624,4.485603140306977,6.211991270312511,7.765862381460732,4.772992636586508,4.63999221534346,7.657954063998192,4.517379924831746,Commerce
6.218999823132818,6.323587678277539,9.81126886274129,8.12978947102295,8.583042743686477,6.695250779641081,5.4782105885580465,4.966434909078131,4.176837221942141,4.100734804988479,Science_PCB
5.58225471095158,3.2384533074568247,5.648266266047758,1.2093996918953036,5.694920139301061,8.075273579355004,3.5943410564564005,3.6631283471538745,7.812249953162069,3.70972336132982,Commerce
5.298330623607879,7.860194724471658,10.0,7.816418591320701,5.931540696994048,7.5479896442662024,3.4206774436630694,4.664014755360267,2.5585134667114606,3.3432725758136432,Science_PCB
5.808044604145242,4.324148926463875,3.2649130456385005,2.746646549276181,4.197739633746366,6.889593069195891,6.9366502808441854,5.996558729380065,5.365980686620805,7.224884525851875,Vocational
9.365000641664622,7.871968870137749,2.4497121943426,6.896366325821681,6.306465235854561,3.6187537858499867,1.7804905039392769,3.2035791241180736,3.5197064947404675,3.822877228031921,Science_PCM
3.756674727311977,0.0,3.9529696709056936,3.374922472193341,7.483645760363481,5.355066703075126,5.955276247216084,5.600025501936221,7.918297270331574,3.4460887586996147,Commerce
8.713616857196492,7.167362906587947,2.6478382848077815,6.693030880688619,7.545295915391309,6.130622029046247,3.8099048872886527,4.3848018711708825,2.4404041664994542,6.035507239675996,Science_PCM
5.416782543261318,5.27937208708549,4.216276971729371,6.7140282471837,4.527783524319017,2.394749133534775,3.1342811051070187,5.085252613418931,3.733374982398016,8.621759101938311,Vocational
5.4343837053841515,4.841011708926353,7.536675846287436,6.4844516660088924,7.679068277984809,5.198236602356036,3.2678564417379903,,2.815348509297178,4.138270101005675,Science_PCB
8.237291780993775,7.248737659499048,3.3287502594608687,6.3448549361662065,7.683514091157014,5.9048886845944715,2.977409645832034,4.817335705671858,3.3551652297077594,3.518742298580953,Science_PCM
3.919846283500596,4.162427479251551,5.458327449580384,6.126749597445505,7.815742065673398,3.421951908382732,1.7214402998707035,6.82816814260279,2.17255513519727,4.917359811914286,Science_PCB
6.680159281450676,4.674390228025047,3.646277112501922,4.191061781465573,4.719951639509911,6.363530309909934,3.540748178675166,1.8956201317797454,9.462835522795997,3.0209382880717537,Commerce
6.230399188848545,6.68214357967078,3.2307775931721667,3.5292243849998575,4.336792885702055,7.943731562380599,4.847237332377377,3.658838068768655,10.0,5.505689469434744,Commerce
5.744447221687528,4.554240697251754,5.341155706778694,2.1652223097007535,,2.5006098233595466,1.8620871655232611,,3.525203393280188,8.449617636741657,Vocational
8.19676940657332,5.244836983205184,3.8226908720570907,3.992007021080881,5.88565323372447,4.860539149248725,5.218976109681445,4.631820043426834,8.79829341677806,4.610397277120574,Commerce
2.9509007219896075,6.917760670708461,6.342145754154405,7.901439059902615,5.846297027835192,3.9922089285029454,2.925516977796403,4.261713176644562,2.1625292744976172,5.265314261679696,Science_PCB
6.226402345159086,6.726069736089832,7.6643813594670585,8.211258997071143,5.948780389165678,4.708615999261076,4.965026086175988,5.767054997910264,2.0817118472494696,3.546350753448647,Science_PCB
9.007591411670047,8.645245944642951,4.184609457939631,7.258152206885972,9.136199120619931,5.163027962890392,3.5815077942077287,4.639794434069724,3.2796275765647467,6.004301749857589,Science_PCM
4.26891451245853,3.320034367023066,3.102861846042133,4.225321683963298,7.2651108153952,6.654497100816872,8.041814282113432,8.689602081686486,4.3315867708803735,3.8585988909068267,Arts_Humanities
3.7624982592080283,5.20885511513338,3.8582447686513093,5.027107526179428,5.0760047165342,3.297845491249861,5.694500434938849,5.280516932513487,5.242512472610172,6.485097709150013,Vocational
5.849753769261332,,3.71926796606611,5.474482139215602,,4.15146519906829,2.8056234071091795,5.495135758363443,8.346230712855384,9.511313113343574,Vocational
6.041278592580642,4.582418571684379,9.320657149158048,8.680911286447495,7.164927069184595,1.5170861737938854,1.8384851284746555,6.9520459061229065,2.2895008690631085,1.9206138099323051,Science_PCB
4.082875156260529,5.826095441358828,4.4883541494624515,4.99755832105161,5.779358620779503,,6.153190755625154,6.368028595154084,4.85100393329958,9.662942287149189,Vocational
6.047376843574202,4.599377978989319,0.47629164322345696,3.004498099986842,7.312591460074469,4.613110678314746,5.797937685219425,4.5857668540378045,10.0,3.700822948954871,Commerce
7.101981958380217,6.605005244411075,4.459234367821719,4.921452369918757,8.427479685255392,1.465285638238098,3.8963636210951744,7.103039403799582,4.561526889805456,10.0,Vocational
4.870403611146289,2.637041799040717,2.0144790021771777,2.338067077948489,7.198906590774051,5.189732060071142,3.3798933383985474,5.266316863026648,3.927122770891466,7.348380418705078,Vocational
7.913200213746286,8.093622934492167,1.3160564601941542,9.21791928556593,9.95535088504379,5.885990631956946,1.7491566865865646,4.773866941042006,1.5421396401775684,6.901061842515369,Science_PCM
5.619355750383005,2.604862108498905,3.1982985020341097,8.064024825630234,5.521452284638748,3.535438227363646,3.1889543871013672,8.303728678458246,6.102087336450994,10.0,Vocational
5.347882876716526,3.678911986769484,5.500715386549533,3.078900783892884,6.379224311822338,9.093170343931847,4.784979748115678,6.85907795360766,,6.316465093624404,Commerce
8.17125411978682,8.730954733488842,,7.458415365092324,10.0,6.106030960856504,3.010924265081496,3.8407631354432854,2.466558034651358,4.669848518537885,Science_PCM
4.684926561409873,3.3948932981723483,4.203762591461775,3.2651992994439287,6.595618971858273,5.884629851484444,8.329344482387699,5.700999558000738,4.8597126228863505,6.634509228609807,Arts_Humanities
6.387313130058939,2.524715208685228,5.321306973207697,4.652874227438964,5.118145157506513,7.166373491460597,5.835004437659522,3.8283878094328396,9.485613482396625,4.5060970084357335,Commerce
4.041018368880154,4.147693779645088,3.131964389647042,6.436371469819374,4.987559313947886,4.947395281049416,3.750052143580808,5.233525491406105,2.7843183009475907,6.457223877845578,Vocational
1.580826636343939,4.2588416823533635,1.7268695868388093,6.11423641288038,7.561907889237561,5.607519832192264,4.189992331459445,4.689580582415192,4.1451446983417135,10.0,Vocational
6.841607779660702,6.526726621795476,1.8047120281979052,7.646308967269893,8.685153456891735,6.397630960288099,2.9445715597625055,4.706101598399728,3.813267512157538,4.59784949836369,Science_PCM
5.065227957124233,2.3832610260244023,2.411856250808942,1.57799871631333,6.049946767149521,9.787380024908357,7.976003980692012,7.219767612938644,5.893121391855794,2.146420584334194,Arts_Humanities
6.46282427469393,7.058354724769338,2.2437622460370794,6.524889527651507,6.711312334817983,4.6831175594446774,2.552806369162614,5.502993237690495,4.0518577042873165,4.810446404484539,Science_PCM
4.1654138836652255,4.495290886046689,0.7020788159892728,5.623745206929842,4.947129243642458,8.183423996810781,9.242883993171247,8.44396777295022,4.856049119737587,5.796599958818278,Arts_Humanities
6.443420378314339,7.020440575294294,8.97224200302179,7.4058639595202935,6.209122255324776,3.032683825948055,3.9415342967273563,4.741868696747845,3.724848595672261,2.7611931987192375,Science_PCB
3.2783410574091647,4.825323668356651,4.89902753261429,4.469361275759591,5.37387964518858,2.6170886149247092,4.424119981151115,7.6031014042112375,3.3956477939990117,8.181828674055748,Vocational
6.130606297183369,4.5991702724724774,6.827020327302713,9.557678280805334,5.799476286086705,4.142872707090765,3.449171402418481,4.382749862609395,1.8267415416237207,4.10353481567297,Science_PCB
5.217713303000791,6.360547433636279,7.856827040316574,8.220139557793921,6.242107951236712,6.306484112110765,4.07488868064758,4.420800028879684,2.426202993924265,4.697003034494846,Science_PCB
8.111847199743783,3.7643738821044237,3.7466605682630063,3.3003845811789505,6.6864242836028795,6.908154698248978,5.575743703426934,4.6790797999602685,9.087498968411744,3.6176018347007664,Commerce
4.138555584922288,3.581931800262712,4.116758271796446,3.9619258481301713,4.970491907504435,4.392380670393032,6.572927360189829,5.42407607123814,,6.280322507938756,Vocational
6.585832071395497,3.7650764783433166,4.318716371570863,4.875327915874729,4.297291060818614,2.8609609136131136,4.417734792408175,7.050019883511865,2.904649252118143,7.562832772049272,Vocational
6.732418488961571,6.843509188814178,3.8091733607873044,1.9990175127467256,6.366378511744198,4.835106573256613,7.102644796049518,3.257352635563697,8.59651672509963,2.8848859974105983,Commerce
,2.7464351934342384,3.468546645299239,2.268382873913776,5.49083949730387,8.92590069797166,7.965265498048613,8.173935551295063,3.4434289506405364,5.486765735178873,Arts_Humanities
3.064733776528036,4.756539626996701,,3.9786197685736835,4.225192946002352,5.1578187806849884,9.902485388537924,7.644800579730403,3.531243287932099,6.025631046882284,Arts_Humanities
5.148357129086429,2.6026187803080405,4.33422384371801,3.2897689119049893,6.4357763752107875,6.2524007394166805,8.310640604843334,7.424549913722466,5.310734729495147,3.6830311184632265,Arts_Humanities
5.502541660876537,1.771911660201661,3.19010817405516,3.2344496658505113,3.5425160779786142,7.159960299555332,6.7549447459156085,7.786863417771636,7.991443245683141,3.299674534486212,Commerce
2.1781135079585665,4.0569464579539085,3.650214380113804,3.24678731265822,7.373399811712022,7.4308658521165745,7.5564382968468085,6.787907283149065,4.249715459619765,4.381745636771273,Arts_Humanities
4.245238636411929,4.335748885534193,,5.214608823654595,3.594093709088464,6.62456899677346,5.755992440298284,5.801782175855938,3.450760823987263,9.870211232079203,Vocational
5.379417334883353,2.1049774158744676,4.313467906016465,2.670852290987273,7.552704045066855,8.570268617642112,9.716725433692035,4.686700067085009,4.388755516274787,5.033717125575785,Arts_Humanities
3.6084485132567963,1.5713633081329157,3.862180072333444,0.0,7.592018164879746,4.129687713420373,6.596348359502472,3.3448399878159485,9.863574829723058,8.170609188091444,Commerce
8.04170668093472,2.5672494511033053,2.690584760256157,2.0965502635615723,7.2879902549382125,9.226763798257938,,4.049989310774892,10.0,2.1189708221467183,Commerce
5.382516998056137,,5.000704269537753,4.401505725794894,4.898244071947202,4.075089804421322,2.780181974225865,8.159577996644003,4.296474302422896,9.757672598179278,Vocational
5.936970929388147,2.8947371865348197,2.108710909934259,5.5112163319710925,5.892976618349446,8.151055814105003,,4.818209168938254,8.427881178866764,1.7930909976264404,Commerce
0.6721084638067536,1.5335958290234166,5.403104325868633,4.079517073839805,7.2147511366898005,9.804037650572202,9.374883651413821,6.911270709007124,,5.990767987084606,Arts_Humanities
4.103224959754434,3.2787903143168444,2.5875683453837404,2.775136989855561,5.9022171238132,9.105797666439866,9.473987165984195,6.057963227324136,5.77007754988222,4.384594216809181,Arts_Humanities
,5.649273256222392,2.8051117331177164,4.8502125321941385,3.77205412865991,2.151119047199507,4.202319527361036,3.9609398105511264,6.973749586595085,6.511255462356503,Vocational
6.914161531706021,6.919999153913063,3.1897197823882064,6.977850743861298,8.867989164412986,6.909869709208956,1.205213590106296,5.765964793232502,3.010766482945305,4.735083580538088,Science_PCM
7.105821604803355,6.0173622690067745,9.936422635645043,7.860046277785175,7.59612687707582,5.971912022028872,4.4067348054973,7.460659583122927,4.262308236746945,2.4455588868008045,Science_PCB
7.015211051541945,1.8477613113727729,1.1650015690509594,5.676761187113884,6.4570420178511965,5.954987146324748,4.2858774115598575,3.8364268964205364,6.952255963052696,5.148435826317767,Commerce
2.768575129701909,2.612631352347785,3.2906476349650875,2.417442950047793,6.554839996183634,,10.0,7.069667264555441,6.0632858379422725,2.7268037882298404,Arts_Humanities
,8.057482103770239,1.9481362195766483,7.087972635481522,8.463576879635532,5.751136053757158,6.368482899282522,3.819095387896394,3.5489757248629674,,Science_PCM
5.708080616323746,5.580751166324873,4.120684485361987,3.6058486406063217,,3.365018390796673,2.783321408619651,1.8461273100709592,4.908816762741698,7.431989628658535,Vocational
7.530072266351732,6.37458979939991,3.664588358911795,7.508644057913205,6.177280235221499,5.340509971256335,4.7944118016699,,4.33358789575081,5.050587168971898,Science_PCM
9.084971843750512,8.732306995571353,3.1489597681310415,7.428926600254444,9.510892389362096,4.447667785439403,,2.715096078048799,3.4268783646809995,5.232363252272226,Science_PCM
3.9069906606901594,7.9516066229753735,9.022506768002456,6.509145289651576,6.778467445594523,5.517207674642171,4.456453368364213,,1.9067661197284045,4.854842481322406,Science_PCB
5.5471003436189825,5.09547849063485,1.894730412319225,3.9071152895320544,6.088360962512713,4.4762692622230915,3.785260761230934,4.515484321123221,10.0,4.753050755468454,Commerce
3.221873725223918,3.738275607542893,0.839641390587103,,2.290910838056873,7.705099255292005,9.61051588091404,8.308983897875889,2.8120663773494767,2.979436285078428,Arts_Humanities
8.773108673404321,3.4195517943343865,1.252286755731703,1.7518318297886633,7.009535217225048,6.422329967351423,6.639880164883269,3.8062754760928454,9.579810611801781,3.7942110745153568,Commerce
6.791287136787925,3.7179469041447124,4.610923680714438,3.3818350178932195,6.04322047124806,8.738049992485989,7.608501366341801,4.4893714509996805,7.910382949502698,5.902125550271048,Commerce
7.147292879095206,8.617106215002163,2.8295873541059553,4.61982242639821,9.70678608903903,4.7134990733486495,2.805929690114379,3.109321865323403,2.149431740306178,5.556257572903393,Science_PCM
5.387699660375975,2.625989373783461,4.910640893861109,2.7384423111133525,6.985503983022118,5.654453411524846,4.9115953784498725,4.1807847852391085,10.0,1.5431915432608458,Commerce
6.05861460424432,6.602804182036972,4.139506685305976,7.351124064456473,9.03556305676478,7.917343249910305,4.109118612058063,5.3552544135631335,6.523969185383824,4.7220540744823625,Science_PCM
3.815541701857514,2.8948476101963285,3.054722896690796,2.3650648471148026,7.507275462400681,9.801857616501904,9.077711424650973,7.360249799240057,5.304853380517879,4.595936076300185,Arts_Humanities
6.84430509593019,2.3456449624987026,2.8489064965129076,2.518026638078105,,7.573025687424136,8.32724715399088,2.912027061069141,4.574307786802375,4.523148607932638,Arts_Humanities
6.568773027377249,3.729180407425397,2.7401565367722,3.4342758533889692,7.695969711381822,6.504816956036716,4.986503547312373,3.766140684702207,7.780105300012989,,Commerce
5.805655926097165,7.580127141447002,10.0,8.513388247002885,7.373477989347273,6.47345805177722,2.6332238947310875,4.3007997516643215,1.9286300622586803,2.876634606079975,Science_PCB
6.939980541328888,7.118802779038052,8.601213741547495,7.018203030398179,,5.474314782213393,2.4362489494060044,2.2688767192700827,2.4262911579356126,5.481036702324391,Science_PCB
5.278206272578733,4.001990971289848,3.036731982963059,3.104884920523814,5.573414318209341,,3.360458476284282,4.9977636237102,8.801010872861816,5.104571328183042,Commerce
4.213044999798853,2.2215257509061805,2.7782767583453207,2.8458361345277203,5.441815066393466,7.429495858069398,8.921121534711824,5.140809726722244,3.5503938634183627,4.136093825936289,Arts_Humanities
3.424632690613824,4.247409881438221,3.2360256828107388,1.0545406038679306,3.316749144513931,5.755266401983448,9.303361984820123,6.0030443952145225,4.890111508590137,4.677546872738837,Arts_Humanities
4.537893332318375,3.7606641831396384,7.346817767836029,3.1386003047737834,2.810719959948424,2.4200884377535137,5.487093409504065,7.737388499188069,4.11366365121529,10.0,Vocational
5.719508271804591,4.6502100241331386,3.9694309871027635,2.2714817883731,6.220247085628881,3.8679865475754784,4.954286590269383,7.195985499216904,5.8694510597737555,8.953335643136317,Vocational
4.7293764926786,4.9732534054471635,3.392293535332189,1.9824180009360877,7.9512239746333435,5.80548335968426,4.064009312824492,5.616376947327026,5.467333613127129,7.031492185537569,Vocational
8.89613220368076,6.648020661887356,3.9755865545483946,8.222734131308577,5.963654254750013,3.8071666410789864,3.666192524117471,4.088884629953343,2.9781584952444247,3.891042894154346,Science_PCM
7.609865483218195,6.705270076596216,10.0,5.949773495182779,6.103851172117456,,4.016404268872689,7.0351806794275245,2.131112911710606,5.676394074302049,Science_PCB
6.758719270082683,9.143147196951379,6.6936196421164365,9.395622049722842,7.091176173875966,6.547930281840177,1.3578897165641877,6.408506369464886,4.022471776731379,4.449416954777917,Science_PCB
6.74644865281425,7.601573224244529,8.417119455512157,7.226065327200208,6.572230226337319,5.167429925484643,4.610511818749883,4.800312970432168,3.3058766219208304,3.0372094365062146,Science_PCB
5.432961808680922,6.71066714240143,9.221235478242907,8.379598917309483,6.1616816013714715,5.942572576552009,2.361122696656248,3.6944641220817847,1.8069783331496627,2.9550944890222497,Science_PCB
4.4678229914214125,4.456433372141592,3.7709432204229163,2.803799343217017,5.195878055018093,3.498125330194127,2.9204356148039654,4.937494786804733,3.5050329774959286,7.9537986134243255,Vocational
7.12631662046488,3.8254202811476024,3.6568477707126017,1.641652290127491,8.32043255974418,5.708493819411035,5.718667549244633,5.610700058881884,,3.2897783339335334,Commerce
4.374367491828393,2.5137854416376433,3.8021558982799717,4.550708529438522,5.429519903737685,8.690526776789012,8.560268099124619,7.661985255569048,6.740433984019788,6.062249040351416,Arts_Humanities
7.384863183208958,4.4786423698243025,4.393473843037455,4.29091504889686,6.272583101818936,7.929157264973952,,4.988923977820189,10.0,0.9504752847455844,Commerce
2.2060251343251958,4.095493365170443,2.3169494440385083,4.181779960146626,5.225749036818114,7.428265395663771,10.0,8.236321758457018,5.76488626868397,5.06539558337593,Arts_Humanities
3.3500340572285907,2.7450495897937888,4.185694501891083,1.6890289204875906,7.335851391832787,4.707631299714202,4.443004579667551,4.654804277284239,5.99368398524582,8.496223586323387,Vocational
4.671257989714501,2.2448184968869307,5.241655558368185,,6.157666178003783,5.382695483465163,2.8810898382348187,4.799649689802475,7.011125879172142,8.877566170388608,Vocational
10.0,,2.7347096304370346,6.36084770054487,7.7451531764307395,6.403071795116931,3.8326789051354897,5.347272583823952,2.988566903668757,,Science_PCM
9.861509871895887,6.183007987946075,2.138488169138157,9.499830052286551,9.96556119013515,5.626885190244073,2.2773107198484186,3.811946001290139,3.0952579089614054,5.048780202041478,Science_PCM
4.065526232888591,4.911292223866276,1.3000330320995788,4.53602679703668,5.088646928815854,8.582042791264055,6.47441570060399,3.1895377678637633,7.3077926821266015,4.787182766791603,Commerce
9.757489006595604,9.971830454281022,1.9640157139143026,7.3925619652750525,7.556991021389632,4.6829698508221735,4.506843115024983,4.449900259603564,5.261542454510315,4.373097777686203,Science_PCM
8.08573299484596,1.6506191565820776,0.8954751187357526,2.4228796005363167,6.373503783348791,7.306981266832984,6.068682965319994,6.028391024200321,6.207988727495891,5.544837499866619,Commerce
6.625611052300393,3.7039763439051927,4.433732963116309,5.972444736674152,5.464149492315685,5.791897236573164,5.190411745580278,6.151368009758593,5.975410266112008,10.0,Vocational
5.12024013471679,3.4417866166576316,2.904549478906455,,4.172370341472611,4.2685134243677325,3.9983506721300826,5.865629681685346,3.68793271197581,6.092472342124255,Vocational
4.100143397524051,1.4377260392981173,4.839215161031012,5.950654047703262,7.656980393316479,5.8498524055241266,6.061975580405216,6.068814296269604,2.300815689460838,8.536245353950017,Vocational
9.006599216916003,8.133319138844147,2.8083247631063823,9.064758939294041,7.691130321116867,8.178387621681303,3.206939116003471,2.8398786215387033,,3.6008812395856014,Science_PCM
5.312505469255979,2.8288557692262986,,0.8208941739801281,4.737871285541488,4.5298094557378965,3.473308979562628,5.412717300005332,7.391188236095397,9.935231051516183,Vocational
5.961339810937277,5.434015969183347,3.3559449989205756,6.990748088332929,8.721230026149511,4.899234802275821,4.363659776511911,5.712430495888456,3.6291769821369853,4.660923004074042,Science_PCM
6.444934722805351,7.547780882528294,7.651364818000467,7.334570698319126,6.777115219065869,3.822029502009696,3.1573328047942835,6.237293295239872,3.308539534932001,2.7501202738015156,Science_PCB
4.655850455438314,3.7048055529637702,,4.169065977851732,4.955209380710515,5.189076954502468,3.2605182629214684,4.754096022520452,5.481254094165266,6.980765720366283,Vocational
4.391180836870046,6.841846333980191,7.41902039553371,5.1907220694999125,8.325364192964019,7.008120700636616,4.859867926362269,3.8891751760145556,2.783191545797418,5.47469521975556,Science_PCB
4.171550413738881,3.2530388297711026,2.1767110906480536,5.292756360657521,6.968177910066859,3.801851986665884,1.7231823857288489,5.122816238099989,5.712210431149095,8.413259919322318,Vocational
4.718100944973292,8.218797932544666,8.781066079219494,8.546344735621092,7.160862018734807,4.737529653804047,3.5142777603571216,6.366792223098028,3.7218120965632515,2.275084892350403,Science_PCB
8.908300391030739,7.680510049983228,4.237669749081857,4.072689522195239,7.425283439008037,4.48285876585012,0.4835371838980116,3.2472700223205546,1.810297049400296,4.7385639491255205,Science_PCM
4.869513358459759,8.454301162988306,8.498544361402743,4.594453852731734,7.464574463802376,8.027977129938296,5.548696375109007,6.880240575383535,1.6743117590040975,5.6857981147698125,Science_PCB
6.965998987992563,9.045941392060287,2.1223518622135003,7.525140226956295,9.23509854491982,7.887093591649026,3.2361754732220187,4.988857680509395,1.0694278771343333,6.547537632281867,Science_PCM
7.123729505935543,6.893999840653117,10.0,5.487817317438115,6.655031859191469,4.898722200874327,0.9342125206688179,5.878425366213603,2.648484477455634,5.461520566482531,Science_PCB
2.700960574773232,5.1431010736088325,5.173700943003014,4.749416381780141,4.6211313563544945,3.4672755833793625,4.889808047426302,5.8007051700603665,5.575953526532681,9.282237784387325,Vocational
5.639683313506511,4.580162974786955,8.929675387163874,9.595483620707737,6.362399191098176,6.013685664741243,0.0,4.449392039369707,2.593045028295933,3.4359531168664996,Science_PCB
7.63598619991793,8.468769180953894,,8.870317127067,8.31276404192892,5.877052515428596,6.52351372944619,6.471372130766225,2.6014646923268248,,Science_PCM
3.9715222838739757,3.4144225747239,2.266962920481804,2.6195126753128593,6.55737212368961,7.900722105535588,5.053767509612074,5.51488541690351,8.564662865077977,2.8394481279905888,Commerce
7.197729257240991,2.600199706799273,2.1120017106282853,5.386113683666107,7.002276065951094,5.991997775226682,5.360625480362092,4.366471869322632,8.541046358965797,4.614488019910197,Commerce
6.341617026983247,0.4922043080260705,3.2464968598625092,5.432815331895402,6.70186334880831,2.914359660470159,4.118161348171764,2.702724843238509,5.5368906922245795,6.051673078405129,Vocational
3.8698446279824377,4.910680119380521,3.539090485347656,1.3936243449405517,3.94535797451655,8.180998898157481,7.031743599101727,5.469005466998591,5.326196788214213,5.3898479237292385,Arts_Humanities
7.468961512339823,2.421236103130212,2.8993294720781373,1.1314543015614955,7.4600327433391636,9.184531535011113,5.604107412010011,1.7374868376260784,9.291557671550141,2.8246840840061953,Commerce
5.793617787211518,6.42235013447196,10.0,6.630417857995555,6.90447773993248,6.053961130865254,3.46955015303894,3.849196410214751,0.9859656707524835,3.83591507323108,Science_PCB
4.433682996076913,4.607246111394223,5.080578167671215,2.4137561255238476,5.752222684342188,5.576667358202213,8.628820911078508,6.467813743818505,4.257702846251329,2.3090165757382968,Arts_Humanities
6.5875501952996425,8.653963268889925,0.0,7.842912214610326,6.560262413885111,5.5694952864027165,3.3450805114737037,6.0203995914820485,,4.097619870510635,Science_PCM
9.124186424409094,5.7320382169335495,4.2056700260256346,7.5907464396786715,7.056440110261178,4.887017750315066,3.8428323656634755,4.568206837863117,2.6201774584553785,4.865465251514251,Science_PCM
5.930786961769199,1.5757235405377477,5.101166279632844,3.7298239290920985,4.823272426233352,5.5917778609388105,3.0437831357639036,3.0706995471853453,9.82122016330291,6.90132198914011,Commerce
6.265090525961139,7.475330245924866,1.8778586389524399,8.681562958997182,6.744871146435653,7.585497836090518,3.456716838627981,2.989485271705886,2.119543560787939,3.9578955070010142,Science_PCM
3.274824544930039,5.362834366791046,4.514719146119609,6.040994011395481,7.165677463020618,7.029114192623934,5.305810174424493,6.297453769520216,3.1995219422765295,8.900525494868305,Vocational
7.804745260315875,5.9557132749968265,1.2034662592272776,6.308559257874415,6.876222038118531,6.033275620383416,2.8945013856844986,7.586988515034362,0.7409710263217284,5.264723132322741,Science_PCM
5.4679746014067625,1.6765021193759835,5.073417870342908,3.412454551348101,8.479926761574635,8.087762968107345,4.462410583777634,4.389513258782227,8.657349321562647,5.984194159982371,Commerce
8.381867791486249,7.9599177316905605,2.7213123573833515,5.125427643667983,7.8285360351909175,6.689011270182901,1.7211654131835472,4.2535778349989375,1.9343198925979028,5.144755558217545,Science_PCM
5.130241338574031,3.3961997266625388,2.9215914709521202,7.395110824017586,4.599603763182813,6.797660916363707,6.301460065208144,4.497956394190045,8.643234751115765,2.6417484374014366,Commerce
4.272587424601632,4.603995199125063,4.846901335747226,2.2126683228441673,5.5346244346191025,6.332691981384817,8.233575053729874,6.685952520136559,3.9762482556716745,3.5251364592055623,Arts_Humanities
7.077324827967667,5.717722362321405,5.597775678343735,5.042958747978805,6.033376789755399,6.218298769727303,6.2488903546298085,6.676166843852361,9.063899858878788,4.590891433429454,Commerce
4.99197073878654,4.150603882480653,3.463981503980416,2.0851998690288998,7.555861721824962,6.633003433951519,3.252207509235073,4.433254284151539,8.865568392699776,5.264630069866463,Commerce
9.082157831739524,8.07575663021608,3.7133604645233644,6.7560277117930125,8.861586844391015,5.705554810376642,4.511097605810403,5.549110766527812,0.8941664072906992,2.0785508780568875,Science_PCM
4.3036325473983155,4.673831850070465,4.4482542341118245,5.551421724375356,5.327996918185237,2.358236162991173,2.2668570653515276,5.575663606848047,,10.0,Vocational
7.423300787007851,5.752906825229031,5.828810300022118,7.2548380270921875,8.055256422995452,4.239259486350404,3.2707242643638708,3.600699334096993,4.95263802739607,5.474294120028533,Science_PCB
8.376545096229528,7.568180911209293,6.515180639463203,7.51250894427464,7.564673990227888,4.59745710907751,2.274516111109257,5.717540162613824,2.5263095192387857,5.165571218353431,Science_PCM
3.9945675685635442,,2.9969486235029383,2.2235910363757587,7.645479918164757,7.0438425800640525,6.781225932491711,8.534865802732226,4.219517689647833,7.150405795463251,Arts_Humanities
7.511338497507226,7.271019586685931,2.9710778666960262,4.968250351058195,8.797401037607619,6.757706154802514,3.880813970546479,2.4344331665676573,2.8390479173714427,5.964637573873338,Science_PCM
5.815687109939484,3.7210591871288266,4.159466848159224,1.5887196912732773,6.956872973859887,6.4733557691753205,4.1237715516601945,,8.322584174558141,5.8820268782562914,Commerce
4.014460293745509,0.0,3.252268991205898,2.021039239048809,6.693493123699607,9.293540011899207,9.249684304368884,8.014096243438884,2.553449226663652,5.267836003995937,Arts_Humanities
7.665994462982299,8.300666629566374,2.610860719922761,,9.11766648755241,4.600486194973007,3.280752720579412,5.856866417036643,,,Science_PCM
6.573158983324333,,2.11825622779827,7.974264069646063,8.129650713702652,5.757127106524408,4.915982745724031,6.225991971947999,2.9101206848560186,6.759661656440216,Science_PCM
8.816878224522142,7.803378059229711,3.562372787243998,7.080491428783947,8.643514443295883,4.96916688832533,1.682457442261494,2.4932872367212937,3.849218348265595,4.640289882888572,Science_PCM
5.595686685851252,4.3508869809294355,3.324353059821383,4.138463252889233,6.628488267979598,7.886417348358883,7.59899528241533,6.6741957595409716,5.589209353528578,4.4452091421735025,Arts_Humanities
6.8717986036583465,2.807443625054143,3.021456729060403,5.342027740527842,7.049733404229833,7.534633584428851,7.981427465994057,3.5849568566352628,7.2183625325096905,3.061241048702832,Commerce
4.90599426118885,2.813397419339378,1.0880404388820817,3.877138679625312,4.7652555632998475,8.707111202438341,8.215558608658453,7.809451192851291,3.492504704167982,5.623705625482611,Arts_Humanities
4.2896373781432375,0.968503284603238,1.5862472443101145,2.4449199334502607,3.901174369682494,5.54560792940093,2.8808711747865603,3.1766146591020146,10.0,4.524664491365433,Commerce
8.098348099931833,3.6311719956911883,2.189802061520025,2.6921871583887462,5.156139941870265,5.578353272640406,3.831907856615242,2.549453477113339,8.246494309049256,3.2291963685834806,Commerce
7.360080988382135,7.877458679471676,0.7149530912363793,5.092841180991712,10.0,3.8263506443437594,2.0741787480089684,6.887987586817708,6.7765873200125295,3.476963382527056,Science_PCM
7.123951986671637,3.053318577279507,0.9670409012814978,4.307556827288773,7.462234754722609,6.392631099731291,6.026812118698361,3.883161401744808,7.400495366856338,5.334353384711385,Commerce
6.197990484311515,4.536454329520064,3.0217759217932647,7.633823835470568,6.196751013753763,6.753866728036615,3.276391535554742,3.793514574505549,9.991590986339752,2.2639060945321656,Commerce
6.736689079062412,5.0879138602698415,3.1016974586638884,4.215341992222172,8.28917310196589,9.03295452033149,5.419442623055172,3.807908795910997,7.304025855604195,5.270053395557326,Commerce
5.517080818897956,1.9374043877423222,2.65866788383065,4.611350877623831,4.161213009746326,5.032033773196721,3.775870626411547,5.957349197286003,5.773705408341912,9.738636130049906,Vocational
5.519351637769874,6.523172979346578,7.941685560337149,7.909170197266464,6.780504639236144,3.443461727330731,3.5124179721339006,3.069265067060803,0.7452985088164286,4.677935316896201,Science_PCB
5.359516114675293,4.894851380091229,3.347317762145962,2.9758614447853247,4.240903979360432,6.747005005446418,4.64814940248842,7.462848070043946,6.800379018938826,7.965898990871022,Vocational
4.242262899412195,8.786480872210074,8.268826557124704,6.492796405748132,8.860428915266086,5.8663511132886175,4.251601391923878,4.320538802134006,2.5857249822501545,4.279537715753523,Science_PCB
7.3751851985675785,,0.5913628404155702,2.243168422484155,6.734123004177109,6.527558236566075,,6.115679499028713,8.677653458129981,2.9352029367999415,Commerce
6.265232197258624,5.88572156642002,7.239781848939793,6.256112273256459,8.881176304840432,5.296652077113712,5.6324603220678044,3.8322728610706167,3.3785667614709416,7.610479739923714,Science_PCB
5.333786284049293,3.251475148404092,3.0978897173291355,6.344510126342547,4.893304887955569,4.128151299091752,3.274711952603994,7.490046190964322,0.7577532867187653,7.924363482008893,Vocational
4.739877374427778,4.376155369854692,4.120200868209275,4.273907842606344,3.8267476964618927,7.841732205755813,8.449322401304212,7.183125068984133,5.077052619411743,5.324693550844477,Arts_Humanities
6.433085291697643,0.6942754384276943,2.951690979585952,,6.131699171699243,5.098942734538557,,4.525125650767606,10.0,4.0087548943321085,Commerce
4.554907315870449,9.099019349376436,8.41394957750461,6.969949996914237,7.033750747463556,2.8963421399164213,2.5121716970516106,5.778211960279025,2.1823710385873927,3.4224622883596467,Science_PCB
6.970939588363537,6.989112293927253,2.1808927366676296,5.625698663620243,7.132546545232062,5.312430307923669,1.9182660560976708,5.594765046878923,1.8069204013572315,8.65243966112531,Science_PCM
10.0,8.285197251773013,2.4657945999161415,8.438175323077855,9.057383370000098,7.49648278959479,3.738204768388478,,1.2213930409806355,7.146206311900625,Science_PCM
4.398689885800627,4.236940112330873,3.345654495829523,3.933260596702165,7.018345810816067,1.4486741531603826,4.5396997959563885,5.89665471159669,3.217048516122606,9.373297381563704,Vocational
3.83261385155143,1.6927824768366027,6.549452950649309,4.37685425827064,5.855022337321016,9.523746805719703,5.926971780311089,4.175016340815792,3.980921619725122,2.7078666133172584,Arts_Humanities
7.155399532823282,8.305858945064742,1.1491452339812216,7.580218791805983,7.451421424400415,3.8325749546613217,4.42796617742712,4.814137878179777,2.2018301581892334,6.886532503727383,Science_PCM
5.7284105930143046,7.676908608203713,6.245005053981647,7.73354068501407,6.239007947435043,5.018076500184963,2.3237502458212513,4.279584069589423,5.393632298754976,2.856240530469622,Science_PCB
,5.202603439236482,3.167997664589452,5.088965626941367,5.681818754987265,3.7551370947988136,3.579554132153959,6.533305297748106,4.892726943439718,6.711843300562273,Vocational
7.455858734165995,5.140610175450718,9.151411062409206,8.885770918666076,7.500199107466491,5.622810989365529,3.5140427103128196,,2.250291964394247,3.9156715412993846,Science_PCB
3.765414964734684,5.184399237771835,3.6020111016301155,2.472664577733312,4.902500388103896,6.423053739241681,9.22352686652132,6.433985436568647,5.927592727844071,2.819184429797955,Arts_Humanities
4.676769537044327,6.730003501005538,8.677806352511709,6.917223294262496,5.634776244415076,5.848106456740265,1.923465561244633,5.05572535475709,6.4144303817479695,6.255221066640615,Science_PCB
4.239391064785045,5.011264163405599,1.5742709210248218,1.8155666914076363,9.145801240556905,7.644973530857233,6.041708047125743,6.742684813647384,0.9004648120963292,4.813196926192999,Arts_Humanities
5.318009433448566,2.815951918701165,3.3557405842707064,4.670792508989946,5.220378175197364,3.1997345400184916,5.839241018181952,6.949334050101905,3.646456677305136,6.817660165470697,Vocational
7.313681226424727,2.954280309228139,1.576894696859867,3.4439175527097245,6.153412679067861,3.935484508548014,5.447029734837649,,9.086598201178383,6.898733649753463,Commerce
5.613711841600815,2.8782397205893466,3.6157734580618417,2.9975852654680186,6.3499415254759555,5.120450153863953,4.353884012780808,5.3260320913237775,9.652697098027925,2.7186469803433155,Commerce
4.94883972159675,4.6712670184388765,3.142922936480281,3.320735753549521,4.788757047908052,4.85251618588781,3.493065544430273,7.239166348538674,5.849193701983671,9.929241373260792,Vocational
0.5702385008215587,3.4908109096356092,4.0605380638509985,3.6181530330974474,,9.936638927873485,7.902158839541872,8.04714272557408,5.273027092505302,6.734362207673843,Arts_Humanities
6.8373928382975775,2.5457044914134133,3.414021486835555,3.2042920841104614,6.651570825248479,6.653534504508398,1.5050606479323103,4.732559225216735,9.334798837989041,4.57970685283999,Commerce
4.126854969222132,6.981827308768931,8.956702578784293,8.928939191920904,,5.7712444564353795,5.059648714447421,5.110645541655563,3.0885312524690343,6.424588944109891,Science_PCB
4.330447879524955,1.073178351455322,4.6069345649880304,2.9907703095181146,,8.97067919508161,8.282631111929897,5.984640258122573,6.9021526248844856,4.477526324241716,Arts_Humanities
4.526333972734798,0.7944606957517095,3.6927699888290624,1.4055427290706857,4.39546665432335,9.501151733308712,9.264293329687709,8.993964078971706,6.527645272251677,3.4953096807183055,Arts_Humanities
5.133362237873072,5.1786396041923854,8.268655177530608,8.485109789217043,6.704353180017646,4.854257886368183,3.2415189161274665,2.8465882601488497,,2.1772554280016165,Science_PCB
4.660724416805026,6.9524314364051385,7.200019784946484,7.963726430746738,7.970900853824583,5.38528091461897,4.813082805924406,4.104396779663269,2.7219877187079113,3.2295798995285865,Science_PCB
9.802269016946958,9.544042621240518,1.6731900746326613,4.582213971490683,8.62874526730936,6.7100896942556885,5.836872879164609,,2.5167682944385965,3.8389301919396788,Science_PCM
5.730091375974482,,4.79583049141113,3.659999935211534,5.727767613325814,5.259252532031924,4.00084546628208,4.524577956056403,3.9518476132872395,8.186653924687619,Vocational
5.664662278786617,3.1106683419709005,2.0943421137429192,4.057027807252584,6.305040044016187,4.432155392249756,3.3530162061888347,5.05208978916748,7.440127642567105,4.392653501630421,Commerce
1.6289678884734795,2.996956195356954,6.0616369551291704,2.0917625453649937,6.62293741873617,7.376126870022551,8.571811037075527,9.079089003560812,4.050262880783492,3.6028636195322266,Arts_Humanities
10.0,4.984506055223417,0.39799053222971725,6.293877919627052,8.51888624651884,6.397135752193216,,4.000480313255259,4.324756801214291,6.33925402409855,Science_PCM
6.879974401537884,6.789169465201717,8.595753573489853,6.5299468203758355,5.607820905402125,4.835859785172108,4.032916260474737,4.937610818615545,0.2701274185573408,3.478619863252246,Science_PCB
7.417052260365185,7.27495244625622,2.469094784568856,7.050155459875192,8.094729769930819,6.86414149370643,2.6211775026142208,3.378986652681794,3.6225382000766,3.0036653090960446,Science_PCM
6.457153961979471,3.97067031544543,5.741981438441288,1.2385937322255134,5.675234285388693,6.358210432131717,3.3426043893465143,5.793038783684854,4.476053571326743,7.611102065202032,Vocational
6.762557038533526,3.7545639042458996,0.7749988122618094,5.970702332064343,4.129592334587741,7.04534645400263,6.006947927457072,4.8583278170278,7.85705005318991,5.075428446482653,Commerce
5.843491720362193,3.059225167447674,4.918566617762012,2.1091764385999068,7.328676471649269,8.355715456894995,9.065223914079056,7.671118104857927,3.842882523404548,4.497812346356537,Arts_Humanities
3.267157303832865,2.4717070208418104,2.89864749852679,4.606122176703391,5.44680898969459,8.102829766709569,7.927172999297683,8.101726868931376,6.254113462985873,5.342219062732458,Arts_Humanities
9.064750736609614,8.30905628303196,2.2276050575941673,5.120124789295009,8.593768360028031,4.811659478217057,3.802479074761115,4.528407789180476,,4.688837684285068,Science_PCM
7.202383327468721,7.742330721237377,9.172087613809484,6.908347465749733,6.68868761534878,4.454605049952553,2.2067949452627618,3.142258565199038,2.19652927117923,3.154862712109831,Science_PCB
4.10842401495124,3.8895635357359106,1.839894866882603,4.916491921807978,5.175334814466382,1.9435935878370878,4.631018669353075,6.570672548682373,6.252083265127569,8.404638767050193,Vocational
7.44986260481943,7.087896732714852,2.277855828654873,4.740179812764722,6.632238272426929,5.485860503607723,4.039282672547984,7.662914373854924,5.000617482276479,8.666537962416072,Vocational
8.619764655964342,6.911382309024299,2.2272795421416443,5.075302533665479,7.345425990146252,5.034578305503242,4.544660525192182,6.737000780515779,1.2031640300098478,5.510675708737894,Science_PCM
8.383883476489045,5.922531912140272,3.1756604874285066,7.585026875448381,8.20435476356295,3.4004338422397757,4.785091421706901,4.973882549390643,2.05618037298873,4.635219419110517,Science_PCM
3.7688618119252717,4.2736877318085265,9.193227627577892,5.750887572687237,6.706762872610814,5.89539558004203,2.0211278060285043,3.1684589653334774,,5.15474537378127,Science_PCB
9.13461725153159,4.236331280616717,2.225585741962572,6.005580681799296,5.548339478367947,6.6722752015764755,4.866749446483085,6.647589388676341,8.363519881802356,4.194329330961362,Commerce
5.1342566708718875,3.0464013234609046,3.631016247635301,2.5102811611578746,7.042931583577345,8.046179922828623,5.129123369764928,5.174569698899993,1.706244170356944,6.310196651094957,Vocational
5.879356597654203,7.454813210306335,7.893174055543424,8.628108176684036,6.127506566330127,,2.460862596377534,4.945441358953245,4.5053597683352145,,Science_PCB
5.992502189962382,1.7711416708272443,3.946121995403246,3.4311537372380636,7.510255227019108,5.579939586676082,3.4170428544437073,4.455766196512002,,4.209224777600866,Commerce
5.860869280986392,6.136670744243732,,3.2234514818910225,5.034778753817773,5.533132141998637,3.8134563039949496,5.441347964568287,3.1644096497047087,9.128429510765237,Vocational
5.991726061005622,2.268584431721152,3.593723241091682,,7.921017265223362,2.8935369197028296,4.003998888614842,4.7931374719293,,9.965623545183952,Vocational
3.253192964538061,5.059980246744589,1.9969996445952538,3.918310837187036,8.342720609211435,9.400448274831694,8.458999583272902,6.025710768749674,2.729319170440208,3.9649827965552213,Arts_Humanities
4.892927049735313,3.788099267649649,1.7056845636954878,1.8610455187911201,5.233516388321136,7.056376744758807,7.1161018678172026,5.066171536868254,2.7495120229256163,,Arts_Humanities
8.454889373773206,6.831917015541029,10.0,7.737789149167317,6.904816178821032,5.995652807105268,2.4394253576202374,3.2470922565952947,4.646195924320176,6.284045045726474,Science_PCB
5.584426013815966,6.5464196787089675,9.573372239294757,,6.551296072584233,1.9850370159046578,2.6920994421488933,3.818260639137644,1.674540139382324,4.715295795302447,Science_PCB
8.293774711849705,6.653650121326445,0.8229121718843357,,8.430082683936183,7.798308887653848,3.6693568779147516,5.777561364329975,,3.459573103657868,Science_PCM
2.732782868496751,2.4853710870423957,2.9766335164190103,2.2368682916128355,3.688732743037984,10.0,8.888502457769912,7.20688635488969,5.484929178370466,5.112387457304209,Arts_Humanities
6.9477576187636885,4.891498950974734,8.837404295243,7.835720043096395,7.630659326530456,5.938043678878247,,2.745172364015569,4.1340532839502995,4.74158495077459,Science_PCB
3.4309022364511,4.738805885188092,4.899025751869961,1.6773361150358266,4.786200158246538,2.723042077844547,4.156439777626385,7.398500341819296,4.419052877909632,8.438227936140395,Vocational
5.535444152794035,4.740878973184833,6.271086898526159,4.570503461626059,6.996489212521976,3.1073292702599296,5.182704477039353,5.060124249418623,5.514089242285525,9.395068977549293,Vocational
5.620483279837705,5.001137642587714,,6.467743395791491,5.570444150402356,,3.6961979848484448,5.253066562717213,5.841622896342913,4.860476390574101,Science_PCB
6.344163764743081,7.9897241300147925,3.355995117800993,6.609006039699245,6.092189587978438,5.0765924569041525,3.0745029406684687,4.307505874087919,2.2674871469474094,4.424084200786092,Science_PCM
9.631722292245644,,5.332681070980467,8.709250232957677,8.357345563880761,5.958536211934246,4.4968697333195164,4.657531334089301,3.1699934442850077,6.070879071439037,Science_PCM
6.493677845048306,4.462289982687393,,2.9318645001069976,6.6986587011808005,5.571806373594917,,6.055448021642178,9.649444060326623,4.782015003047095,Commerce
8.208983538055351,8.315245828652587,3.229545365989824,5.5902955060966235,8.617636716116236,5.7966968291805765,6.772716248794097,6.939897994666172,1.890783644273534,4.626401629986071,Science_PCM
6.433043291375083,6.14738169943279,6.867128769271551,7.279163171346339,8.795662720226604,7.6795732377194055,4.432552994891281,2.9525534653811185,3.637788973192655,5.606119175016951,Science_PCB
,3.2779526160285313,3.509575719205485,1.8908501708401013,5.965403164452365,8.190176409941072,8.405636968500618,7.41084929022371,4.382986663399294,4.021990492379774,Arts_Humanities
3.5122750443351407,5.847834062250269,2.779798770351258,0.8623039729395088,7.79496300344171,3.457276080018612,4.17971504312756,8.13317845714261,4.815735277556068,8.287662417137577,Vocational
5.644300428883988,3.2214820936178166,3.1896335717673794,2.588406209579134,6.570461480370206,8.38771457165111,3.7922834582945875,3.033409241780313,7.871893878113501,3.4321657718598213,Commerce
4.587248149310571,2.3869473524560636,3.6655774960426992,4.7991513360191265,,9.195745642249591,6.170357287351022,6.888528082267227,4.535995207398894,7.000329882968397,Arts_Humanities
6.018676470913049,7.072419256498334,7.573038793801292,8.867411318685775,5.029600502032487,3.87808386111307,4.422560425329239,6.6724575971322215,3.641461584638804,4.447554897505784,Science_PCB
5.924188626461029,6.0492439928364785,8.556485031656894,7.819731502215022,6.962718226022761,5.431604279027995,4.296957472702022,3.795294963647149,1.7680077636690716,8.430915888409109,Science_PCB
5.083251428391876,5.127737051861169,4.933737751299244,2.0074267167542024,5.404239031187531,6.400945626368866,,2.21224665740256,6.41609989401303,4.636513987034123,Commerce
3.9759080477942446,4.800591472082877,4.383719451287733,3.3656482867479878,6.573183029592798,2.169403122169769,3.1448032855780763,3.3163267872052926,3.833373314269399,10.0,Vocational
10.0,7.358491328099961,3.8573294785274648,6.484012006390871,8.647872599531986,6.457887490196066,2.8986775687780457,5.795521349847926,1.7081927597615718,5.382970695325893,Science_PCM
4.538080933960787,2.2075747920572737,2.4498308990950584,2.5399923728691935,4.86011809087171,6.104430269869475,7.653056392724942,7.846089880024931,6.145726659393178,5.220708735725723,Arts_Humanities
8.507821684566894,8.582821285765107,4.5148997962113295,9.141612196884328,8.902506106481917,6.266410951846283,2.0038761380587626,,4.222376304348666,6.125759229942299,Science_PCM
4.735166885216155,5.654466216557251,2.4595260705805515,4.000115740252729,6.421353617152713,3.428194136543432,5.924037930399443,6.09474852362472,4.785340667658923,5.889407852459721,Vocational
9.561808627361028,8.812610761622599,4.627242511134753,6.32228020577153,7.933970285172849,4.877165877814425,,6.447886772385752,2.4035073589059093,4.447794153868982,Science_PCM
5.311856324153606,3.77635862142078,3.3126256040038684,6.806210844971114,8.256563236182778,3.129682752831344,3.311218163434874,4.622775739910404,6.374170121963911,7.981911910551598,Vocational
5.281763709745795,7.4248835029743345,9.254514754316185,8.451357412617154,6.136037326063824,4.141158384181984,2.761961213771488,3.692932198615235,4.022059049248789,5.768779265382268,Science_PCB
4.2522168078273825,4.019545445120441,4.102109132465463,4.830853104943356,5.199658935113022,5.733618742611787,4.397333564677279,5.344505656439248,5.257940247379573,6.732797655957982,Vocational
2.849806341455869,7.458319396279965,8.394560696485831,6.869759480647092,6.271574597321302,5.965997449276799,2.3381167602171864,1.5682717739837435,3.529268744170759,5.174833897343868,Science_PCB
9.221968297061148,8.402209041204028,4.27592367410055,5.485723474600648,10.0,4.252743920915572,4.473989805361111,2.3064479972626426,1.7906559065489338,6.971279240742937,Science_PCM
8.51488667917185,7.610955884949167,1.680411722552539,9.663382346122273,10.0,6.976863288622057,2.302894482848134,5.611525121586462,3.8315143323472727,5.5753093114652685,Science_PCM
2.051885614416806,5.976350799949482,4.00345887314391,2.578946867863233,6.742966289207573,8.912993623127752,10.0,6.638947874716135,4.91401543660671,2.958368700681582,Arts_Humanities
5.388988665280048,1.687649403120561,3.911346834933739,4.953184720714639,5.595821326305655,6.009593623674845,4.2499649915416216,4.305083719392163,7.768921102199852,2.685657507285768,Commerce
6.496197694823498,3.430612702242936,4.412223691934942,2.6979266451187893,7.282026262257926,7.200047209733407,5.484361104131369,4.090582367015711,10.0,2.9378887540352965,Commerce
9.44231107302306,9.848738254900624,2.4061470250397368,7.131881659845065,5.889739033953928,5.846757018369634,2.1173723517348675,4.759525523284969,0.9704362011544556,5.705715691820875,Science_PCM
5.434183453025912,6.918492266767176,8.402800401965854,6.0177310863534945,6.816176527927008,5.587822129305072,3.6494140850553167,4.710495177470588,4.351179758394119,,Science_PCB
,4.702569328717959,8.0420554545653,8.124434584645794,10.0,7.424128964828091,4.955216310597894,3.9958756577859225,1.851840479498338,5.525580248398211,Science_PCB
4.456215451216675,3.734435942863088,,1.9412864897304847,4.646539923266571,5.922397712145611,6.718059694265962,5.251917657421891,9.179893926721526,2.5713980647322945,Commerce
5.322640869319805,6.130225005932623,2.397183493587716,4.211368275189575,5.873169569464557,6.297181011437787,4.914495952182592,5.186834735742921,5.083295990596486,6.320662836801687,Vocational
6.08550317774396,3.7214404020488243,4.2150866817652295,4.0110831740916515,6.599490308767787,6.916379189209392,5.25531072232049,3.568915150355356,8.87548985715719,3.566937804351267,Commerce
7.006034803655218,5.519430462807153,2.8480557576689187,5.702792421782767,8.389694308839386,3.419732396243479,2.509433204196665,4.69321522389368,3.4760724771191187,5.542713546364618,Science_PCM
5.997262281622825,5.560854476831649,3.252171289530452,3.543376405515486,6.973307250425673,6.663350941400489,3.525785484810804,5.657610321917633,5.4562129993911075,9.132578697073194,Vocational
4.782348635132777,4.382114902009781,3.5309200572640123,5.487902181100264,4.51826319433817,2.280938993780212,4.919841880770058,3.3432444879749323,4.608565326323798,10.0,Vocational
6.222613071980743,1.650582756625326,2.5735094895467228,3.3922338694739804,5.336404772862978,8.426256272904766,6.1237907479728815,6.285127393255243,8.842452840147807,4.105804187352601,Commerce
7.871136502574789,3.714093905765634,2.6770498296376566,1.1811576454770778,3.894344898044738,4.113591702444767,5.993140916169511,2.7290756761723025,10.0,4.03932053431274,Commerce
3.7057639370582254,3.124647847057583,3.7525277990999033,4.481963581881802,5.610218272321053,9.660437424375662,8.347047643577573,7.044822193832977,3.6300621220498126,2.1377868621438014,Arts_Humanities
5.552529372193986,2.111636949141561,2.8129068320048742,4.905281093238714,4.684775286177775,6.6061379812962375,4.417866223383639,6.110823402767267,6.462167458572257,8.26229513349792,Vocational
2.7234360026996534,4.287346447016427,5.01681811084731,3.2419077617973877,3.557598101485433,7.850830582199882,8.752727640022739,6.012019690877137,4.031820517349883,2.6678197961738954,Arts_Humanities
9.799137232216836,8.126637436845117,4.034511412667503,6.418695045471069,8.435573511182943,5.349851456911384,2.413125750700477,5.3607059949562785,3.8453237072518736,5.771621103377237,Science_PCM
6.956808445713319,7.527761158160553,2.669009379304161,5.040476657895038,7.219294557995926,4.380905817919359,6.694651319698659,6.84226453207129,2.4647257570099557,4.527341722601161,Science_PCM
5.797117448931527,3.1206941651009976,5.914389140014281,0.5870844607026715,5.4951659259275605,,4.484514760032388,5.669773581766768,9.557234982335531,3.937918995964897,Commerce
3.129705622826287,2.7831658940792625,2.8148528983173,4.705170969861884,5.237087883718823,8.201975469950272,9.24584439364668,6.537003415106096,4.751822305975704,4.8567662402124725,Arts_Humanities
6.6174345627604385,7.911625667220274,3.3406465556966953,5.83039677756592,8.746796410688676,3.608730769164874,5.237041930015822,6.1223349805772616,2.671727465406146,5.472490639190795,Science_PCM
6.450684973366822,,4.87192608083086,4.00674873670008,5.6078149910299,5.67345667648808,5.106196467922666,5.2069494222932775,7.450583052902759,4.984650963465495,Commerce
5.5995757543156515,4.7523771457317565,0.6997612322401827,4.269279291654206,5.9765264446145965,6.16889059765831,3.6481995453801543,3.085310663823628,3.704198022653298,7.073815449470875,Vocational
5.990332749360734,1.2375845650652515,,2.9136984017191674,7.639995597254367,7.268369518335217,7.021086325485552,3.1856950681706193,8.017197366456346,2.384803966305368,Commerce
4.358397952564662,3.890497494596875,3.6741151668862537,3.8712878940890687,6.479045991141108,8.211534355542645,8.213487158455049,9.489517141890081,3.8787279982945364,5.00870768055555,Arts_Humanities
6.88571781245809,7.734710840229496,3.1425420809462112,10.0,,7.413618936437174,3.694795138183464,5.034523493420752,3.153852287404666,5.578144863653803,Science_PCM
6.497917095587189,2.4380977269119084,5.691518191583809,2.7464940420209074,8.02282122503497,6.25447049590418,6.549226250351451,5.454490548733977,9.99090728169506,2.9071891806866117,Commerce
6.433852252962412,5.888710512936508,5.979621584895417,5.781027685329761,8.667630712933528,4.473317095837786,2.590972272386739,4.284654381610772,1.619339863499479,2.905200645082873,Science_PCB
7.102722866301712,5.711924979002466,9.794325247953182,6.60284979650247,5.068799092621044,5.683519724482432,1.2165802630297917,4.18829768323833,4.672894941439154,2.017308222529835,Science_PCB
6.007203095629337,,2.664183535547547,3.336101802719118,5.145008058569791,6.583809603933474,6.316594061085158,4.192853621459697,7.910846845840643,3.784505608349966,Commerce
8.90808067489482,6.916620552265773,0.9335622586983403,4.30512153321132,7.04740065311351,4.903722129578867,3.11885093735661,7.018400511158372,4.437791380879488,3.7492815487558846,Science_PCM
3.9239212190223567,4.758095038534249,8.133381173484228,7.813887807483158,8.873056377405542,5.445663603761834,4.804519178140963,5.9031103533617575,2.6991191630045717,5.2730972747812395,Science_PCB
8.573335037320442,8.318982311693931,0.6906822147550171,6.149847926272002,8.779893418923965,4.168112413213091,4.680481696573381,2.936494438328661,2.6277240233752717,4.238132868031774,Science_PCM
8.941837969550514,8.410862231837573,3.5327769945273007,7.800975068402909,5.7596606556893235,,0.6657269161636838,4.546877904837134,2.993977136108351,,Science_PCM
7.675142904961023,4.804967608699576,2.670042030550879,3.7118681288937734,6.115341858082929,2.468124892869193,3.7557510712244335,7.8653609967853235,3.6405769098731287,7.526267630959994,Vocational
3.863243068199089,3.2383198170364684,2.9614658685987205,2.727345462607137,6.404218147682473,3.4821209360861127,3.33803985851251,5.489140476647551,6.290690542305183,8.779339025693519,Vocational
4.587899973889687,2.8733031368325226,3.822417563928494,3.101837397939064,5.287349377370988,7.615010730151838,7.945855665518881,7.801518761217165,5.034060265959293,4.757866917514484,Arts_Humanities
3.9707795495633427,2.1227830665613734,1.262228689748008,3.302597912645644,4.676205620619742,4.208734081895169,1.546161059433393,5.880813926439506,6.336048707691241,10.0,Vocational
5.617203875967845,4.7178878563284234,8.427609431555007,7.506919718587211,,7.069652536804561,3.0720277821332895,4.221860912980945,3.863579992672326,3.739255016394885,Science_PCB
1.7221042482246212,4.406111890948585,4.959151732089769,6.068640560740263,4.367924556330374,6.7775728360618555,1.6036878854382883,5.521534202021926,4.457626130019529,9.998038132401593,Vocational
5.930896565509312,1.3480157448166596,,3.9913514138442956,8.480333041350946,7.602235276346545,4.950211467430746,5.563491121256832,6.683036954771268,2.748785615214589,Commerce
,3.9210812703427607,1.7033719854925418,3.256529170229828,8.281586267275028,6.87080493242503,8.423063955216717,9.337581657341271,5.302274098695661,7.724203221830637,Arts_Humanities
7.137617608744527,5.845262941419837,7.343254813847067,6.8600787846049975,7.261105386458709,5.014431803664899,4.130894267982083,5.17969688897374,4.155678134526043,6.350627313944543,Science_PCB
2.646261129521129,3.3708188271434767,8.66823239796463,7.034518529557473,5.562414263202246,5.585192355079066,3.6496707777601527,5.727740629102355,3.177582967916511,6.0969126788347,Science_PCB
4.845961255954396,2.914789495682149,4.249950903778245,2.76221597275598,4.4767470742307625,8.148352842480199,6.858523134376181,8.201270076827642,3.2817060315329263,5.693702284493484,Arts_Humanities
6.368942990871812,5.129414143506136,8.5673817286907,6.689316737481833,6.3155412945290506,4.037591838367199,5.145507402716522,5.885390727136063,3.698664010495538,7.063854737526958,Science_PCB
7.698818985350259,7.97050914207666,2.190697801534781,5.606788275079732,8.040300835902261,4.06481477401684,3.9196367033212227,3.0048888576019275,3.9255701298883667,3.464077211692534,Science_PCM
10.0,6.698321137416492,5.1886620723994294,6.309730544077571,9.858334656190756,5.588382613866416,2.964205808005942,2.1499940822925874,2.7769661367187473,2.972801794102708,Science_PCM
,3.438329866290462,3.701244016967057,3.3875569877192917,6.630089409759506,1.9832588021035322,4.597514849049777,4.857173609431744,4.467473422409598,8.896014345323014,Vocational
3.9107539271023395,4.613114110363475,1.915127856798109,4.0540934533048185,5.32612783171372,2.5636579269695865,8.173575059636184,5.356061680275697,4.357198675502163,9.759746643159751,Vocational
4.718547051169692,2.6871286377735624,2.7629021632763857,1.6429096662808313,4.728896540460493,8.02554512367754,7.477828041851772,7.6248742808526755,3.2449063187145764,2.340710544290871,Arts_Humanities
10.0,9.163740476563191,2.0646756967297724,5.046745507146834,,4.793455839687575,6.646539515921623,5.065349552902742,2.2725560281356634,5.604604272350398,Science_PCM
7.529542493129426,5.757214424754341,10.0,7.957510002064255,7.6126255951996615,3.76356333790406,4.718779798274685,4.064588351544311,4.122020189694181,3.441579023418053,Science_PCB
6.374011315623432,3.5620634585824433,3.0144188665955034,4.184117405955474,3.5740695426497116,3.9083658245802364,6.158945653230341,6.679451254123746,4.796223323671784,8.646994070387429,Vocational
8.21760599431572,7.72776852484851,3.5076897752153724,8.821542157544066,8.735708483219845,4.315123289921523,4.571755181100474,5.69749597031323,3.851057386982122,5.969148578482478,Science_PCM
7.030701254072984,2.8631921288341045,0.6436351234607658,,6.942921282090613,7.24795153134984,6.048842659868672,4.046836944258517,7.45122987312073,4.717246749756915,Commerce
5.622397873617415,3.1024723946527497,4.498487740726041,5.5428134960360005,4.114766818726658,8.334517326394058,3.9771212581658504,3.0164201807709308,8.195428586974426,3.58633158622764,Commerce
5.868473866468029,4.655655518611376,8.103601177779089,6.602571547068892,7.782464343188374,4.617575374005169,4.815158537818641,,2.15551517752672,2.870703158951288,Science_PCB
5.21694706240862,0.17614241818773468,2.7787695201708438,2.9290006548949203,5.799636536458812,7.055589514112469,6.110650072028533,6.45857871996393,,3.4949784562983957,Arts_Humanities
4.754229401884055,7.512544558598416,8.101937297336988,8.935843532767239,7.557655008465359,5.054301951217212,4.12359768977679,4.9165843679998495,4.327147667303216,3.7871508007754757,Science_PCB
10.0,7.766625022732619,2.501856482523216,8.899877579914863,7.060840613343466,4.336854875357425,4.336324833095758,3.9870133402825334,2.9933415732639075,4.787524231918134,Science_PCM
6.306436890554899,1.9724947502131092,4.46567554194222,2.922430975271313,5.073934858333207,8.82200994260781,8.111074477053533,4.039445061695473,0.5182714398733999,6.154148808369264,Arts_Humanities
3.642532003856343,3.0948589253045977,4.478570542947841,2.0438370400685577,6.244595316944645,4.631707151837724,5.893408547251335,5.922722845558644,5.072863630184186,9.162044490802378,Vocational
5.964066999795308,4.253675829718085,3.161419831098304,4.235131294340349,6.640692568799733,5.016482935273529,3.6201492076616955,,7.575642491138502,8.82657793648505,Vocational
6.028960623530476,6.001683906053297,4.040939292768827,2.7451743256490033,4.445287471553796,3.9343074943711898,4.746303080577483,5.841093068300129,3.539148314679812,7.031363955390433,Vocational
5.214527813963612,5.795486817296994,8.291619174330075,9.340688556950449,5.419462211938463,4.4279906574340036,0.10414546218486587,3.874808333973617,2.4856633796361987,3.837029670765467,Science_PCB
6.975261462430215,3.899240871357148,2.9146801135474374,2.6887461281570264,6.098529014953659,,5.482955139704329,4.088390353419585,,5.29021959765797,Commerce
5.947722428721302,4.481435203883986,1.1237180156676225,4.1423488632292305,3.309309388034307,5.40137061255236,4.176671371974225,8.406409481458866,6.392706697684389,7.121099741898628,Vocational
0.9622362107353952,1.5624960162201014,4.492334346099836,0.9846731536291267,5.075299634836965,8.440024797795742,10.0,6.752474394609262,3.663465978191932,4.4318205035558496,Arts_Humanities
8.640244577645943,9.702415890318685,0.917062596623397,5.372858621662019,6.418338681745491,4.467622822966949,4.071527587822092,5.181444195656602,3.35915643312712,3.1634043509399232,Science_PCM
7.493136920032586,7.195369481631228,2.1467178383874583,6.264669627138449,,,5.722927140215693,7.447937465069031,1.6600678584879582,5.091544865525475,Science_PCM
4.804386700610275,5.475888519990937,9.203470089683453,6.42414048704494,6.466305815580481,5.6164705975789655,4.794720290268936,3.7140217989665967,0.6049001993601264,2.008423292226326,Science_PCB
4.125888001897769,2.5482079168801572,1.2968139505132483,,6.228387846628134,5.072787696930396,5.283414859343676,5.984515893848436,4.644592715625042,7.105009874818991,Vocational
4.1817843235194765,2.1629115239270855,6.953852338910999,1.1678667808950893,4.739843099595204,7.342535264049977,10.0,5.783824955029251,5.053698987381943,4.822912284560502,Arts_Humanities
5.755176975188703,5.504133192283148,2.776661608407167,5.99513722626357,7.211252661566059,5.3804349194591765,3.4041521744003416,4.673708921198228,4.575415064424429,8.578994626937734,Vocational
4.912417638600546,4.422484077892462,2.918859755084736,2.994847205069605,6.9059161016622825,1.764272587053286,4.232570293287672,5.39043068655052,5.544428932744433,6.609419364525289,Vocational
8.160830230098895,9.091899386672637,,,10.0,5.19234352795253,1.1850404601674884,3.4557878804627835,3.7165492473122024,5.514161838271261,Science_PCM
,2.3368198164214706,3.9460267856425895,1.9775830185855714,6.665464685664016,9.196786813252295,7.431177935237588,2.5433336745281507,7.802240521553706,4.547885962721939,Commerce
3.8176310759372214,1.5839644438202078,5.344577863303895,3.5102486181020978,4.58021971519487,7.8512084865861995,9.162545992168164,7.174065413461042,3.805188191773619,3.649444208220369,Arts_Humanities
3.1033883573036776,5.119234990600703,7.104299552121163,5.036440395067755,7.152074304231053,2.5843240919064363,1.7811452440863167,3.8016480677825566,1.9193284132636008,5.015331052869188,Science_PCB
5.652084815635098,4.433852349730088,4.309488787565546,2.7571155577932562,6.285271946205911,7.704528089982176,3.9916267102521905,4.516049094653982,7.05129345103407,2.7213453539951455,Commerce
5.599335995243605,5.4535432301327305,3.477213277233169,1.3195747574027412,4.954541004553698,8.014851869969707,7.190850308429358,9.643147139866027,7.411353743536858,5.121764910949231,Arts_Humanities
4.094610840924013,4.5380370311124905,4.970764297929313,2.4536647329896946,6.221590636092748,8.547532808763494,7.7980790678294385,8.300734918292497,6.921239823668085,5.11321086458142,Arts_Humanities
8.354647986026855,3.042765090021847,2.650266419405352,5.368436804566899,6.856583759825134,9.361434080380972,5.823338938414725,3.9838599605476577,7.704653651502266,1.5989049696521849,Commerce
6.98636253233992,,3.0036584863096683,2.51049271333063,8.16162853301792,4.46821263562941,6.316526481210342,7.161723607992272,4.322827969837796,7.833176550513285,Vocational
7.648775995941793,8.579893861926704,2.408521475556986,5.4067125071025774,6.838681153384495,5.7243642930387555,5.552818633333565,4.70798909764547,2.8457701760571528,5.371573981483306,Science_PCM
10.0,9.884148241607194,2.512571903196124,7.484968013964432,7.689319103964324,5.530361910948922,2.7203257161454757,6.606091401876867,3.4728075954458517,4.716562133464251,Science_PCM
7.35508019739441,6.1109827960833645,6.340043604339937,5.102643413482218,7.331606657028086,4.730427549951026,2.3110508381744435,4.418429310840722,3.8002608742196746,2.6114151892092083,Science_PCB
3.3171564440891674,5.859296660180135,7.936284269299556,4.789463214316159,7.5057488675638915,5.005950519150145,0.7710317546703829,5.591438518006528,4.865508031385615,6.437161644985544,Science_PCB
2.568161525464981,1.646542092389612,2.1685071475725453,2.531574136346217,3.9028327193146,7.936857064560948,8.284862746979874,6.477530351801196,5.635896130273054,4.422649313227242,Arts_Humanities
5.311576516675189,7.096057533265149,3.486395767396399,4.918123338284516,6.1765469740905115,3.7353174427952656,5.876910251264417,4.895388948169758,6.741843722377428,7.736313745228144,Vocational
7.779055872667419,9.392695900608501,,6.830966120051963,9.304836524004308,3.9908144566972394,3.5420811309451397,4.691519029632412,2.389212538951655,5.566095836744643,Science_PCM
8.739275180653035,9.251454844232894,3.3544388424617675,6.2700720651822515,9.407161890700007,5.643797059352281,3.501741800780833,6.414839643846447,0.0,3.1570105787925593,Science_PCM
5.8347667850398715,5.394934370055421,5.444151509799104,3.9557340906983978,5.7131440914751055,5.711686851668945,3.8624961073074333,4.264152285518619,,8.232169209999272,Vocational
5.052720188361684,1.8148389109806207,2.888058901073041,4.200750401979587,3.2247198957001086,6.28195742414059,8.203450263769668,6.521964711293136,4.117973033284336,2.8571245847715216,Arts_Humanities
5.323048671182232,2.36830843545176,3.2021035176798867,4.148729380933068,8.135702619509138,6.959875621884243,6.337190482090605,5.435057807996418,7.001080003487581,2.747668308389592,Commerce
8.448381832948929,8.575190986460624,2.6042452082863328,6.467456393121598,8.620060249730795,,4.1201456653943955,4.499267973740154,3.0516015845768303,6.248954599872803,Science_PCM
8.567703514628494,,7.952501122545698,7.654263420641195,8.283421558878432,4.763273067096805,2.67974992372823,5.8743460513137755,3.4922311209894463,1.841853258093733,Science_PCB
5.064829497201916,7.62952343791723,5.356373699840988,5.530418932677826,6.493572050081018,6.792369063049057,2.6319399132900196,7.781368053387749,3.71138239440062,7.766359145213252,Vocational
4.045695753207662,3.2726345885475205,2.5204404847432693,1.1173822223065457,4.035162134912077,8.06474004487852,8.12041006014532,5.589725783864409,4.451479607235343,4.086040578194272,Arts_Humanities
6.747297444975608,3.4316510301110172,0.836246530752744,5.053423821799077,4.801788044495966,2.2138972231382024,4.293933892263584,7.599725368711212,3.3577715968434925,10.0,Vocational
3.106899045911919,2.064589018354428,3.0757925078873827,2.867078779248607,6.130775531938886,6.390864914698842,7.613083065027035,7.2924262923307746,4.2458692485497505,6.88735081963745,Arts_Humanities
3.301169772963006,0.8710949061725426,4.667623327659476,2.052801328698929,,7.046587364918536,7.796833002658364,7.94828122232016,5.271185194915343,5.499028858542778,Arts_Humanities
6.944315467158646,,2.4384528116499085,2.256555442350729,8.677695669141663,6.254626687576312,8.250318779081255,6.3115753624930795,6.236964639249845,3.1342618855129207,Commerce
5.560064258559439,6.9053354580696,9.715641389329619,8.684596406747842,6.8689887092702175,7.30309054888149,3.7969988862520174,5.3220890503355385,3.3667142580853437,4.821108719729426,Science_PCB
8.32952121073565,8.453408662260184,5.536316328164189,9.70007468776988,8.590195475672612,5.708247771312198,4.899112204706301,3.4006406574024486,3.4329914844037317,4.966378297659987,Science_PCM
6.232923306981137,7.214714998104118,3.3914621657076314,5.588269495819934,7.567375088749542,6.978413047442874,4.214045496880118,5.877679694063706,6.552456555857539,6.08113766078022,Commerce
8.532667324580844,7.714083466153764,3.443961291197844,6.983179601465335,6.61032093608888,3.858893911485685,3.5382506482604645,5.837415195669163,0.12155641764409619,5.449444553742054,Science_PCM
6.880209367314096,6.4012725324059705,1.0600092310430451,4.71471433927685,,3.156679888179942,4.8402699231323565,4.245524171717687,4.39360803896007,7.461984147399042,Vocational
,5.041542675161722,3.8332879352134652,6.852881067352434,7.18351099319539,5.6645757233610015,2.741215536151964,3.8130460295498168,3.788178502941321,3.260102865279002,Science_PCM
7.245348209097917,7.05720611610352,,5.932197317008298,9.590035964857249,4.326194668486866,4.711044916736517,5.000436255937622,2.7963707330444825,4.9470087160239355,Science_PCM
,3.1945442084527995,3.0137477671877977,4.5339620379309995,8.140440998128984,7.261132101919907,6.544308490711547,4.240189719268538,7.579862777880668,4.8501821019056495,Commerce
8.790003665412858,9.863178858588025,3.1189762316251706,7.7550102239287355,8.4261818472895,5.278470144486534,2.4866728842569543,,1.8930016540585017,5.8652608072074575,Science_PCM
7.485436508962213,8.662766920108954,3.7174164029906795,3.207692155093814,10.0,1.5380776650414196,,5.832952444535081,2.587527257171827,3.0939582227895954,Science_PCM
5.00938399374273,4.142015971315691,4.349763178699268,5.397406847962262,5.386517611656654,4.187079540443457,5.179535765370965,5.666772734599753,4.558023268834177,9.848275420277872,Vocational
8.115400484162643,3.3916675849044013,3.0606148956322237,5.260590605157309,6.859921913039125,5.361682647754238,,5.143410695880288,7.688642628418178,1.247583694243315,Commerce
4.3282758834123785,4.199192453207069,2.8076290988021255,1.9663631067763314,7.268934553803184,6.020153606807189,10.0,9.216656119727098,5.618116368545898,3.6058502278864175,Arts_Humanities
4.045768190011611,5.9416357448433565,5.103377815104707,3.6190334355775526,7.659251970279083,5.109746652769916,3.3595458265172624,5.513596427294028,6.472590997938647,9.699984112439644,Vocational
6.032841680427907,4.205479250528428,2.9813657941345157,4.766195239087333,5.399484253952861,4.773086232897958,8.070067978547133,3.7139761424948197,7.761025291166929,3.9144556826061603,Commerce
4.310206562500679,7.274875282625653,9.76164737512285,6.205602705105651,7.641248131990829,5.360206132454117,4.220629006022108,4.799873993094813,4.555241330981321,4.598019406089881,Science_PCB
5.034646952601063,3.777762644645523,2.826800328514704,3.2678047999709854,4.884055869369998,2.8562210524239564,4.1636515946652395,5.533031300852212,4.014864281675655,8.701560133196468,Vocational
6.690182497117555,5.758856755553919,3.8666935950954895,3.7183815344610016,7.049172866312029,6.456643381342423,6.794399981048873,9.133344588014925,4.8561850147348995,4.2055431802262735,Arts_Humanities
,5.890124154035084,9.377688057863367,4.404352457841503,8.34392201832057,3.9628142561316313,3.931594141494015,4.820688094493967,4.4099623089029985,5.216201695161603,Science_PCB
8.190374132832936,7.653696262988358,3.3018208565141327,6.278074615535279,9.11300007930868,6.816530563165777,3.702058125969006,4.957283330918965,3.0691019518512275,5.000109711018839,Science_PCM
3.3392005774344304,4.328733416574437,3.769540660496664,3.345817816437918,6.510160575432947,4.602442912614174,5.881006100853769,5.535647698495065,8.95892326961449,7.766164659483855,Vocational
3.478876904996191,5.233154268980053,7.0228062782397105,9.80296206723277,8.138352191409291,2.6364995665240265,1.5321098853680317,4.3279506246352675,2.385827724305848,2.778303129500045,Science_PCB
5.234452070781977,3.8196522562417226,4.818315862122694,4.446149342281027,6.262402514072942,4.706785387934686,5.181678612694097,,3.7935029834234832,8.984982023987666,Vocational
3.4774087648355843,8.164208876372752,8.38258528666833,6.658366732587897,6.6438107056338955,3.579499919387468,5.350023694365106,3.9890311811381616,4.777621986059948,4.56714722878151,Science_PCB
6.080659969862574,7.483924998534183,10.0,6.945413522023171,8.514427778744565,6.706065119416567,6.844272668060649,3.524997742876935,2.3403792506794474,4.10204523700206,Science_PCB
8.514853872228857,9.727648767568086,4.113832177336485,8.09436608695708,9.22035145172132,8.52594903044991,3.2332898044741425,1.895421020313532,5.085530669972283,4.404990739756126,Science_PCM
3.6772704075781695,3.5706644325436403,1.8984686112905378,3.810779224422849,4.852349849535319,6.58659408193514,,6.894527589073028,4.07729277609512,5.734583873661267,Arts_Humanities
2.2682473417671787,2.7341219990748424,1.8599524188828618,0.5977688442529581,4.089266818856248,9.961290380145163,8.14827043803274,7.785840571930375,3.832454873442527,2.172283674712533,Arts_Humanities
4.378641963303077,3.0849658292851707,2.2984627659383587,3.4452063809729037,2.3392468747162045,4.196667956471725,3.839633491586028,7.027014428195382,5.549874959863873,7.580071339570914,Vocational
3.4362593291493084,,,8.321346108975508,10.0,5.023317568254321,1.3332146871126915,5.669999563758653,2.054997553390796,6.189151009719603,Science_PCB
7.439307071076284,3.8809996492469914,3.344912984101378,2.533943470179214,5.842663059486032,6.969301434720872,6.431054461626478,4.377940625526125,9.902860913121472,,Commerce
4.403884012746321,4.194996549922833,5.431743520818603,2.9310039154066256,4.56431113556415,3.0328406028977035,2.5733486767329596,,5.263774330395173,10.0,Vocational
3.864265646523625,4.506441118824215,3.2385229688058947,2.822940378580828,3.923987343220455,8.987684064923586,7.361408059769981,6.867650914841002,4.501361341907298,4.657591438796164,Arts_Humanities
2.9829329967531457,4.214910051674101,5.83010944192506,4.170840797654429,4.765959593924535,2.2145081419953025,6.294397446050047,,2.716245990628322,7.298454613306996,Vocational
4.259246448380361,5.812215217223967,2.568843063329185,5.058854967886949,2.469674394955348,3.7727908424638583,4.277238960358428,8.265302394345127,3.480218255981213,9.372291284081216,Vocational
3.521422505937991,3.3817570784972215,3.744558137454151,3.7831452017598113,6.2861748751217394,4.612474836214606,8.187351353972888,8.173275444631573,3.966406431649281,4.547063431037775,Arts_Humanities
6.842996077379842,8.12327491764949,1.4037097841006037,,8.006420587897376,3.1562869446567525,2.5221908715122234,3.3181662448156373,1.8674191063664416,7.601252032067199,Science_PCM
5.688741975931789,4.392243602734574,4.533013556008191,2.5121491973387764,3.1019456113789055,5.067628850992436,3.192618057706495,5.915101248184875,5.155515120634659,8.822555426931785,Vocational
6.7980489033900104,4.603152249267235,4.557286560096269,5.316651900464681,,3.441161065780169,4.753900510559234,7.569194753880625,5.688857714479888,9.472718945677252,Vocational
7.510426269122612,4.566779083496953,4.627656632808262,3.4314622111946216,7.318065884333582,4.587382754621023,6.426961834765893,3.497488409270071,6.353177617850182,2.5386173263863308,Commerce
6.353831710045009,7.616251728891351,3.4039654021965755,3.661311567064931,3.809705751326633,5.405551617719223,4.65409451388024,6.8466461965138885,3.51913851499008,8.957085445734709,Vocational
4.695024537375662,4.172170856824249,1.262942893966831,4.701654872433257,4.595332746704947,5.471260209698708,6.211371932210454,5.755710465299093,3.66969533500434,8.478291802987812,Vocational
7.46459345321795,3.536594883291464,2.424715594799518,4.962412686416036,4.708674735257907,7.00963951747478,8.454456688161331,4.7669623869268944,7.491707676959915,4.533479313472999,Commerce
8.428584673936207,9.472496766675466,,5.151707255852055,8.093937925847369,7.265557424627438,4.160502836758785,4.753841940923705,2.717009898534946,4.501058796579931,Science_PCM
3.379631382371675,4.365693744878452,3.339865615513423,3.795053174527048,6.372316155374301,7.411827558633468,9.919478366490408,6.513319676808971,5.511314486035806,3.9927331175835095,Arts_Humanities
5.520394428448295,3.523962244720336,1.7183473154293014,3.2065298790445,8.34306859062827,5.322927232773043,4.856895288244365,4.730714592759241,6.1846260412789995,6.734998743392071,Vocational
9.250623350775024,8.060524715326219,3.9904112062552026,8.528158549461413,8.750147453098636,6.971667974938431,0.4524127380747194,6.56758798729083,3.4875807974600423,6.4011963624687365,Science_PCM
4.674791926798356,5.289145482041995,4.179025805710976,5.554026175848014,6.671402492308953,5.652524836501259,10.0,6.753352658979615,6.444207219762256,4.53483147605527,Arts_Humanities
5.350139436636112,4.701779232763222,3.2559795201906634,4.061097806176142,4.067960585421751,8.997545045504936,7.75578146112505,5.959893291430928,4.258734718334734,6.320614181357113,Arts_Humanities
6.851581908102804,4.4254211744802525,2.695636801532214,6.755100634556301,7.948198477283533,6.90254275073866,5.058075787471702,4.278495049637056,0.2248982322800872,5.802466054639936,Science_PCM
2.938519012257033,2.726927495102341,1.8164484201191806,1.7497978016203242,6.33815457896176,8.844153848491404,7.1355527255045565,8.378958515890098,5.090594297461748,6.4628521309502345,Arts_Humanities
2.4551072487050263,5.919240252940947,6.409333225483116,5.122509461106464,7.158122681506863,,10.0,7.374970552241034,2.4804271950811008,6.454161838239894,Arts_Humanities
3.5323983372091017,2.290680489177623,3.4945585176787075,7.7684407976273775,7.146071411522942,3.779219798941273,5.051865774760743,6.945862979676789,3.22109528704728,10.0,Vocational
,7.6468233012065205,1.5020765063402022,6.687431643808554,8.632640686412746,5.602685331242013,4.973784622383712,4.030348447495521,3.4576448133438014,3.714784705735012,Science_PCM
2.4095223607510246,4.979786978697211,8.679666668159264,7.246526148044277,7.620893948683801,6.526176522370617,4.290987257358583,4.2214425746791955,0.5997618855433755,3.9078743764887376,Science_PCB
4.478512721155134,0.7868921905016606,4.1464735784008635,1.934742330422213,7.163594420372517,,7.039291049585018,7.598545925347028,3.308894498597657,6.149628683863064,Arts_Humanities
10.0,8.263607562728078,2.34953059938403,7.630709446309459,,5.498189553123646,4.781977212048998,3.7748972502137494,4.047382231015251,5.880621779299993,Science_PCM
5.544431030441946,6.390799248793897,9.220039216362482,7.327000625385353,6.843889181410632,7.293782028680704,5.072376913175752,5.120633745466915,,3.9976205091056576,Science_PCB
6.804167630503076,7.06851836144128,9.249175949233674,6.19568739252981,,,3.8682728375958395,2.3687931228960606,0.3468834941582246,4.913778563449049,Science_PCB
6.155496912510758,2.6564508463459733,2.208468284751656,3.572595249926797,7.5978761027107,5.870564713820704,2.3669069557786067,7.756751215378232,6.754246282078789,6.973789176170564,Vocational
7.558921609280368,5.067202733824373,1.6519079239436663,4.127426149292509,5.210212246757958,4.356213769233042,5.126287528327413,6.222158055315427,9.098964613154003,6.62315218308766,Commerce
4.904155057358933,4.24549352426034,2.404865658144187,4.562452998353598,5.08746175080268,5.934764331981192,4.2655160717132015,4.745958350273433,2.805976282603599,8.276257739117117,Vocational
5.9708326619143826,4.458484389796363,2.7392607005153344,1.184065217932378,6.097779398404275,4.98734327473025,9.94320035064748,7.222336304751788,6.880690416750621,2.254944868750594,Arts_Humanities
10.0,9.309764002282527,2.6663496486803213,7.975158355778028,,8.048629981017935,,3.2955069554957044,4.930394422754006,3.6242346339110716,Science_PCM
8.029698379322577,6.7765412752975545,2.4168665295631393,7.5880341358360806,6.464513206165331,6.328712173446458,2.7995972870969337,5.992156458953632,0.0,3.9774644923645806,Science_PCM
8.588287119920135,8.712566893534856,4.16428681630865,4.403293299243183,6.312975573671665,5.773378678411991,2.5706604695332373,6.2056328408858885,2.5902732931492087,2.4851100435729467,Science_PCM
3.90840556694506,5.399865136202771,9.263434960268292,8.273438195629842,,5.710161102293419,6.358502209527032,4.47712269196767,2.098856970014821,4.274108893829192,Science_PCB
4.514303825382484,4.983070140988894,5.768948524443208,4.738255900345097,6.964081101311853,2.9281640542914795,4.335130755651159,7.586970375027523,3.8459463844801,9.754789417665034,Vocational
8.055201242048339,6.171011584717579,0.4289262189227334,6.6599695286136775,8.573445699591202,3.8280309522785716,3.455182675454977,4.569878331887653,0.19718959212280707,3.8103379426766484,Science_PCM
3.4662498604066982,2.9191633720194687,3.210719351126493,4.040365760913052,5.815766475793018,6.02451626523821,6.5979421176314235,4.870767704275485,7.6588783914631025,4.04903976568691,Commerce
6.1255493794126075,4.248774991118617,4.0205127200594415,4.968769070920828,4.4419778323927295,3.581097112435911,4.746644032958228,7.1753156478618365,3.4842559957346197,8.242668078484474,Vocational
6.070083260177492,1.0532261761541841,4.139608025924855,5.377745752410777,4.750712178184428,3.9407529998545145,3.1036214485881253,5.321988744349175,4.359660947449715,7.612306343194822,Vocational
9.093807808824636,7.139496276613353,2.5280299994654065,6.503740737802172,6.945408460734249,6.133064225021256,2.889776957736459,4.5162423543459935,3.624970656577682,5.5804905288389275,Science_PCM
5.160203199197009,4.262930752906373,5.152600365333969,4.007137529797261,3.868828278191576,4.16447146512662,1.781592303922383,4.425806814240465,5.826157758598897,8.178457428060238,Vocational
8.301720707811933,8.498412023659544,4.299771520983383,5.623903093428067,8.33748826058455,7.425892211956665,2.5333353025436667,3.4310749775225835,3.2629980493805517,,Science_PCM
4.626881509535245,3.9138669945471536,2.820753154375093,3.5974052021360943,7.351029692524278,4.9564799582190435,5.192965607097555,4.745324252434583,7.584592081153129,5.860920248105642,Commerce
5.152518185574234,2.606992950179767,3.5375152810371557,3.3209751269852625,3.494222523568229,4.607776002294283,4.008553561100097,3.3521365220518335,9.03875032832223,4.284620501193126,Commerce
6.992733351870784,6.704853871441533,8.818086503133555,7.689169246936274,6.772541552271568,6.859332156272045,2.3750543182676154,2.391497335120728,3.798772159760217,5.320609826487292,Science_PCB
5.3702150453559145,6.743416937427723,6.901640383432523,7.964267279152717,8.419058705190714,6.132864111294069,3.6808452616900693,4.375351316664238,1.9146935013970476,4.406401829828275,Science_PCB
4.768220371414138,5.436061633646509,1.890956449213538,4.924683090231745,6.258351186013983,6.150122913449183,5.657057853913184,7.689971858740842,4.856451529339067,7.378528585680821,Vocational
7.127336358345616,0.0,3.4976994215246884,6.841418575227978,4.039114596468599,6.186219708888224,5.489715712837856,3.8986423417264495,9.847286515326672,4.614186318661892,Commerce
6.013372745538718,4.623960754185953,2.8702010139671326,5.850788822841839,5.7964998489703765,6.191011270073136,5.277658241896948,2.7883661427445867,7.1522550992137095,3.310133043339179,Commerce
5.385353956324056,2.337618533145406,2.1614874059353673,3.656257459525309,5.138261950122147,,9.466428893661742,6.763625545604166,3.0490596095103615,5.001564008233571,Arts_Humanities
4.841493188332911,,3.8539922497172756,3.1556402626927724,7.951399165521266,4.708786486193275,4.802746312071093,6.2564040406291594,6.303782829632501,9.248822638829804,Vocational
4.526727682250316,2.3341922023302972,3.8871717752325843,4.9530621126587935,5.7666880935017355,5.876907683435794,8.764160439530835,10.0,2.8263919429497255,4.538642060377729,Arts_Humanities
4.610077168566259,5.111980657939273,10.0,7.7748981980730925,6.28236785228495,5.298326929465229,5.258995650804677,6.406063665513386,1.9381688669486672,4.4448360468971595,Science_PCB
5.578024035333881,2.578935067135406,2.272083467329982,5.765008000055103,6.399633996442231,,5.159079083901969,7.679772194869437,10.0,3.0626192507615695,Commerce
6.836469635018938,,8.460033018061312,6.74076186681139,7.154861108176161,5.913398302738262,2.4804639384102662,4.337442259382151,2.206871474125752,7.489563290499291,Science_PCB
5.3100517589270915,10.0,8.870660993744954,7.005187698813726,8.846036293123236,3.106652982519301,3.6226162032954266,7.092757043085395,2.84894093033232,2.2467086419574973,Science_PCB
7.7638166097446915,7.188015569320267,4.722690747537291,7.4293769293015695,8.224746056692288,6.14833527339064,0.7606499484714053,4.443926333466821,5.596768431146192,5.172050458323475,Science_PCM
7.066794904073879,5.0398118993301075,3.0024740975901594,4.189618560072121,4.16513382219444,3.932196911187842,4.083899314430278,4.379167917117153,5.503560262392743,7.842703486603327,Vocational
4.347902761740449,2.7533331847916815,3.2598115183157996,2.694588573825658,4.049285983831217,10.0,8.21401180697261,8.276010290670024,4.064951285013913,4.038807225937871,Arts_Humanities
7.4088500147895875,2.25538945610329,3.031300628429085,1.7039470744121987,5.764414225802877,7.587999621311363,4.934553951123012,4.1762548822730565,7.031265982215133,3.1571340622875965,Commerce
2.537220007707719,3.458189412989098,2.389495980733104,,3.9142957917606105,6.686942223344685,4.556579213191462,5.839909823911024,7.070527853917611,8.479138088691647,Vocational
5.359068468002856,0.6070278567726226,1.5821420333199296,2.5347895714493482,6.096416029587829,5.27100251683224,4.832512416836158,2.907070113942621,8.722448068090651,4.55342897296038,Commerce
6.1301230549474,5.201850483424002,3.8553650671970137,4.141308570019589,6.666607812922473,5.434234905903888,4.843061521415013,5.0981087167877455,,8.41288968259149,Vocational
5.296291337933656,3.8536014389481448,2.183184018995063,3.138123627608572,6.573766300288934,6.046595514438307,5.793877465832633,6.570546992825439,8.276583561316903,5.533139152634968,Commerce
4.781053713738701,5.218915301417529,4.2301305337833455,2.273736504843407,6.937789957666349,7.179570714942645,8.712625414813848,5.818991309579473,3.156734404462222,4.566802671567042,Arts_Humanities
5.6109079979465655,1.2717126409388697,4.240737333317497,4.3409809074918115,5.257709816856183,7.821318909238939,9.043984179680399,7.948262201256725,5.257058389577259,5.229664684321582,Arts_Humanities
8.642330967281215,9.462557098220433,2.9825594769977486,4.061460815460792,8.252011401565087,5.288361304377611,6.224798375293071,2.605720713204577,2.4921191166210455,7.217608484707934,Science_PCM
9.751848745224283,7.0580056330269585,1.8901130106363646,7.597617741519484,9.78511921520491,5.552333452600601,,2.731664123823875,1.1447226771578864,2.702091253178805,Science_PCM
3.021170462036787,1.928940991888374,3.6018168992606103,2.7363236472420005,5.31608757829415,7.77286461086202,8.529129413285814,8.20217025704569,4.6941303339330975,4.130342638414074,Arts_Humanities
,6.915447448660117,10.0,8.43759298463973,8.900338917811496,4.4000672229694695,3.807221566636661,3.273892098319793,2.703904790744254,5.503874920558256,Science_PCB
4.3209237329863175,6.948576819447258,4.048723845208722,4.690798431011719,7.786549305965281,3.916219887182033,4.385038560625039,,4.775944386070348,6.564394218884028,Vocational
4.954065082017867,4.047211145106877,4.581025429228964,5.511037538154501,6.909444851120925,2.9588868762580107,6.196384323197628,5.534684169543062,4.018461601191715,8.279873994200985,Vocational
6.498119729453051,5.733708413886796,4.022220768779054,5.078923912740127,5.206210384810481,5.818562221868497,5.194006009343113,4.313355559370387,7.189567554856243,5.645713714523864,Commerce
3.335813539703322,2.708823187130498,0.35246878539405335,2.60751282125801,5.6184169568205355,7.466935497427009,10.0,5.988794089077141,3.7673443917648965,3.3236656070183908,Arts_Humanities
4.851381185049471,7.156150129904054,9.767177359612557,9.203051600727035,8.136645156980304,6.905787232118291,4.452781124668795,4.845187243851414,,4.191562365173377,Science_PCB
3.712118466456621,1.465333087149479,1.8346212970384466,,6.407207485587133,4.940777626428754,1.413233807367833,3.1429146930336946,7.886582457962155,3.212915665766445,Commerce
6.994189893245164,5.941847185555772,6.673286331119952,8.755968585305338,6.518518207440561,5.9446044946473275,2.658302742976625,6.637592223303798,1.860465728561844,4.061341319661973,Science_PCB
9.352303479522798,6.590006190832891,4.836266990949308,8.331328491793332,8.87685111869392,5.704402696467051,3.228258067164354,5.3820811368200365,2.51798837969932,5.306240831831862,Science_PCM
7.785581592530892,6.5404010380477065,1.460633168532246,7.1124572044979,8.925112829426109,4.469716420404711,3.5345609437239283,5.241698146980031,3.803647929064891,7.017444156159235,Science_PCM
3.686986140473702,4.0232832632113995,2.457598912948014,5.0400892488307285,3.3695864464651715,2.7567632054334466,3.730990045626116,6.887830831079823,6.602978357269604,10.0,Vocational
4.943878493876502,0.636295802737481,3.470762468725507,2.068366132945398,4.605099799672139,4.715731517673284,6.510561581559222,5.4249027470378115,10.0,3.1085813926051347,Commerce
8.147793430794849,6.792314082730247,1.8713485401669863,4.873897777004784,8.808033195009735,5.391516581805428,2.9280159841113784,0.6576955283514092,1.3784872893975804,6.457092846824117,Science_PCM
5.261076167269884,1.422316388419115,3.8912730567696068,3.2057861483832903,6.748591600713171,7.826928566741989,9.528470257356826,7.276113820477673,5.06471028456024,2.546176586578587,Arts_Humanities
3.430214364745322,5.1507045081937886,5.360472919538022,1.8813346898241883,6.829022493781426,1.2018122295306135,3.9796273807640317,8.392670685915354,4.573178736933273,8.616919914567289,Vocational
8.193415483041564,7.601293525826281,3.136097038854564,9.205562687862106,6.757536929572435,6.500813960971961,1.0388774903904632,4.7824551056972116,5.04760767589135,5.6352690818074995,Science_PCM
6.28446518236084,1.823864243377463,2.5644492704440864,2.825501092734469,6.6037849447440475,7.822128348343648,6.78838669808095,3.4043440461171057,9.798008276009899,3.9426893217598638,Commerce
2.929022604321535,2.612016396862861,4.635646463232273,2.33129427423134,5.808924027154196,7.983417134374376,7.760543528892285,6.815949430210567,4.8813171331911605,3.230045422696326,Arts_Humanities
7.423467485746215,5.858902377509296,7.4784648498023945,6.828813124080039,8.43048188490639,6.378288623113822,4.228427931701934,4.165222441417271,3.7453712112248287,3.6633705375641576,Science_PCB
4.530048572174456,7.1305784837028385,10.0,8.873301261840147,6.0182147547578735,1.9386069410236768,1.2029495324309294,6.3481150715068715,2.478368578884229,3.5240579962553538,Science_PCB
5.45331259742423,4.089823998379263,2.766750067806879,4.732591873906638,6.1468517571024535,4.049823467574695,2.3497139851611033,6.5932916409932885,4.00247464852621,8.778643397981401,Vocational
5.829165863383955,7.1637839228940345,8.855317633497936,10.0,8.858723688211544,5.1002139058678795,3.08656433605081,5.110605735330959,1.9105750654466094,6.016174798492233,Science_PCB
8.44223298198434,9.677732891017527,3.5342773499711377,8.017326473429707,7.328833906104053,6.181136240450472,4.4473285042966495,3.7503585200961993,3.7274024818010165,5.736044086147283,Science_PCM
9.471453666486491,8.074633092869606,1.5474741173333426,7.539001170534714,9.252260123959717,5.614351765230302,3.7854604053339274,4.163682327808551,4.921762616430877,3.8291001611735203,Science_PCM
8.519084181856625,6.973017739972116,3.1689088104158962,6.909261578509221,6.766483385645539,3.586643943278559,4.2346993924527006,1.1175451904328044,3.267033685049638,4.378492024920028,Science_PCM
8.028190908945636,6.406301888177353,9.11726121972202,6.600380565998122,7.938956391331403,5.005437410723385,,5.294302547772838,0.8823031654216105,6.576136217806278,Science_PCB
4.309861621262144,2.566060799094359,4.589645837052978,1.352113150652681,4.515490960884031,4.896065128961841,5.6603493129737,9.837650132972067,7.20867771732957,4.620544066791139,Arts_Humanities
3.8627630132820263,4.292881966340081,8.299006013794118,5.954455800323114,6.086418552232435,4.493688349523335,2.9273397808976087,6.21925563098006,3.860531866259672,4.520968239858805,Science_PCB
4.985306646266223,7.890873453246748,8.988890475217003,6.409487057633727,6.1091843506672685,4.772389647505243,3.969557249270195,6.239654972820249,4.368149916638922,5.092815836741867,Science_PCB
5.56221737710894,4.656923460431351,6.066648209658846,1.126411082164108,6.110143256078445,4.508346310081658,5.5603714450835575,6.931404765603531,4.78551072482427,8.724446670313782,Vocational
6.8917969153100085,5.095271209660282,2.5118805874381573,,4.424186285177022,5.0466266165568,5.169942200294587,4.222692389352011,5.227694242601506,8.347154764605305,Vocational
5.596674999526633,3.841579750649302,,4.605364112961861,8.88437810984993,4.9031337550430925,5.406994450718309,6.377551058684841,4.871171830571447,8.163570985536163,Vocational
5.6769654007475365,5.753370850535243,1.1701725552523965,4.479604009204081,6.9081377892987295,5.27468436079102,3.9583287677211136,4.773454719324015,5.105271503154986,8.822120576500945,Vocational
7.238805624453164,6.845995647571073,4.736519637216302,6.751252817296422,10.0,4.924703574540161,5.391559249151925,4.6709315618470875,3.335697470319504,7.034133428170875,Science_PCM
8.720618508685655,7.429229916863581,2.4870552925697877,4.232042744039977,8.834932547197509,6.59912804102641,1.4516948746782004,3.6401580400011393,1.4952959780965511,3.7450434467486073,Science_PCM
6.811912953654871,,,3.66416547840884,5.141119973096655,6.686291519242005,3.193674293530405,5.390440923651511,8.920516308540039,3.9251789387943052,Commerce
5.753995190720438,6.470356827986477,6.736420193779152,5.494770009857971,5.84639297139681,4.245840024085255,2.6630287818357465,5.325123834717005,2.78039209677784,4.755312986513244,Science_PCB
5.097195040663334,3.456471314162161,2.1735724720627116,3.687090202666611,6.454234507423831,4.741297559998276,3.8095151291351343,5.257250124771785,5.826557240845398,5.384243499718588,Vocational
3.624547478206922,4.318965494152354,,3.3401140342017084,8.565139640387136,4.803762866426923,4.419644151826036,7.5481063575355165,4.525222404709514,9.80965589380252,Vocational
5.782035528992993,2.8636853958820563,0.7392713032441898,3.0742658974896293,5.760918915610081,6.655460883117847,8.69173785076282,7.030676034855821,,5.372930363512069,Arts_Humanities
5.112578737537787,1.870071318650152,3.1613341995403657,4.232204797439271,7.433317351495649,6.997873976276009,7.871335197749896,10.0,4.625139624699664,6.870370564510493,Arts_Humanities
5.550557495706197,4.558514008138752,1.9956220560780444,3.7588760313244673,6.263758567310996,3.851261968485885,4.07770384601658,5.774623087998662,7.744988130703135,6.115736381764229,Vocational
9.443927869880234,6.789604465675266,1.701111641269684,7.047847148826041,8.724909281547893,,3.265600870295606,4.518293707735556,2.7203060844975324,3.9425924639493206,Science_PCM
,3.594802359232273,1.6969999033542222,3.090796465106611,3.923344092483469,5.181592400217724,7.26844166076039,4.314772848297413,10.0,3.876047809955127,Commerce
9.643217367321677,9.011129516057633,3.0858399068295808,8.465413569058443,9.107762144927658,4.38291979825179,3.9793760193072485,3.253452618922301,4.141985391699454,4.935096315717871,Science_PCM
6.687793205721714,5.740490752063414,1.744284936630337,5.121404741338599,6.1617545591715395,2.327395299136532,1.8128820225578068,7.349386077027009,4.765870908726982,6.829263279808662,Vocational
4.005224342035571,3.6841608164434114,3.500855670689908,3.1772369611607982,4.774486900242539,5.780830082037337,5.834003165003876,3.859039773336737,3.9363796267297144,7.8967942970125895,Vocational
7.401441073640104,6.591191524434521,3.4479863761754648,7.493064044674712,10.0,6.9299735454447084,3.3281027465094764,2.8825323574808697,2.585161423885833,5.282400553253682,Science_PCM
7.476578803505169,3.456936122829387,2.3699625534995814,5.0944951692885745,8.016530272759939,8.131997199180088,4.390983003594295,3.8561767937482476,10.0,4.313481599600029,Commerce
3.0008165126897133,5.338194460444885,3.161464772355866,4.604212520730683,5.805647809746004,4.735217549662902,4.440572355793311,7.02257965505859,4.741439702049414,6.608243354711122,Vocational
3.314539170169306,,2.2776751481625728,4.60781472956805,6.087628126519494,3.8978813341175567,7.080441517918918,5.043918484988137,4.844739611732374,9.330911465656763,Vocational
3.92093117449887,6.928347873119291,6.961113173821746,9.635554592518918,4.7695142303081886,4.0796794485015635,4.042582043941378,6.663503226946929,3.409555946951022,5.231715296237109,Science_PCB
4.317542447730965,2.7930679397194744,3.219705056565785,5.090431807878177,3.0854927571548703,4.03267640362967,3.8326206005391263,8.055363289033437,5.561289310205371,6.969617752744551,Vocational
3.469458609818779,1.7600937488253863,5.160065758975212,3.7070793633688366,5.927159643980735,7.176278289571311,9.053362956427794,6.089138522439485,5.324281062902742,6.292552709488073,Arts_Humanities
6.396070348858375,4.123743016067051,1.2577290994596373,,6.662022379737011,6.171415002305247,6.898417312274313,7.505380463335679,7.268818324777863,2.6712865802302943,Commerce
6.39838133562694,7.866771562242309,7.896305490145917,8.13075770092102,6.688497697934959,5.9751335485500565,5.535513390564231,5.1612574059235286,0.694561099547415,5.0901943208810465,Science_PCB
5.75282207456136,,4.306456774763678,7.133434835418431,4.735288484046141,5.017571180110821,3.9304433874235545,7.243841650889332,4.919952661134356,10.0,Vocational
7.856839798143087,3.3243003108578595,3.970343685522849,2.5223626607999727,5.785702303946306,5.373091932099639,7.106798027592411,4.904832151685879,8.977169584685155,5.765639391236473,Commerce
5.137645725836202,4.314549306728305,3.3309203631665416,2.865458592059818,5.155512677617836,6.663586871787083,4.967694781733922,3.0579917263160903,8.067667864078132,4.441470410231739,Commerce
3.750444534798765,5.03552511401068,2.9565029823245106,3.2321953931632184,6.288571104827256,6.863853494840253,8.40528582794497,7.153439649989921,3.832042471572235,3.9283600980717885,Arts_Humanities
9.085412461456958,8.004041115241328,2.025242660230127,6.693421829172691,8.260571529530212,5.148798331861775,5.802743614947989,4.372020196999756,2.6829350567694608,2.2733137551068157,Science_PCM
4.819552874374215,2.2292247813719444,4.390563652745668,5.77962681163077,3.3814730823704164,6.904773344660655,8.192033173152717,6.957785304715464,4.0674162921711625,2.804498054728784,Arts_Humanities
6.045304360709223,7.635112636130276,9.982329265227564,7.5152313430351745,3.9015946861554296,6.171713664243006,0.6146834637900316,6.410918400223601,3.2203160325512385,5.799576225833586,Science_PCB
6.554381641057757,2.770831181903026,4.442251445949674,2.352274831088119,5.241419607571648,8.627352776044164,6.629156519054087,4.034587902341671,8.873594922536615,4.2012299178809895,Commerce
4.590934823512654,1.7682105176008607,4.034097837331524,3.8770651191628818,6.1033448820188845,3.129468529977051,8.172119916204204,3.3374463946003776,10.0,,Commerce
5.547682116442335,2.473686767955598,3.739531789125919,1.9832987642311293,4.2109845936528965,6.50980882255273,7.931154700920632,7.824487320319425,2.014640292323044,4.439740186645005,Arts_Humanities
4.543522412674585,6.911756089848274,10.0,7.0127664027728915,7.092293130052433,4.919933156348559,2.8655741279694853,6.507784321554275,2.125137676954296,3.8836953846237305,Science_PCB
1.9796975326731925,3.328505435410893,3.440509315573919,3.1689561797507957,5.546318627537737,8.336920834835107,10.0,5.966640364289358,4.055201963849454,5.3666042176516875,Arts_Humanities
4.440650469013449,2.5345294370261096,2.91011494480843,1.2631197184279725,5.60093274948532,,8.081857146765445,7.758401880735334,5.472402941556667,5.4120351135226095,Arts_Humanities
5.229160146446642,5.668860529198846,1.586048199416208,3.6291123888961856,6.577899283992856,4.585280192845373,6.407533955700725,3.951299634357006,2.802997701670027,,Vocational
4.327255520364633,3.9817402847099292,8.838980699383518,7.456315528057015,6.360996925995685,5.610059664952593,7.097666659641938,5.5848832115797755,4.364348187622315,5.5971179590193625,Science_PCB
4.301920570541014,0.9023332444527479,4.043635770062794,3.7093628395671727,5.337333563281841,6.422584323268039,10.0,6.109150912344365,5.3590038683407135,4.760065687783116,Arts_Humanities
6.036574485959324,2.0637794925905593,1.6599697191801253,3.3314544193578066,8.321161385810099,6.680645168018547,5.418434082536276,6.463505091784085,,8.703785611744909,Vocational
5.148920449640549,2.4958461090134447,3.1095866348906056,4.7970256796654045,5.040020951162363,7.1776771527485135,10.0,7.438019013901966,6.798952927067999,2.6820905161029973,Arts_Humanities
6.883472335515411,6.895195211272554,9.76966498097157,7.551106985831585,8.00985000852469,3.2103237739646917,4.622013773458962,4.730255779006539,3.8152424801939153,4.994030288763197,Science_PCB
5.719945480468905,2.639759322355412,2.5560320413041797,5.741061976561021,6.860788865937784,5.771608990032405,5.411147875129448,4.463192663652053,7.5016579361378035,3.000130716932989,Commerce
6.2344228496108585,6.22221988246679,7.488439005581231,9.905536019087533,6.542816806506329,6.508477990584883,0.35580143249557095,6.159412147615208,4.909392868050956,4.53878392326463,Science_PCB
2.9584812072311086,3.115608916312778,3.1489224243810554,2.12375759602468,4.971076131078883,4.012980616399185,6.202588922666702,6.185293812978901,6.338258448883042,8.892177134452634,Vocational
2.639963114350235,0.8096783138381376,4.5813808877252935,2.289188051056509,5.929504082352777,9.61161897918986,6.798398180090469,7.441321405333301,4.278097609915469,4.9936657383163485,Arts_Humanities
6.338521696109578,8.67090862300701,8.601985170011284,7.419835085031497,7.401703062911412,8.142038132123439,2.169257909790142,4.764169013412077,1.9604453510130626,3.7888938629015065,Science_PCB
,7.258398445920024,8.386952031712173,7.94175114683756,7.598284231265582,6.792655608561613,3.6075336624221457,6.333210593892517,3.4022366916879023,5.311439554210392,Science_PCB
2.879973454858848,2.4485981642997743,4.182357473612092,1.5523163189006592,5.357674817510812,9.41587833908737,,9.121654237870786,5.973683065407798,4.510059834748105,Arts_Humanities
6.48547245918024,0.8629897555189916,3.6978626935772274,7.532451544868323,5.840520912550864,6.34513745616877,6.466689100129589,6.638932468657351,,1.197711057841384,Commerce
4.216691774871741,3.171653750611437,3.1334967022408056,2.846096733465619,6.363766344524861,9.833867313780585,5.341921832549495,3.9339726843443934,9.81993137169641,4.311458737389178,Commerce
3.4970451548566936,6.388593598359396,9.378772512549,6.159437311028539,7.011925222636768,5.348853361096524,5.894795856138742,7.001844848116345,0.8363366886707388,7.7421051074463865,Science_PCB
4.92264210932483,6.987200771479966,8.893962767812532,8.267416744882308,6.915440625465548,7.020670035281172,4.70210895580073,5.079983305521977,4.205809510507606,5.47555062072465,Science_PCB
3.702440378611785,5.885694367754133,8.884843000155403,9.90560220399688,,2.4655698451266033,3.3778189373799923,8.061355373040797,4.126276105480551,3.4458443730488346,Science_PCB
7.098188432945136,4.952208308518663,6.688225770323977,8.72537170716973,7.639985985519448,4.69332579315674,1.4431828790350067,3.5319896366298678,2.9288842320959474,6.0153737168489645,Science_PCB
4.560719797485284,2.067543658328276,3.4179843615113072,2.3765322686780914,7.658492464664864,3.747531761937126,5.385957781564858,7.415651935600484,3.7585930116758464,8.59886125282112,Vocational
5.951549739900582,,3.719616794486365,4.003721348705182,6.188240336196077,4.495847432241615,3.482935291577431,5.330187682628531,3.5542012221009953,9.186890223324818,Vocational
2.4307019755294084,2.3215838656846035,2.933899397757934,3.036405080472902,6.321233334279547,7.968327006832296,5.082003479949894,3.1250487650402756,8.92230715606436,3.5753896663618554,Commerce
3.491110070812615,5.605837898276353,9.924179134944552,8.215563564215222,,6.2939648025350525,0.721249225095236,4.210331171515625,4.479343800220064,4.523912480242716,Science_PCB
6.544960790777787,3.6926900250385217,4.423700305706376,2.5500737822384134,6.040531983264017,6.476796770219891,5.145409338027645,3.9932528351530223,8.594728709177039,4.044729744781185,Commerce
5.9086335013813445,1.6807725662328525,3.5009107369155386,3.4869780363488108,8.488623031184916,6.17080268659732,7.0184044009245685,2.8527850759310316,,4.938160547752337,Commerce
2.4720321889253705,7.456440539413921,3.197002293145266,4.452151286824354,3.660718195089168,5.795933041294217,4.553914297257242,5.920092365455227,2.4813993506261602,8.595935858001656,Vocational
4.098446865488934,3.599106100189571,3.1521108895751366,3.856336373122218,7.552430561804821,7.829328281089821,10.0,6.704925449107146,5.493324851157223,5.135848637115965,Arts_Humanities
,3.755411314539088,,6.138780763003609,7.758922508880833,6.281419388638582,2.3249569235448626,4.161702780267943,0.5842845392537037,3.8573580647624977,Science_PCB
6.934208113008369,3.294572402629107,3.728686757854698,2.6773035086922485,5.775186953308093,6.713391568099352,5.820161518942016,5.1418395287983225,7.747046520117631,2.2537302122567366,Commerce
5.776919222112409,4.611447679114095,1.275746731535852,3.2128518314838836,5.407557485907336,6.31941464348337,6.602928383651689,5.2204099306068255,7.526712998912721,4.177708964325376,Commerce
6.219129000082567,5.581697744779251,3.753500087317997,3.425380135389773,5.640090715279217,3.724926458322602,4.244642401391978,9.403625450654538,5.236846611148603,9.085318522148812,Vocational
5.405112182376978,3.1254660034803354,5.609268379512343,3.619339851317793,4.907823838960357,0.8216431070762544,5.3247194685097385,6.131316431560449,,7.9763279275559364,Vocational
7.040543865289778,3.910255630456572,,3.931205552328972,5.971779002145986,5.636360366555105,5.667755027163405,4.845051259331489,8.011986413003699,5.174973395192373,Commerce
6.628451377224128,6.501556794860889,4.155601052400586,6.78365388009022,5.036715026463655,2.3777252453968454,5.86913148825462,3.6098272907262188,4.018496070490254,9.176145902149635,Vocational
8.112220551869733,6.7360304197303655,3.5816469245630924,1.7788102768508562,4.99484634810426,7.16185283976626,7.243450295185672,2.923242175095587,8.338367332896429,4.25471168377716,Commerce
4.454425333221678,2.399409096939461,3.5649687671185744,1.6028981878007027,5.821824080095432,8.057444185447462,7.7978003797057855,7.428463643692615,4.674205819018283,3.698735830755354,Arts_Humanities
7.56491679893308,4.260681294699399,2.9293475153257065,4.943508264064702,9.300028198256339,6.912633583439248,5.6517881142343365,4.721815208704806,10.0,3.221042944457201,Commerce
2.1438162772126894,5.137247209974352,3.4710447377751947,3.412773632053768,4.986442651110648,5.832805213719671,8.318507131994487,7.93516837896063,5.379093080323372,4.242556842029428,Arts_Humanities
8.029617701790356,7.363324762228428,4.181181767859744,7.040411264102499,8.862148688865348,5.51818078842488,3.937558064587065,5.052455666666994,0.48194298748295994,5.866544469192394,Science_PCM
3.080448210142777,5.635046578894075,10.0,6.933550885383238,7.131217829255701,6.973926054333216,6.23895015326159,3.7500969849071937,2.9781122591465463,6.868671787745695,Science_PCB
6.092520374141124,2.2726880339064266,2.9188877021145885,1.4113942969522688,4.085792351292997,8.524579051690099,7.053968510784237,8.46236963374879,3.6381441389393205,2.923056052396758,Arts_Humanities
1.4520622917621422,2.87492717953939,5.393695506191142,1.9794734731530663,5.223309546446629,8.431260680572201,8.739861119839615,9.535501618090738,5.0830159530952015,6.226104764168485,Arts_Humanities
6.697625070748749,6.167039385990961,2.7740109898769987,6.051549647623659,8.991362297393108,6.088299944673469,3.9171045402219895,4.810181028206976,5.051098666411452,3.612128100241648,Science_PCM
7.103526496845592,2.5916075555407394,4.025194455044787,4.568898110228464,7.371442923135082,6.682703293393453,9.713636800069821,5.870893805504707,8.922340911728874,2.8612982616937446,Commerce
8.978863596510855,9.100559181596426,2.257773240021667,8.057892796956073,9.88901302278575,5.802741426178319,3.8047211605083047,4.851446211066244,1.8776511558388038,4.808212715687541,Science_PCM
5.594276083939821,4.450942602746328,1.2795469452078343,3.5064437061117912,6.307152001765718,8.002476348747944,3.439168990609905,4.539978313095375,7.089194121515214,4.657144857470758,Commerce
7.03366106944263,7.358578257502518,3.1838453153427073,3.977017212663427,8.807873951824435,7.973779700956419,,4.837750213847162,4.332398201063019,4.786860449964904,Science_PCM
3.9740575363680604,4.344841365540337,3.883223152144583,4.870254075012772,5.436508071288776,6.448542470535816,5.460444685626564,6.694394073909004,4.815481782576816,2.7559723463141657,Commerce
5.249335979605878,2.8373107346754924,,0.0,4.990070296423003,8.439753890975377,9.10487683801784,8.751062424734673,4.226664922694543,4.284647443588606,Arts_Humanities
6.183919767322713,4.243351507035977,4.22283623718746,3.089169471799503,6.198155293368892,3.8405982983600735,5.097296070757019,6.492051722870975,,9.53290163360716,Vocational
4.866904075936585,4.2517614082670425,1.964972957333992,3.985956893736662,6.80476123535913,4.525958291496824,3.4207063564666207,4.378200001223471,3.9475270421577475,,Vocational
6.243707973824286,2.196387876837151,1.0030895532418587,2.019097101805435,5.9438272250351805,7.628629813644669,6.673077642275917,5.319796071228333,7.541176076711673,4.031914782125185,Commerce
,6.242229661296479,3.0253726311860194,5.564764611214624,5.296170672095518,9.73686317643631,10.0,6.170165093365074,3.8695024982218706,3.15712700659191,Arts_Humanities
5.957721541113966,0.9682424350860868,2.9171366019055913,5.853534115650431,5.509376201683725,5.665211861029351,2.365662166383586,3.9174136328317806,6.868415195198804,8.63157997548443,Vocational
6.2594975703729565,8.58729918122328,3.6207881384468337,5.48884258581809,7.57426734555738,7.281703285198372,2.870760828955521,7.415796406123881,2.99750419087075,5.5304470299456465,Science_PCM
3.4053201380442686,5.475203978339166,0.0,4.719398628569437,5.988756786184088,3.4450374201819987,6.079979175411722,5.996091673897676,8.973053104968045,4.760275928177497,Commerce
4.920109808003516,7.274248133173368,8.865525115336522,6.593175631424799,5.874278151018029,3.3582548112383295,3.877953131226869,4.039036188573235,0.0,3.80357066539978,Science_PCB
4.27860753169796,2.805996989266015,4.2139476425029425,3.26051935062438,5.76869709424483,6.119800439110852,9.140369017138333,7.0698736776542255,4.2834222000554965,5.8627436893080525,Arts_Humanities
4.2353071977501004,4.945434591981894,2.5266474720394547,4.362206435912387,4.652191951591971,8.292927272935964,8.78168767725724,8.359939254101425,4.825962805884726,3.5390601008316374,Arts_Humanities
6.995404183659742,4.972010725311549,3.7585826193833443,4.349787521454714,6.676937168312261,7.629014017951555,3.135614900138906,2.548622736292031,7.543189729753297,3.831233776825681,Commerce
2.61318699117538,4.764538859199748,2.5469461693326254,3.6060926594469223,4.412808154057302,8.987393869492186,7.16609339878929,7.550996306090283,4.568706702829633,7.52614693735457,Arts_Humanities
6.96538644700588,3.5573805656652713,2.9297022711507195,4.22461552435171,5.849625304776715,6.746532648729104,4.124760856109862,6.1861743554385065,7.017759854706718,3.4382547114110835,Commerce
6.0145342456972575,2.488599275434281,1.8388355001575587,4.668232766449823,6.880371657623049,4.2933414593020185,5.241224255341063,6.69912461693502,4.719945082724786,7.076882872247877,Vocational
5.065188877444999,4.293169654936242,2.943514175138396,3.7163834971326963,6.464284501757534,4.9990387012457775,4.337432071553332,1.627072202498928,9.23416493603753,2.424126969129204,Commerce
2.615442319057773,3.5915778139871737,0.94206904430053,1.684949601571745,3.0781759878179824,8.544726785015374,6.156446384928888,7.541247958096203,6.631381220471651,6.675464175652173,Arts_Humanities
4.555436533431816,3.373957662928411,2.734666462001141,3.4607420322241618,7.1863510179018615,4.707884611112769,6.168678219140576,6.642486155062044,4.59800005886437,7.992535635827966,Vocational
6.618894050660479,10.0,3.354721273433505,7.493593854798179,8.098270925244876,,4.753915886911134,4.4579617456962195,3.6899021194321526,4.74519441280148,Science_PCM
5.920008235319271,5.589037666440967,7.06789162155346,8.36558302714873,7.01626788724799,6.6548647822850455,4.5270982143139005,2.6517093102387497,1.1355111303051157,3.517797065637313,Science_PCB
3.883336519651872,3.6872017380209585,4.469317189000447,3.2607398801369047,5.314544452756415,6.121116567299531,9.278926403813985,7.554825808883496,3.9622993919440805,6.161096272669158,Arts_Humanities
2.195100408713186,1.4220578080814226,3.511975200421716,4.563091551551082,4.717215295168481,7.380298573546232,8.219176658097862,8.244676560403951,3.879087105639054,3.8065579547085484,Arts_Humanities
3.4671833458939063,6.285223470680077,8.804974255161468,9.711030585956811,6.131160121138887,5.8849307665102515,3.906526353057242,4.170011170536807,3.967633665374579,5.5077979429059285,Science_PCB
2.9740858909458723,4.171880710435968,2.6921841967587565,1.869367428977625,4.794891037691223,9.39729222841339,8.327364611177142,6.597132446009296,5.703940075583107,,Arts_Humanities
5.446682941067623,3.459340769225631,0.6260127514233242,4.546016592773815,4.332980381332174,5.395781222719869,3.5170574652339255,4.715729410229248,5.19912347943746,10.0,Vocational
7.393934490902499,6.5991417781151736,2.6104510167280246,5.418415170123773,8.935555077798638,5.567207817857199,4.125337264192752,5.1600469871297285,3.7839089094546794,4.514568382128953,Science_PCM
9.466230422564475,8.706100548796753,2.134837380524697,7.301809719986736,8.651691551882946,5.784295175747717,4.632857411332647,4.790674213407087,,5.087852790335559,Science_PCM
3.6267741493457626,3.6919024921443886,3.3446605164280054,0.5763148429179985,4.530043265631968,6.024780841674271,8.817278293776297,8.154312573270444,4.833512688410415,3.4763742887107965,Arts_Humanities
5.953227694951055,4.33316240610476,0.0,3.7664211207496474,5.9363175655207625,8.431850561569691,6.754083212412702,3.026200808789159,10.0,3.6589911167447062,Commerce
6.126871239107358,6.08828294385523,2.4505121196919744,2.634179441851485,5.283938007466068,8.656566317894706,1.8439489084421723,,10.0,4.768146695539128,Commerce
,4.076424617323701,3.2050008363956395,4.97364734765813,3.981181510683818,7.123543723782516,3.5130615963027227,5.9886257842164285,3.4920137283987858,6.812393284867198,Vocational
8.59800563716971,4.8022219860192905,4.227619057753744,3.156324598432579,5.6277925711771415,4.612782962104982,6.516262296462163,5.138370986251421,10.0,3.7259213726369826,Commerce
,1.9690300910302518,3.602602776488194,2.4360162668191108,6.917745663586003,7.789886506767711,9.40523014582223,7.764177890983101,2.6773076489827288,4.382144371541672,Arts_Humanities
4.944941180395751,5.35394856461251,4.587057550385128,4.140682882119692,6.742583645005149,5.450599522444315,5.946835298599941,7.27959345212083,7.040971654939426,8.279398883463875,Vocational
6.72555211553455,3.290539427306719,1.6179066767979502,3.317901926407551,4.732192794721575,7.132001903099298,6.548813779712532,6.419851220557669,8.983297932718722,5.201947963573742,Commerce
5.196504401182748,2.044368344844535,3.6054061897350453,4.668892282986792,6.328298139903633,4.6525754764252065,1.9296581428655326,7.660205380842628,5.534329467805355,6.9356848718183794,Vocational
2.7403611576235427,2.3835573993888395,2.244443985060559,2.868422374579307,5.632717812354507,7.602186839974149,10.0,6.564775034406932,6.308863133031906,3.146388992794252,Arts_Humanities
5.953313223980433,4.857140742984766,3.0726865873232327,2.7178162990558343,7.807993082334308,5.321421273041239,4.942800962078084,5.4632953273370735,5.049233118466971,8.714132450961042,Vocational
3.692412818217172,3.2673536327733683,4.6965388478427945,1.5202568204422222,6.019519892008093,8.018706601097902,8.95176210291301,6.82429646402032,6.298075681820756,4.365438757041356,Arts_Humanities
9.102380747842492,6.010070165566281,3.2983262301026883,7.956258020156886,8.986702387218141,6.321575928889814,1.6744501724820262,4.9303522014950545,2.6065943126884195,4.372372793657962,Science_PCM
3.383689783468941,3.1654276393863796,4.483432729398131,0.3119601887035177,4.821256373212556,8.473870357054706,4.733906856645542,6.230148959002538,5.9311153653956765,5.803895970585942,Arts_Humanities
4.736263292791872,,1.6007304104383173,3.5982920751681755,4.1782125527099145,7.2331469770928605,10.0,7.170759907443547,3.5377736644175046,5.99835735257181,Arts_Humanities
3.1951756734074586,3.5420101125438475,4.781967859717471,3.5550955973049634,5.563038016585753,4.083965680936726,6.0879303595128516,5.359657641547958,6.1837477511685695,5.474892183306385,Commerce
5.818420995157808,7.382561606986984,7.652303059776367,6.683069887694074,7.23586081733547,6.039863597345089,2.428661550956794,4.402808667562699,2.87780159350258,1.620135849715488,Science_PCB
4.9902235003117825,4.921594964681147,2.479182404298985,2.143644761297491,5.445807935582058,3.088583189248158,5.343000850323791,4.278845051530793,9.572165570512357,1.5478035936216066,Commerce
8.952020988186245,7.470798292744577,2.630327010547876,7.240923344239997,9.304922452068011,5.05896397095078,4.883006992554666,3.015480306014875,3.008240781070949,8.376975844574583,Science_PCM
9.51705544514296,7.7521536252432925,4.522621221507515,7.976129685350638,10.0,6.4500070984802385,1.4563476676507872,4.412960875232339,1.4763906496267394,4.326236204923843,Science_PCM
4.108074364436957,4.759772105647065,1.3123789079288057,1.8740747289861197,,4.954385447892628,4.495764181652029,7.363673045222479,3.80401319218085,9.247068192625743,Vocational
3.4079232385294547,0.9852004756139743,3.2911925178429997,2.4708900493847405,7.0229818619402105,6.44428984714013,7.7497086691786885,6.332027393219693,6.3752895122153515,3.3697690216889273,Arts_Humanities
3.531989135497115,2.0373169653746146,3.206559849074474,1.4931659786221179,6.128565205073124,7.498358453418181,7.626674430029282,8.148255932507302,3.013169488633425,5.501652878012533,Arts_Humanities
7.912463726190439,7.1343589755434325,3.564212770485139,7.327410739883507,6.6737709881065745,6.95948173093286,3.3775470520439166,3.0557895762195635,4.545419348660037,5.813378243075,Science_PCM
7.462752407295956,8.556135317721273,3.5706883382055636,6.315269990469929,7.157883874578698,8.502797748717102,3.92489651150443,3.5480290041773017,4.190709392963479,4.858111302970265,Science_PCM
7.561974556394298,8.411442540175301,2.873527422062464,,10.0,6.0016005183234515,2.508025627396802,3.0538650864215566,4.548485839015525,5.34157399269128,Science_PCM
8.266505162019104,8.255808925654044,4.066687018042645,6.488136476108056,9.177517432451747,5.1544095705100075,3.3471951824734307,5.5783747546312945,0.40902151762959704,3.314585973502811,Science_PCM
4.862711204949592,4.842973025307316,4.908521842624134,6.934890684159925,7.480165477609876,4.858811600842316,6.015995538587843,4.517388556530621,4.678337771739376,4.839846536548959,Science_PCB
6.727181087499566,1.5925854084672033,1.5672218619574185,2.4163253520091343,4.8887146079873816,6.382623330061142,6.299037262506369,6.13170594171614,8.900627615342607,3.4206165771308275,Commerce
2.301338664906872,,4.214139293980448,0.31401175347250687,5.082297116300753,10.0,8.21723803138063,9.436529518027811,5.343759967642389,3.090436518914035,Arts_Humanities
5.987640612880448,3.591850210514359,7.271166482564611,9.25718578471814,9.37234272314925,3.91964672098645,3.0717910013634975,4.555409280002317,5.315595005856038,3.859270367828278,Science_PCB
5.897254249473224,7.161938369716093,9.478098852526482,8.983056626169795,6.99750607998823,5.894506971061671,4.1649678124949485,4.684153706608334,2.483647397107804,4.067824705358299,Science_PCB
7.065859817088002,6.102979562145381,6.657888412966118,10.0,6.962375747990806,5.999634147107431,4.019382182858675,4.022125893991758,2.0541542136321875,7.258177480585722,Science_PCB
2.2209611364208977,4.9151916493313115,2.488373430438774,4.9242988296627,6.182593653120687,8.42887374607215,8.101071193671611,8.358874786902927,4.479888008312157,4.020022721090546,Arts_Humanities
7.258372082683509,9.149182271408545,7.881526144893598,5.783449909102266,4.091996851656172,5.182658665921268,3.088724949890123,3.6533150357318123,3.287787830169097,5.013725085660132,Science_PCB
5.6847541702985565,5.7195706177730194,6.523710799500298,1.934322966905743,4.362687434311123,5.255701323849405,5.365725060449878,5.6645146643484345,9.268628824662754,4.223640477814609,Commerce
6.924495204014882,3.8239216516746337,3.2128389315754236,2.19520377527696,3.739316604640116,5.365673158193966,5.4379678763784405,1.7627989383283205,7.792381670045426,3.6781030569382462,Commerce
6.3280495807438815,2.8781674100507866,1.7835468410603428,1.9553417041435617,3.8534689132278097,6.19456408509306,3.5894349253086033,3.19931661059539,7.987927565302407,2.263307497791136,Commerce
6.557272694234902,8.908955751203354,5.668490476529659,7.223548432168178,8.061477289310941,5.315395821270222,4.299833797059129,2.2501269128406163,3.213707913870493,4.492396865698347,Science_PCM
9.038732263258796,,0.22833983504929778,7.348024901046987,7.443176576096576,4.960035561766409,2.7042741612222496,4.316971847658699,4.385774300023937,5.204163137678948,Science_PCM
5.561280675935398,4.576319747681369,3.2432845828012806,1.7904290082511467,4.160283194472732,7.9593278311941535,7.0547794318963,4.91978199952614,10.0,5.3735928037540885,Commerce
4.880050770056738,8.01334322600172,8.012774101466265,8.438862221656395,5.079714145353844,5.277397432679976,1.342524110175674,3.127936084757584,4.090961761697942,4.435122991587273,Science_PCB
9.633514676475286,7.269651493416734,2.198949438012097,5.447324875058204,7.116185430035976,3.123086095126047,4.448777425720189,6.851588904707603,4.852927626511398,2.8860901647855286,Science_PCM
5.336488425948419,0.6021539080456555,3.0040421743851757,2.373718958426037,6.748092253098081,7.94338945982564,10.0,8.360877396478303,3.9667101075536255,4.811556305526646,Arts_Humanities
7.821999761777701,,4.69150585324764,7.823448003335554,9.286491388382535,7.1213748474851855,7.156444022710341,2.2780060649167977,2.0401104448597596,4.198972390573119,Science_PCM
4.7740029101724435,2.659624648923531,3.2892044527321334,0.8011226729875909,4.072466940983876,7.378653413662164,7.6259767198078325,7.653186898172921,5.2585085646213585,7.450496340070757,Arts_Humanities
3.91587882661729,3.5699267643970805,3.705794598217684,0.0,5.079287186896963,,10.0,9.692394901557247,2.7279043323391665,4.045357110893395,Arts_Humanities
5.168286572472109,4.002845991742482,6.579629647500659,6.740946979180116,6.989236150891537,4.709277668641148,4.312775509753306,4.137012805024812,1.7454834577866365,4.138474819115718,Science_PCB
3.3123974231105326,1.6063326959142183,4.820360968401362,1.7402317809532635,4.591408761371326,9.632030023632634,7.7582424875902545,7.255414509320475,3.1843622988085034,5.58283656990949,Arts_Humanities
3.9794211986682555,6.9813204602162555,8.117060618939906,4.2290762454954045,4.2333795954184446,4.176447105025709,4.190590197170356,4.647939434942385,3.2396767193283633,7.036226527492699,Science_PCB
3.8246371014723333,3.5666516352000754,3.430709554249628,1.736235811030411,6.575873855632452,3.24821194629443,3.8870616720477162,5.722736525616297,5.051072868041715,8.053250740650046,Vocational
7.293442276836664,2.6191979832210315,2.105012247114521,3.965858446318247,8.315349997014984,8.610663331364751,5.967624948575339,5.101101356505415,9.528948611710273,2.3659212220198462,Commerce
4.509934200192493,2.769972954412261,2.543550896201338,4.4263418964031045,5.954652661597986,6.675801984080769,8.24820619585549,5.23371041898043,4.545981798651676,4.242106074621825,Arts_Humanities
3.836654165311933,4.658358081289949,8.417684182375751,7.024568178659928,8.818877296204914,6.740652827819207,4.143854829889177,4.689319408647051,3.5111987100802757,3.3794229380926124,Science_PCB
4.78488048054413,5.855888868525298,4.534136035665897,5.328276413947225,1.8956803069301862,6.753579949974744,5.327320566056308,9.199919338231394,3.982976159993431,6.207514212656417,Vocational
6.856095410467711,10.0,3.8564365788760506,6.98674504968744,10.0,5.707087118978532,3.4634920023647586,3.6416098491714144,3.756405571099202,5.619583857521174,Science_PCM
8.874684782017422,7.671913637520172,2.9446477926422228,7.102178317949549,7.618507012958451,6.19176818604587,7.288518042940046,2.1899173688761024,3.421216281446974,4.011752884795422,Science_PCM
6.308407442075429,1.893773809044958,3.2488230730143495,3.505212856387786,,8.35138343072018,8.20760362624221,7.181412156928626,4.563619910520545,4.5926441302521335,Arts_Humanities
5.970080678396659,6.333396584116093,9.393039768102062,9.739678848379777,7.222241957843757,5.3530475178672,5.461335510319352,5.757815540788476,2.582726207501161,4.506742383256726,Science_PCB
4.161219914187287,,2.7195028424087435,3.9975403070367452,5.554410818517221,9.939036471383396,10.0,7.756073095970381,4.159032592679122,5.158587682583293,Arts_Humanities
6.511440546734679,1.640670731784922,4.010266997058187,4.281435127226018,5.2873931377031855,6.2757214182208205,2.965258471651059,4.068059196826804,8.509600466369424,4.219371873796646,Commerce
3.4033750420843067,2.3747161904841634,3.283697856025033,4.4716527062973634,5.897183030674005,3.8743605953900193,4.526335139151025,3.6116270060736424,5.598217126904122,8.70982759820106,Vocational
4.058149750471598,4.0358575558408925,5.903416480080256,5.312965744400772,6.246833020888651,,4.285915970821055,8.599190444981133,6.042817920872311,7.525585111845172,Vocational
9.496927481327779,6.4078837890542975,4.5066344570899695,10.0,8.976386490543016,6.258040576355066,2.8592823004357726,2.146722682587139,2.216464828060711,3.5792361865716256,Science_PCM
5.521323638822469,8.395676747739337,3.0936436452023512,7.538057370984501,10.0,2.817790240153834,2.731565547251563,5.268178219631361,0.9439272807098749,6.918733762469562,Science_PCM
3.1047263475805744,3.242080621065575,0.8584868529431855,2.9828093513968743,5.904858185940084,7.6320516648677215,9.182917258468967,7.790841405824065,3.795849462781436,1.9829538316626625,Arts_Humanities
4.720736920075058,2.6698509525098717,3.129623489221318,3.2129355787845717,6.923357339412529,8.196151209767976,4.231410161594489,3.5458665709018877,6.63288875619329,6.639484887986836,Commerce
5.266759503340125,4.680745551861793,2.6117543193523187,5.546122043119418,8.165399852671415,3.0565527658131,,2.258794803257494,5.869192934327196,6.068798998495719,Vocational
7.52271739784245,8.516143290020139,3.7222567152451624,6.191181989669464,9.783626688560322,7.004760085427474,5.367192283532278,5.188237429263439,4.772457325711408,2.554962043633725,Science_PCM
5.4194793674980595,2.770047832081005,3.408305518101284,2.480857050186083,4.0464908229752705,,4.576993662569921,6.269628431021518,2.38520618059428,7.7238977139226375,Vocational
5.46482105395922,1.0801933182126713,3.8994232290381836,5.774680095280184,7.468455110495697,3.91576142151825,3.5306372706257863,3.4002419356634572,6.429131913335814,4.057446895422851,Commerce
4.17343700604207,1.7610020252010288,2.7481545876799913,3.6228614833520116,7.342533398464656,7.950521839525388,9.220284287379632,5.622176856501242,4.819180655293545,4.422122281019689,Arts_Humanities
4.328655761968562,8.048380869821859,6.286387804538697,5.62624396034573,8.44296053603741,7.263792104703152,2.5315221796566663,3.678288430348416,3.8011060155193066,1.4747702639710965,Science_PCB
7.993247255897502,6.210308008176798,3.8256962308587257,6.711110493771595,6.5879518171465445,4.179747194430195,3.907568001685254,5.589564538262696,5.595750159199323,8.788021205809528,Science_PCM
5.851631001943259,4.818302997132167,9.0440487969155,7.325764612947824,6.209288351861527,4.490583269407127,6.973292393683691,4.157479574767254,1.1059189529843518,3.5923121023476554,Science_PCB
6.292651745149923,3.4306541490792535,4.1232567138965,4.288753130635245,2.118430705657099,7.2088148657569935,4.195476767644691,2.651752636116691,,4.534262441739015,Commerce
5.522797972174976,4.665682009650249,7.862820147288807,5.92451736402434,5.337677041890067,6.022273595115671,2.03986862328565,4.91542020874037,1.307630422112573,4.885297926151781,Science_PCB
10.0,6.569823780158402,2.866539281647177,9.337774011199981,,4.59492433294613,3.791157656885482,4.502599163339613,3.366542627612404,4.091715433219721,Science_PCM
3.378161394961231,4.506825377322439,2.9894411483015624,3.8214825665253014,5.733431085904778,8.967072435828833,8.642930959791915,,5.811431601014772,4.38601220080472,Arts_Humanities
8.938846913438613,9.829726419707832,3.117760378972269,7.837120431259915,5.83477626865967,5.436666077490846,2.4038006486192676,2.9155430214492837,1.858401922992624,4.565639527088944,Science_PCM
7.675482110004285,4.760867001752036,2.640877099221807,4.482567955444884,6.101349816698052,4.893530227864263,6.37454819204707,4.689971133244033,10.0,5.894452122262128,Commerce
2.3174360654857598,3.1590970206862607,,1.9509449435705928,4.710682788012786,8.591007330637737,9.123503820741021,4.335566912068941,7.120028272917605,5.187119528612831,Arts_Humanities
9.29549056992978,3.746683529511448,3.861377595552826,1.3075802819528146,5.369630009387515,8.097459503531587,6.023010008763601,,9.376230163011055,6.4936137130174,Commerce
4.706851710225617,4.262802506724431,3.8285125620489167,4.862181306615568,5.062054799586294,,3.0780437413027277,4.252153868465665,3.0513359501371973,9.344022141466695,Vocational
3.985877129292345,1.3165429279832381,,3.0991988541037605,5.124086282066204,8.625526315276899,7.738575012314059,7.690937725058364,2.6247930939006423,5.913213346028164,Arts_Humanities
6.199260711347486,1.9430400738585378,,3.381833752095879,6.742603157397168,5.374591598616609,5.334927795114787,8.003833049509332,4.521486757927464,10.0,Vocational
9.831866478054696,6.981866179770282,1.522000644166435,4.197170044685024,8.15366240570227,4.743927885433913,1.483674763947529,5.088924383205823,2.415038503575956,,Science_PCM
4.660784989586086,6.474808779752746,4.440211456849963,4.838142180283471,3.901778827419937,6.709178266809024,3.456015312437935,8.258805162883222,7.628853574003243,9.166453492072907,Vocational
3.3138481097321373,3.4377193492831974,3.1394407594896747,3.0444731538326377,6.4050697003869095,9.407147887102033,8.09687609883374,6.142511379750994,4.598922822599271,5.111844461935293,Arts_Humanities
4.858917114812851,5.588058908021438,,3.323813836868257,6.047527563721137,5.438493285944262,6.657035305066139,4.00612762865888,8.161900498708501,4.7914267029880335,Commerce
5.648124118053198,3.354456115498859,2.863777350257846,3.3981150634365087,5.755601168028161,6.8281841089701105,6.479175684276225,2.90066180812185,7.134136930996906,1.7269265616714193,Commerce
5.312404800030222,4.434489166126264,2.91546528212622,3.2760764863843295,3.928982765324497,6.835874816377691,8.661414801773393,7.540828823853796,3.2430610807501754,3.569233897856752,Arts_Humanities
4.252335340463482,3.4893259429333963,2.6778907160958383,2.1799967832514096,7.091715423907409,8.826163577876432,7.170145283910878,7.7351224520512805,1.4140911304039463,3.7538777871907585,Arts_Humanities
5.220182206450999,8.316981930516125,8.222064079595057,5.159377700745566,9.460963551049307,6.3871102627566305,3.4089832835433596,4.017156943093311,4.407057508729256,3.7954215797059496,Science_PCB
9.690673305062816,6.275689466938567,3.0398209403727425,6.370579736666348,8.07402497732945,6.8035851728959855,4.199550068105104,6.238617539675567,2.7991426169751294,4.095274604828086,Science_PCM
7.1030709370050555,5.509665423712242,3.3120929664347045,3.119484586252067,6.984253879276778,7.629313477801188,5.0324398177325005,4.92939950583081,10.0,6.4575966912567875,Commerce
4.597195185497041,3.89795277978557,7.806424616612257,8.655865512785109,6.295394925416238,4.597743678985066,1.1322445554979699,6.778441820916221,4.073427733852903,5.500864775657194,Science_PCB
5.778815630014828,5.985998265057353,7.012558314556049,3.39462471483254,4.959552671355363,5.265141020329028,3.613118265358683,5.816749580062328,4.46045045858139,5.091849901524567,Vocational
6.268438468759724,5.035382547643337,6.740050224589085,7.047119827795706,7.118984371010519,3.0661978468365856,2.006092922299773,4.513436232137061,2.4693748712143595,5.013254652489918,Science_PCB
4.486613695581131,4.146856931926131,3.779635504747903,3.7220133796750092,5.089650178507202,8.15055648779872,,9.142528347437008,6.478027232352862,6.293886640906195,Arts_Humanities
3.4134272272948993,7.824511500197755,8.056834446721478,7.639301594691121,5.336969836172154,,2.653213422912182,4.630220529391516,2.630671293030982,7.002516642256607,Science_PCB
4.320910107870581,2.388851467500462,2.0203069153246718,3.9645088956216092,6.563436079840903,9.233564125408558,7.709146819957807,9.033171006501002,3.8583430732735122,5.349551718000067,Arts_Humanities
8.56952611486847,5.290277198514984,,7.9800115909137865,8.173566635552014,2.275078937020096,2.204655786196893,6.102772514333505,0.0,4.548219564148425,Science_PCM
2.250986157635002,2.2567625554697424,5.0307002788159325,3.1182038110220196,4.53818913667771,9.606987164547615,7.739222447321756,9.345942253327205,6.3246890712701305,4.572815114287069,Arts_Humanities
8.862523570041411,,3.941567480693097,,6.040469870694516,2.9538311274838596,3.4839849191918955,4.2127424868777394,2.8655538523529764,4.963622806510717,Science_PCM
6.215329865943809,8.680338898551092,9.721246548337636,8.768786934760595,10.0,6.170746019798197,4.130036564705213,5.41521959661815,1.6883442291352708,3.9229278726556167,Science_PCB
3.8904024706535174,3.03381044039978,3.7370618574588406,2.5969428406074826,9.27692129980536,7.651391349748552,7.195629172458622,5.533815915695886,10.0,2.9768974214856954,Commerce
9.65278677072616,7.3641992914453995,2.7582563196581367,6.0723798242185385,5.052779164605037,3.708587940097774,1.146195716025487,,1.4460333334124664,6.72244238319612,Science_PCM
5.806022378321652,6.729834233461343,1.2570495834632696,2.3259449850290324,4.471119863653382,5.49546444066757,4.233568324135035,5.05865800996529,5.931752910017048,9.74330734624456,Vocational
6.099576820961547,4.1928377738718545,5.026459149337396,5.472763723458771,4.666576002436898,6.573648016436611,4.558883453622607,6.06466882602418,5.12867558938355,8.590110476223463,Vocational
4.522272763746217,4.073960606748593,2.777166342060582,2.9227764501255216,7.010478531960562,6.566411119552436,10.0,5.759098532838552,4.051026005433842,3.264753004061184,Arts_Humanities
