research_aptitude,publication_experience,industry_internship_experience,leadership_interest,technical_depth,teaching_interest,risk_tolerance,business_acumen,patience_for_long_term_projects,networking_industry_strength,recommended_step
7.766708427479035,3.9991848951452798,7.27567831483097,5.695867806250217,7.037329433348544,4.311829744854207,3.23345958030008,5.395235181325905,4.472026260887719,4.662944486776349,Industry_Specialist
2.2820739777169132,1.6999523748655785,7.033799284236827,7.508160555118927,5.707848719522682,3.2111278660955445,9.336251437688901,7.160329846896114,3.952750039233024,8.792295121007665,Entrepreneurship
6.822330551906267,2.0035234189274687,8.454703363029576,3.9072891127362848,6.631382017954839,2.208165913029683,6.797733910752954,4.262154805424824,3.6881045562231054,6.396926773553299,Industry_Specialist
3.7461224244944944,3.107183835197765,6.079269505163764,9.977239853408383,4.499711955869528,1.0809701946945711,8.698917580231763,6.700005767555393,2.2024446372432394,8.30801598859784,Entrepreneurship
5.591147106353182,3.7425262861783613,6.736895595083152,4.9616002609368,9.065146026177672,6.384714188375533,4.511064552272543,,5.999655633045869,7.06483541958578,Industry_Specialist
3.2559220131104514,3.4899386307672717,6.153946417867477,7.453843924131777,5.941722450370731,1.3085771545092955,,7.092437591935253,3.485923067391819,8.702889433160449,Entrepreneurship
10.0,8.170335251051446,0.6969528251019583,3.857354312797423,8.453706042952883,3.2258358521379646,3.6674183072569297,1.5351502778033321,10.0,3.0449954364408325,PhD_Research
3.0477447280788663,1.9787019775569001,5.943829337949793,10.0,5.374703642373967,4.337868315286855,5.302070127267961,6.632493831426229,4.195955335806684,9.431550293392958,Industry_Management
2.901072165264309,2.867186905682435,5.744383118676272,8.068076220147177,6.723110875465264,0.5853971161706109,10.0,8.046177587658107,4.692121698109215,8.306926690997111,Entrepreneurship
7.394742987015078,9.874996228542118,1.3490318331160092,1.848376053859261,7.141443177537807,3.6726412911181816,4.067825314254794,2.1439943427898918,8.562118442067229,3.8056125551272224,PhD_Research
7.5198383901536445,6.954642375013514,1.982787016388381,2.5934239448668945,6.6095651066555465,7.22861746147781,3.079240706508271,1.8380532208547082,8.13927264986217,7.077376146132202,Teaching_Academia
10.0,7.681421153452087,0.6599421636475,3.9259590964224125,9.863925707873754,3.7312535390506234,2.8162526509021166,3.2261136470564904,8.71200304954996,3.8417300979223166,PhD_Research
5.52468854263214,2.9549169749758333,5.548755224223488,3.483271664591739,8.073067349015897,2.634219010522589,4.679129065834939,4.6343887820459635,3.597355656836776,3.8835451218634254,Industry_Specialist
5.181162842097092,2.877173325215382,9.832501313127162,6.5514361365068154,5.489955834562614,3.9762380596142792,4.811078439167901,8.390928904363047,3.061442758075758,8.897724513756529,Industry_Management
8.45549663289745,10.0,0.0,5.6392185206318794,10.0,3.892193552244728,6.898055693722766,3.7941373678289136,10.0,3.0364288431336397,PhD_Research
2.040274440287593,2.9099446231225516,6.087504465895421,9.824454616168765,4.279892088497997,2.622957316362979,5.233947883216805,7.900941379664255,4.9201568759163194,8.628811811691067,Industry_Management
4.561407098342275,3.291576219242002,6.345161842638348,3.1622075056524688,7.1208792934273,4.168121864185402,6.0409348581705515,4.359865648130067,3.2444521565279985,5.594868735865364,Industry_Specialist
5.925634423756802,2.667668383437866,7.535210858879104,2.221919931563823,6.9523068877970005,2.191390218927806,3.5388367088417354,4.571901156693963,6.555616229683113,4.819518837972105,Industry_Specialist
4.039710547819705,3.117214917637546,4.268142972721684,6.929195230457267,,4.593483383340708,6.637440825019041,10.0,3.817824333043592,5.050962549481688,Entrepreneurship
1.9252556925119175,3.273871878439451,8.366173467267087,9.160887922523331,,3.6124640280234837,4.830727688560186,7.567624340997034,,8.124403990875132,Industry_Management
4.138432052983486,3.1648186950266837,7.925880759552467,9.241261175085718,7.336390270827102,4.718056504488644,6.092682997546668,6.476714142551739,3.719993142875545,7.71447950250736,Industry_Management
3.7404292610752865,1.368548877045337,9.785096406685069,7.161516626649787,,4.24104445490923,3.5871731031471734,9.656967864995742,5.311451048482562,9.169000393354443,Industry_Management
6.851968281886134,4.774041246836793,3.5008999719267946,4.414184584281197,5.682145047610982,9.554598813287319,3.3316104982813903,2.300205510927247,6.963628905115961,2.803566899438271,Teaching_Academia
,,7.960295242405326,9.465082127965458,5.845866601137136,,5.794578663238227,8.075547144042316,2.240750439476315,7.78759840460081,Entrepreneurship
6.496269848194131,5.092984058170931,3.3222999058747074,5.07629681363281,7.062674976231468,8.230147307300337,,2.841104967489947,6.842305246072552,6.889806093592822,Teaching_Academia
1.250090058692885,0.5937903670122031,5.92063761857582,8.08304949315433,8.18887255941248,3.757570372855529,9.605989363000937,8.457891340184132,5.435438396820601,6.73285641219533,Entrepreneurship
4.798604263502518,2.770083048355365,,4.7862290573157384,9.405113066436133,2.6173479594145754,4.406996945050035,4.568952375594598,5.794098391334111,5.435539436763449,Industry_Specialist
7.652136288735437,5.670659199572186,2.167148618946836,4.138761580696855,7.36758911698345,10.0,3.741822259165179,3.9205637113936156,9.149482893630749,5.561288724535799,Teaching_Academia
6.722869032705599,4.4061097245786485,7.236514722012605,8.918294190351961,5.733198176481422,2.946261534746917,9.060811469244658,9.307627094163573,3.0635475514328467,7.251561927286117,Entrepreneurship
5.50324368596873,3.494945296977171,5.651754448851298,7.595617144628311,4.194945423185241,4.445793801713539,6.221847524275067,6.192333836280227,4.254632523085404,6.057653963565588,Industry_Management
7.8353473049212905,8.28754392309846,1.0119999860718984,5.1030482896131115,7.200728915438552,10.0,5.63566296820301,5.146823675822498,7.196471218765539,5.375125773803266,Teaching_Academia
9.529443061856108,8.503176348214467,0.5002226086803112,4.205982465649655,9.829129392968614,6.010194846688168,3.876128476881885,1.89163079267842,8.181852170365143,3.6081657177825543,PhD_Research
3.9795069967775243,1.307485058787444,10.0,3.398958382822327,7.966669221548024,2.4763821765618883,3.772250258075981,3.694304159401234,8.195716687457528,7.809692197266532,Industry_Specialist
7.330983497520263,0.0,9.03721696036305,3.397131580863202,7.466557049112904,5.200009702953157,4.071629580139933,3.1159100997630667,4.830487489404611,6.5380016015559095,Industry_Specialist
3.420092942417695,0.0,5.27079229885725,8.467773366172956,6.17713579812954,4.559420810773575,10.0,9.487133902896009,,8.496806579942056,Entrepreneurship
8.459500296406016,3.0800934500463186,7.005037830343604,2.459545229230522,8.71754136519728,0.7059991319004508,5.715448631826355,5.063025088141786,5.567163289202723,5.714439826479875,Industry_Specialist
4.271921692621311,1.9446825989715864,2.828683630158597,7.516299487685712,8.835813380928855,8.228299164240138,3.6948742866077935,0.5960466369347845,5.7942576098844425,2.9432856230805062,Teaching_Academia
3.6691486305714003,0.0,7.230343292294147,7.792058048536615,6.518887697617139,3.958145192713052,5.219094383899862,8.766949098971775,5.4402419777709,7.000890473271166,Industry_Management
8.753982356782673,8.427260602967225,2.470498410107497,5.716860152186618,8.054378003876307,3.0800848381005483,5.3873891415435775,2.069065376273569,10.0,3.4983902471372117,PhD_Research
8.101309940990355,5.375642462788253,5.069755542385433,2.676113019298876,6.265078824692985,8.590029010229005,2.2319507235094598,1.8671720682141104,9.801737891748076,4.686381221103355,Teaching_Academia
5.4723248974684475,1.6534338272750113,5.784317188368596,8.428113051529065,4.91854696543704,3.005856585162156,9.901067373997277,6.306943889808898,3.753883580661733,7.1060269590246055,Entrepreneurship
3.411866136216003,2.592899879419235,8.21517010062179,,9.183131943421703,3.3690778015281158,5.760821790766513,4.0833778430916,4.123992805365271,5.660356291646369,Industry_Specialist
6.163920333977568,1.1880143023549865,7.186688661678185,5.398439857742449,8.463783177400865,2.604178849929515,5.580399327618744,3.921880077918329,5.016352053057383,6.853864084736179,Industry_Specialist
9.507942533915564,8.708920240557179,2.3011585775074725,5.254721640547266,8.614227928204945,5.509614218575484,4.394988653328832,2.3809979747563297,8.309931623431458,5.878398400529484,PhD_Research
4.811911528667311,7.094532832292414,1.3942868361718763,4.217058828193591,7.3424585539253435,10.0,1.1929524821115898,2.380597502207399,8.097668109283468,4.5676209420410245,Teaching_Academia
10.0,7.801066360931923,2.715263244834373,3.0860101948328573,8.34482394094006,2.892812426199403,0.9523536990554637,3.725595541592858,7.719506593958226,2.40781380149554,PhD_Research
4.534517488888501,1.4599099632389785,9.343952273818669,1.7846704866583725,9.204912687649504,2.6714609936550238,4.724989415995313,4.532676585510277,5.755558455592528,4.925753870122419,Industry_Specialist
7.578141819768328,9.334977470216806,0.0,5.467688431250623,8.428367271245024,3.4498860704248364,3.2419504060065014,1.1776083565678663,10.0,3.95215615269169,PhD_Research
4.8237187977599625,5.847127170993008,1.4875915646762057,6.36062055307702,4.995742629601948,7.354753140445002,3.6733577840752103,1.9621861259729303,5.5440132027368865,5.183559758901304,Teaching_Academia
6.574329502861236,3.363014020113631,9.779420021474632,4.072721155172121,8.64495692051542,3.4762328137450567,4.625228904434485,4.526477014602079,7.904702120056987,5.6484839752759255,Industry_Specialist
6.970754141107224,7.613479628493074,2.12932071492046,3.888069152632637,9.528047958197105,5.448038794106868,4.868823823540396,,10.0,5.117618031911189,PhD_Research
4.060007529885511,3.3812935712028924,4.54058985483519,7.118899389052533,,,10.0,8.553776012785134,6.389069320022783,7.12343608522694,Entrepreneurship
4.216828299102048,1.0525482919916394,7.074329583962148,4.7343924656547856,,1.2216750394035782,3.724570822291321,3.059793608276909,4.535503421653139,4.229333919891552,Industry_Specialist
3.3870502568602134,4.1179574192515584,6.024520400742437,8.229800581693674,5.371800079644901,2.979487403515151,7.920170496406445,8.279237853076404,2.7818890428255174,7.139375339816989,Entrepreneurship
4.962826615412904,5.27344674025386,5.540838185549882,6.967262502110396,5.913391993274293,8.623541276342621,1.3675293472722863,2.6014399431761097,7.710616577584555,5.526423130455986,Teaching_Academia
8.908115503852308,8.434583667047029,2.06648467611781,3.004804139341373,9.670239933225952,5.961236473991232,3.792457200351378,1.6512090119358742,9.712956297078739,3.244365663731936,PhD_Research
4.007190480218052,1.4284110293171155,7.98889559120454,6.149291178494778,2.7347731932993797,5.284103664386649,7.174940168221864,6.63591411331205,4.496100463488299,9.32535917826172,Industry_Management
3.850183500682244,2.9643366395611594,8.39576617965796,3.042844948500164,8.036824768607824,0.9200658656903515,6.832878082457537,3.113901081710436,,5.957783378907308,Industry_Specialist
2.016385922447527,2.9977324759829123,6.206750591711823,9.680739832047522,5.887960607027585,3.993147653934798,4.771643497117062,7.0047357127251795,5.705425659549652,10.0,Industry_Management
9.33365634992594,5.771168335855042,1.0720346536156757,5.003436580080777,8.136420119527239,4.334320154885135,5.821146418406856,1.1385267097010463,7.9624006349187155,3.2748024175627477,PhD_Research
2.782422837106676,2.5155083931555366,7.516970103378072,6.722751950755497,4.798614289298486,3.079732621928729,6.537523407272438,8.599755145581417,3.7442859734452334,8.60953048330445,Industry_Management
10.0,4.272828560082433,,3.7859536641928635,6.222271855454938,5.122437975702006,5.623385104133659,1.0874617825322326,9.437321220296834,1.8094294795146308,PhD_Research
10.0,8.124070750034058,0.0,2.72155922774326,9.394089471079834,6.576748799240103,5.441920754939771,0.430383097086108,,4.320169781427809,PhD_Research
2.8242108058151416,2.756234226132563,7.236399837637037,10.0,5.942808637038573,3.7673565971518075,7.170841207712072,9.420733103520526,5.518686622586489,9.84530251465944,Industry_Management
9.99524898903926,4.598599322984496,2.8045873157456906,3.5591137227917953,5.369168580670966,8.570534671039592,4.571286418328021,1.8655273765005065,10.0,5.040773032663155,Teaching_Academia
8.494776864613137,9.92061176446707,2.6585581004473298,2.294655884489625,9.372596415097808,3.9929525868593183,3.2499047172092066,2.9079647261392583,8.360728354350824,4.160712561219842,PhD_Research
4.923619156614735,4.424985076261942,7.060931533472399,3.226854453093804,8.013320689221967,3.0003511353146335,5.3374947522741785,6.7191698162141344,5.437122720258081,2.9085298484239592,Industry_Specialist
6.3099392579774305,7.8292644834320795,3.7710813897071622,4.457800610186926,7.2051750392179015,9.83964370378795,3.962741084327353,2.2310676049772917,6.587934940178512,4.06440754404871,Teaching_Academia
8.225084430446984,8.0110573147401,3.033411928790316,4.234473125934318,7.647128582366743,6.5941808423436346,6.052941153876121,3.1429236519197095,10.0,4.614547995857954,PhD_Research
6.008944848552539,2.488271287313842,5.895206633846386,4.148037752384616,9.402712531006948,1.4431352242555957,5.83038719617877,4.4310042036738,5.975192742202034,7.133568149634709,Industry_Specialist
10.0,8.57081268260845,4.267114884018129,4.570691106359789,9.576384629836177,4.614457760404879,4.086509560616967,1.59334902970964,10.0,1.4682052899506748,PhD_Research
7.723374754220609,6.125011123772765,1.9240653829837129,4.10917530430879,7.598441986056035,6.080341414968367,2.2551722837178207,1.9709731265956734,8.239663624587099,2.939436548558859,PhD_Research
5.619830239784883,2.8034811051022857,7.959238889120548,2.1235191639821087,6.748580382388264,2.805864191807053,4.785151638970833,3.263953942681999,4.769882338100632,6.079319312038467,Industry_Specialist
9.293227791363234,9.23194449280279,0.5555636288071744,2.4764369292289667,7.078678984746403,5.375591667319319,5.61843159224038,1.9392587302886364,5.74779020259245,0.7848092786065117,PhD_Research
8.744048591684917,6.550997948011695,1.7019195503819995,1.929367462362014,7.313258617265524,5.294821859941876,5.714717157063815,6.1519741195983535,8.237439389407829,4.865890203639072,PhD_Research
6.079505224806526,7.233571255545444,6.898666728599791,8.129573869810887,4.3127781377101915,2.1712741158877007,9.222176695868505,7.805019687652727,3.979098815115097,9.811420899849473,Entrepreneurship
6.350271356597202,5.9070779582394115,,6.545132737535287,7.141268203412363,10.0,3.2918960401985746,1.7865730490137581,9.785940298840936,3.7485223381638195,Teaching_Academia
8.490348265368048,8.181901605650847,0.9384523603077526,2.509118293182327,7.277712428396568,4.174742886837106,2.487484060270048,2.710677426781737,9.948630375918821,0.9367722089622856,PhD_Research
5.289479892482377,2.2157419093726665,3.860481885741482,8.456904320056575,5.926538368392621,3.6713385675807264,8.991007836117944,7.4580767790340685,2.9979019856048508,6.800378718487074,Entrepreneurship
4.087335442550176,1.9973112647652322,7.477335933966288,8.448309099143374,5.727265125127049,0.4352663033164892,8.445139199110205,7.808525192405075,5.254809405281081,6.2084682560057685,Industry_Management
2.9752964881306956,1.5187672861939083,5.582761099068753,7.198371718098193,7.204671214208721,0.5262279692786942,6.9184613120757374,8.504271519783819,4.124965346209998,8.025479676824665,Entrepreneurship
5.3350673322661075,7.589498927342159,1.7394451026220505,4.50043111283326,7.740869300583686,10.0,4.5333026663899565,2.893726468851996,8.441204301097905,6.285014572388,Teaching_Academia
5.91119697313556,3.2218776255993546,6.867159211858749,5.677395533831419,7.4516224530100885,2.4047283176237357,10.0,7.235707316787463,2.459403743705767,10.0,Entrepreneurship
3.637825495351934,3.9879713404755948,8.27848442445289,8.526400408528527,4.206585223038772,3.7949349234165584,7.316657816753985,8.55993503341098,4.716755720523367,6.963955050734432,Industry_Management
7.1096083919368045,2.13541976352989,9.218590056995541,2.9806150184884683,10.0,1.5260976669543531,6.7270224540292505,3.146568061135659,,6.76871694750823,Industry_Specialist
4.481790541471573,1.8218935614343925,7.156255673457885,7.516017165405415,5.290401739464958,5.956193409822561,7.800577515163233,8.460822641494094,4.467117454765562,9.09746154790075,Industry_Management
4.9164590936355,4.96283188805641,6.602125105712213,5.1306895433144435,7.369850009986308,3.7095318878049386,6.426525759363727,4.963666297080528,6.18190748287804,4.502928406569657,Industry_Specialist
8.508388679748794,9.688996787121885,1.5368568376201464,4.958770239007213,7.286297015987159,4.732931174772081,2.7649713286162445,2.059257001329269,10.0,0.7544834498499466,PhD_Research
6.111585462241222,3.8686571966249206,7.808804450638815,4.104790108306678,6.9836727013466735,1.8811120438861169,5.9998917525568505,4.578424681308008,5.591887969941549,6.365110653343179,Industry_Specialist
2.893688670872711,1.8594429103180024,5.031329937600104,8.496551943530251,4.254939361293938,3.0191123728632685,10.0,9.679874240101693,3.00658191475051,,Entrepreneurship
4.771963240232633,3.852603132413079,4.480774648213816,7.624800657599658,7.877525515323093,0.5728217648365459,10.0,9.1918290077987,6.559993561868811,5.442157954361093,Entrepreneurship
7.525563197964897,6.34106846618392,3.165194461158362,6.7623463555691155,4.636124566012178,10.0,3.258000050309621,0.6720063314396534,6.522127348864027,2.353950558459342,Teaching_Academia
4.881923737885623,3.332393077965457,6.452112285162966,9.60352569942607,5.291510373271158,,6.591763542028285,8.282050370698881,4.204019082058424,7.95131098952171,Industry_Management
3.024512099175577,4.44794635834542,7.231420961262255,9.415735169122929,2.2776165267289152,4.238804701655643,5.790241484320152,7.374127970242339,4.735247944647472,7.355427170044364,Industry_Management
6.656237493481883,2.871024744206134,8.518834166887729,3.2959196081359026,8.743724440678026,3.4884493868960638,6.125562104133765,4.927498601177835,5.76535630974549,5.872057368744886,Industry_Specialist
4.411051218815417,4.652886735641937,2.2522162484529797,5.542889109801682,8.184108877117097,10.0,3.3007440723990973,0.0,8.008108927584127,6.4117458609919975,Teaching_Academia
4.172340622864348,2.982284692421419,8.283058690560276,6.934778012013123,5.415289896417102,,8.228609083979611,9.283520022235036,4.938741080464491,6.693361694501009,Industry_Management
6.3502790563833145,5.866932345813317,4.3910956934815975,4.931840456834051,4.9614653258704795,8.866280265663143,4.651866758458898,0.9389926743000123,7.397762451115918,4.488143411715842,Teaching_Academia
7.837530442426679,7.658004548206741,1.1083915209703643,5.796219871391136,8.285580891984916,6.674977524113729,4.080216024265479,2.5483961873480494,8.88456461797375,3.004935127107897,PhD_Research
8.12651436921642,9.920611724421045,,4.600876235713812,6.067416449120717,7.421012829813344,,2.26275020455466,9.748210462999863,1.1672347423678466,PhD_Research
7.124549764502668,5.765824980847165,1.5925527586404153,5.049494778701507,7.1121108427375805,9.761068763100173,3.6442917385926346,4.683024334069938,6.688307580054585,6.165865626693653,Teaching_Academia
10.0,8.476490829408398,1.6278766463776004,4.590155253101305,8.098725027789664,6.216211263104694,1.619172090520339,2.06371042144576,6.411944406338803,1.0564209207046333,PhD_Research
7.4109133936981255,8.323746958999024,4.367688506057041,1.8527131073669523,6.834610031100418,4.4493114116009105,3.3232350632879655,3.556381674079738,9.31415763576709,0.6925493224652333,PhD_Research
6.599267315251401,9.482408767455889,0.9992332999798239,5.7460667167747275,5.3785277724700205,9.670554136146414,6.839163774817241,1.2489203067287182,6.558965548724557,4.4772321417029195,Teaching_Academia
6.3329478432637965,5.115621741304091,7.923245117503428,7.107289523847346,7.36898493621164,2.0035996155430302,3.4269312954042555,7.030332073025491,6.065281844403267,5.565643046605599,Industry_Specialist
2.1523201600675326,2.3879324821202426,4.714337314705409,6.448923153576665,5.852489059292904,4.596778504013063,10.0,7.570316792972255,4.916544196633003,4.5831791685538175,Entrepreneurship
6.790181203024479,5.1497414545265245,2.6626328081732744,5.965094152510642,5.193647019184204,8.405842479565326,5.1279281817053075,2.598507276424515,8.370680325725493,5.022277483007393,Teaching_Academia
3.26801989630491,1.4183551125534197,7.623767818382017,8.055597834900347,3.969923841335512,3.7071864986194045,8.984594353339538,10.0,3.211956968075626,8.866593765843705,Entrepreneurship
1.4382791492682099,4.2400168632042625,5.713383042637786,8.59225456853755,7.895122703124823,3.390381468673534,10.0,6.885740844203223,7.116589566477013,8.913243258035395,Entrepreneurship
5.230989798143978,3.261209915427774,5.81004021515997,6.210145698777391,4.226599983607203,4.117693284234903,7.861227775560185,9.009634594377886,4.148653842766775,7.990272229604336,Entrepreneurship
7.097525397611896,7.232080881847468,2.4102865046674427,5.567609707154704,7.552191010933309,4.149609627911865,1.2085242613397487,2.28853430329162,7.618861264582568,2.311728744424104,PhD_Research
1.1206051521186904,2.833694829184526,,8.589004097094092,5.981624163026184,2.749506086087124,9.367093553649216,8.470848399249286,5.747726463717317,7.474441756789386,Entrepreneurship
4.956186860753133,1.7994791243850776,7.364048853551553,6.961113017062987,6.156209213392756,3.5787765233211246,8.979697347122386,9.591622917527957,4.1936461036150545,8.525499427097955,Entrepreneurship
4.624400162391443,1.3333530629971373,7.940620079200689,10.0,5.633149653934585,5.40039311721168,5.0375718244096745,7.945288132872697,5.305434767963205,8.516526800741723,Industry_Management
9.253635165085754,8.81822520793286,2.1714359570574975,5.064393135451675,8.622970292845011,6.020095330971192,5.132069601476631,1.4541153807077425,6.64941273906803,5.00654071281892,PhD_Research
5.024226781778544,1.7213522971637338,5.514056595543132,7.766185582418739,6.941818085214777,4.092945656621543,,9.491045327260885,3.1540624000169015,8.109598147393369,Entrepreneurship
0.671041398643792,1.920036709141252,,8.696972063272373,,5.217183003470835,6.496674846801249,9.038586805868327,3.2785684355914135,6.575988204019152,Industry_Management
9.565759162437715,6.009723540357761,1.7745298422100972,4.434059925684535,6.073860259979412,10.0,,0.8620692886315631,5.373533725347775,4.841780663422921,Teaching_Academia
5.84780237196452,2.6036717781085708,7.31509084521667,3.680848063343849,9.493365054769566,2.048389687222571,4.918351259912858,4.238344878197947,7.028456208836795,5.609599264292793,Industry_Specialist
9.51471403676007,10.0,0.5338850056407718,3.506251534673136,7.521240507602792,3.8373501400992125,3.575859393470048,4.355730868789856,10.0,2.563279007447808,PhD_Research
8.60392753015764,6.601833712666836,1.4536464063600116,3.8171008952830605,9.013958718369377,7.658251604936626,2.0078064034044987,3.7253170165148695,6.939492981752814,2.9637183411339914,Teaching_Academia
4.903095079116369,0.5154383863060108,6.648635666297036,7.407369288972405,5.528207622377891,5.616210159302283,8.62936622606437,6.941426181004733,5.184524425641646,8.72643720778501,Industry_Management
6.68249237878423,6.543346836555593,2.9886921189885154,3.790351341056283,8.123135514984627,8.798965273892934,3.1202747280721104,0.4310530733044895,6.572286360100336,,Teaching_Academia
2.870021594811215,1.1951231441762626,4.825148977269784,10.0,7.177813555841791,2.4529017001931437,10.0,6.736957958289922,3.1255600034536593,7.636322245724452,Entrepreneurship
3.000764353550094,2.1790483874245323,5.752492683878249,9.027978431117072,6.266805320209854,6.709954847700663,5.191613212214274,7.651867054222262,3.7515139182303194,,Industry_Management
10.0,5.178199967265964,0.0,5.034590251785707,8.578608982552579,5.3255801903389886,2.2756850656858867,2.469796175894524,10.0,4.071459505734621,PhD_Research
5.435532599753479,4.751520214097626,10.0,4.582584788014718,7.510426860069469,6.240560526630074,,3.257523311332341,2.692574042047655,7.814919040018166,Industry_Specialist
7.598391340581035,5.626202912980393,5.705518067586702,6.125467771872097,8.20232444260674,10.0,2.950543208340654,3.2771281498884592,7.046517497112744,6.619358865946872,Teaching_Academia
5.113060250199654,0.7862279802567278,4.731813367280836,8.929405274330524,5.1818520062662845,0.0,10.0,7.152860325510601,4.60727664127683,9.31066840411206,Entrepreneurship
3.8754151504642858,0.27948598296267724,7.309268380832838,9.297661170814788,3.7626668857924246,4.148226627427399,6.11571592978273,7.163117702018001,5.611075012438696,5.137066200327877,Industry_Management
10.0,8.82598248571966,2.962018507195636,4.827978168383873,8.943028830402739,2.6813055313715615,4.108707400633724,1.7769504534961373,7.336206755067973,5.186361605091071,PhD_Research
3.165877829120579,1.4581295863182446,5.966036813903521,8.234332732502832,7.792540003727666,6.221912506069533,3.840873061457292,7.539217605230833,3.1553348988781917,9.284839063574976,Industry_Management
4.356409785299972,2.9548641847012025,5.329529439988577,6.918215527433882,6.945320024584367,2.391180914691593,10.0,7.055029648533032,2.241967074992682,8.481849904841516,Entrepreneurship
3.3091060270011665,4.963998713119668,7.006343267795477,7.3623574651468955,4.208209604204535,1.2459008758014392,7.992416260111066,9.78238760799926,5.280968711750186,6.835084549891486,Industry_Management
10.0,8.304760451426727,0.0,2.6969115305039173,6.23734611426384,5.0225350178967,3.841653208730666,1.8910465927307047,10.0,3.713677736299984,PhD_Research
8.076938390189266,3.0604671212791636,8.083171024779512,3.5145241437456303,9.437808178953622,2.5724041685666097,4.452261542960591,5.272170722764454,4.3002111760883555,5.95091845521691,Industry_Specialist
5.311845478131572,3.894912071750154,8.343135589355846,6.608984123853066,4.406101800976958,3.142689664760371,7.013507326956669,7.972249655208272,5.977929223485733,9.709807617367566,Industry_Management
4.900665835244911,2.436797546390072,8.426070410937534,4.759419795357977,6.820097242069219,,2.3588945607380647,4.275227919421776,5.990794014546292,5.635910785054862,Industry_Specialist
4.8647126603481485,4.828600193745838,8.420834564252784,5.606517760892384,7.017659268647249,3.0729863423174173,3.7245866944488384,3.4623131844322566,4.659264510431982,5.056384313106719,Industry_Specialist
4.473977860959797,3.4500234620260293,4.921035389926293,5.822569790532038,5.542007859276838,0.922961766763486,9.519075117319835,7.485409638138735,1.4594471972190388,9.75683268961823,Entrepreneurship
5.4716667773738825,2.0291515257285244,7.433731375103173,8.422189282995394,6.517273634874117,5.519634069042499,6.478590521757929,10.0,5.66635274344298,7.694760787651257,Industry_Management
5.13424805278597,3.9408518512440502,6.694887477989843,9.267404422921889,4.640496252802266,1.1003574629851287,6.160302225775196,7.387863956369511,3.9278842862367287,10.0,Industry_Management
3.6589084300767833,2.2798547408722247,9.153910520303727,7.526704464619057,5.618681903828091,4.7410161317479975,7.0518527349012805,7.792503532223126,4.124422354891545,5.739539898722789,Industry_Management
3.8738231363636166,4.354225069970044,9.72239500031415,10.0,6.520749998748506,1.8676417318157563,6.633310363173371,6.386176908531103,2.5662874486050136,8.31090628995041,Industry_Management
5.061838712058315,2.0105271547535164,4.015425546625869,6.30792344355623,4.9847234635029585,0.2192938593564886,10.0,8.978014197933629,3.961050637081142,4.652693434951823,Entrepreneurship
7.776013200819653,5.173632887653582,1.5574581277885655,5.8365548247689425,5.052271697653692,8.17630520731863,2.5042702779653006,2.6483136389466226,8.307036670891618,6.050473903440362,Teaching_Academia
7.3025338018030235,,1.6639549520211065,1.8757011712683882,6.272347961527049,10.0,3.347800340594134,3.3366609932630653,10.0,5.025272602556124,Teaching_Academia
4.500689269793029,1.8028203899787267,6.76934132461031,6.6935683290396195,4.324100248072932,3.5308570532741284,8.070428079588549,7.069986800125706,5.087782840587154,8.182583342979122,Entrepreneurship
2.77198368685092,3.7894626416107737,8.054892624027852,7.917518445615078,5.689140961145903,3.3910307220474474,4.872131781557744,8.091645097727513,3.6926847187504133,6.771586013693871,Industry_Management
7.011201906086594,3.9160421818868416,6.750704755498384,5.830086446830458,9.598122410710038,3.7794598757274906,5.26565199337164,4.293940413057682,4.897643470088809,6.833020674528434,Industry_Specialist
8.358462688630713,6.0010058220051645,4.326678565883234,3.6277005018307316,4.132874181199444,8.627529606776339,2.4518613314408264,1.6784168066610703,6.252812851985544,3.900557549146374,Teaching_Academia
5.930703248419209,2.0894155811842285,,9.486346426850634,5.531023747546457,3.112719191429097,,9.161963859624858,3.638292111222283,7.835891890544755,Industry_Management
4.119527318642588,1.8326974898918862,4.761734961478441,6.739171570345777,7.958799169754129,1.729431194399163,10.0,7.932570178125479,3.966668871151876,8.230397743710144,Entrepreneurship
5.4272709383411515,0.06302195914910502,,2.793178629974264,8.63139564694767,1.333593377952735,5.0390085000902225,3.6318876724475424,5.39403245043543,6.162106460946751,Industry_Specialist
2.5622195658590137,2.445506623172797,7.5876909358882205,9.599962819677287,7.891352603669333,4.00511718566298,5.298275206083151,9.023209774727665,3.5922714940782807,6.656661255214262,Industry_Management
8.933443754638423,7.896351566986149,4.336829516638032,5.162477327067433,8.514879070818905,5.323423502741408,4.057476091535458,2.236211819765788,7.592844643395227,2.803632559110992,PhD_Research
5.128238930084646,0.43760636208213954,6.795951379667439,10.0,4.686095397355889,3.1897111600174783,4.852644786644901,8.436599374751571,3.5428556428151468,7.758705784750835,Industry_Management
6.281745636067287,6.274963017462213,3.070867142202553,5.113253665505176,6.3734700775999364,10.0,0.0,2.746991647705198,9.06323671289833,6.931063060993079,Teaching_Academia
4.109850379119483,0.5333260825825246,6.230946789607693,7.459859536489045,4.761702333815609,1.0771276796157094,7.467055449732627,8.01714603399697,3.8893765384476096,6.3621089467889895,Entrepreneurship
5.366234714463604,1.9701710194846564,6.365312032132856,7.809745359007389,5.67371453323513,1.871299473780872,10.0,10.0,3.276331133416889,8.219602656462424,Entrepreneurship
4.276159290316339,2.6692195080511327,4.461162273905133,5.859896204339025,8.590565641085917,2.164845316379033,9.321441117004621,7.982865972426755,4.712514015306785,9.804626900018357,Entrepreneurship
5.9456189775778325,,6.736330247473088,8.408973502640487,4.1839258494922715,3.6749202699543737,7.662432827314998,9.316519376614709,3.3406508639298975,7.510877429233388,Entrepreneurship
5.996865532377562,8.070659661007497,1.3866911562701634,4.597201503231595,9.412539714087652,5.179713861676286,4.98817301098861,2.797974786349589,9.689084117281906,2.083924758269153,PhD_Research
10.0,6.0059801736090215,3.122976417807645,3.572917209940238,8.420278350422498,3.631231936084866,3.56520697593736,4.190057973108646,9.75745181458402,5.252005087032927,PhD_Research
6.121316992580004,1.7935174685912694,4.4292360719343815,9.738577935773137,5.936229444500226,0.7555494467169384,10.0,9.833392689503505,,6.428078965227225,Entrepreneurship
8.508851507414246,9.191204873396936,0.0,5.120600065535774,8.00640751731467,5.490032121403984,2.534915716738877,4.227220386904267,10.0,4.2474676834750955,PhD_Research
6.8075914033956675,6.925901693726861,2.321965671441626,3.7670053869153186,8.170609160367581,4.793059667205921,4.264404712805926,1.1889031454739598,9.918904533168766,3.861465761501129,PhD_Research
3.547269801802835,0.7133174785369314,7.591363066585727,6.445357783247003,5.744201614537203,2.9146594916825506,10.0,9.298548358432821,4.594184388429921,6.976839858727833,Entrepreneurship
3.5907687405901205,3.8227288206244747,6.981578629934393,7.977390597695871,6.588104342603778,1.365402782524219,5.6631803302974735,5.988107522657484,5.083966554026188,6.743915146243457,Industry_Specialist
4.3730381770061575,5.018368366171214,1.4123638163205174,6.873459512940222,6.486590942935803,10.0,3.1294598136842384,2.2664322652351605,7.457584870738419,5.9385011141701805,Teaching_Academia
0.5977538055438596,0.011798114449236508,5.9743836874009775,7.91433255084845,6.823160565122103,2.2856666691707472,8.059547289619978,7.962987696040839,4.04369337298505,7.80000463344186,Entrepreneurship
5.553567886816106,2.9200296165139714,8.91539258413172,2.6672670472225715,9.322070162709213,3.6062274038215416,3.28799740427717,5.57074167312465,7.904321005037051,7.30238416041423,Industry_Specialist
5.649735148098627,2.604357213606702,6.910829763589056,4.913933096759035,9.60816570439521,2.934236378136541,6.700290310913791,1.4389804584369514,4.927910612749711,5.947876614264233,Industry_Specialist
10.0,7.4716604787,1.3340844522070014,2.942095453277759,9.300773249348145,6.467663980537159,3.8518683050486624,1.4077965799487135,7.928174419601389,3.8457706241721112,PhD_Research
6.905885610517092,2.5758832138890235,7.769279266778336,3.5096492627742073,5.5081393667054,1.5284176278999506,6.249421531956282,1.2570641590560365,4.003790045499583,5.480363926823307,Industry_Specialist
8.637711213974644,7.409156117022022,2.7813013734568166,1.718274315920862,6.307332087689297,8.514625983519837,3.3313574752862354,1.6275818394671084,7.473038187894717,3.1489416819989664,Teaching_Academia
6.515527488377704,8.582144084636386,3.0085620029294176,5.435430381077316,5.798598463610864,10.0,1.6076823098746726,1.8993121905657762,5.929243488746129,,Teaching_Academia
5.600757117448385,2.960629675360481,6.698788776652127,,5.31831033298062,1.9405399013341726,10.0,9.494245553244568,3.098704504639448,7.5517812986900745,Entrepreneurship
8.41945768756306,4.5282395423916215,3.2881046322041056,4.02748249485028,6.37177444288403,10.0,4.765063634966617,4.3179767454987505,8.053267325478748,4.356978172017468,Teaching_Academia
6.4598194795194885,3.1064406617743594,8.244113640438158,9.648419439612155,6.502347081787747,,6.354318409862907,7.650260370461142,5.070002712209658,8.444198151745614,Industry_Management
9.22181260210173,7.271415690556002,2.0403613606351203,3.6723183399756367,,4.623161699882669,4.2578955088143715,1.5026178109101676,7.951833633109911,1.2316835311301733,PhD_Research
5.867101444460163,6.496748041655067,1.6180874038022313,,9.428715427419856,7.596485489972393,2.470400864741907,1.4112975746892495,9.30608287880291,5.094450993049508,PhD_Research
10.0,10.0,1.4731499549158686,1.4821105471937592,8.096370830945274,4.62791016520713,3.7530990066710657,1.0525955455015972,9.75342948521942,3.6818595878719123,PhD_Research
3.763297391846928,0.0,6.869887358462995,9.902685232185092,3.3136525163840163,3.6464985605402025,8.060839578440874,7.011203161086375,4.502793804555991,6.304778865603702,Industry_Management
3.521140942251143,4.335855391719968,6.676189807930364,4.133214077234104,7.684595238379643,1.754584919088402,3.721967494044242,4.359338673529881,6.294201126611487,5.831342935854946,Industry_Specialist
3.7684654931344768,0.6624388222773592,8.785784007788202,4.9395451319736665,4.919725298463034,2.6937420090799096,6.19263254123284,8.730160350143557,5.964794250739346,7.073873664642192,Industry_Management
8.922932560166288,7.05192698271424,1.4611850144133838,4.824083491053865,8.503891278559943,5.4422729699288395,4.871103014862847,2.0127060982331075,9.983122612718748,3.492495384495913,PhD_Research
7.04912977638361,6.666966833888724,1.3008452497357186,5.596947055964197,7.668645591846282,5.832277757127386,3.3001889362799464,2.8223318291074375,8.816185847213058,4.134973580120566,PhD_Research
,3.0997794336838296,7.4068565297790965,7.322263418137395,,3.963776490210176,10.0,6.666206869075795,2.533033672803863,4.202640993567593,Entrepreneurship
8.159671361900777,7.660849478006159,3.5570454226912105,5.866186511024396,5.635359376363679,10.0,4.67614789520332,4.4667526771795965,5.331033210102895,,Teaching_Academia
5.526370900561257,2.8973204199295135,4.994714574685256,6.8107659732721135,6.8519616318837056,2.605776261766332,10.0,8.26833877427807,5.330432710682775,8.050295829471832,Entrepreneurship
5.203338007812321,0.0,9.25998621083104,9.009680751558864,6.814015799207455,4.003310312851271,6.063602272084203,7.642098023929329,4.9772876899520675,7.594727718424082,Industry_Management
4.893658542190336,1.5585561325805488,8.298298473795958,3.32086383913967,7.387931844891803,3.9611238333773744,3.4897466333853493,2.8230252235136177,5.200303989793529,7.260232727972667,Industry_Specialist
2.557752660428986,2.7712344784331093,7.763013634725862,7.445314764777226,5.272591153395008,0.9277346330438361,7.204289772183221,,4.454946743163127,6.145298552312887,Industry_Management
,0.5328411501302903,9.672567170673403,2.925148162989004,7.9730817266618965,2.2383063264129395,5.348611615241911,2.764302930658535,4.766077885751702,6.584759924523494,Industry_Specialist
5.92675615070534,2.184149586425662,6.851547297086073,5.3676973518308655,7.91696823933816,5.628741636109519,5.060202954232382,2.79609854754436,6.59502313936672,6.8200402133898255,Industry_Specialist
4.244496244588748,2.760608037399126,7.657612708080157,5.87628268846043,5.395482087922364,2.631274253209058,4.457617628349675,9.864223770161379,5.1554697740947955,7.961219594772087,Industry_Management
5.085162537281133,2.026625488824807,7.713147104786333,4.391447117230902,9.27779106840029,0.0,3.918710473458347,4.206825114845707,4.871477949249028,6.524389115284743,Industry_Specialist
5.5474997786069125,6.2135017811062045,2.7239603332279563,3.6412370752700447,5.888255768185804,9.299082541456997,2.5018125336678243,2.5092228179232947,7.138370391834101,3.705332701812951,Teaching_Academia
,7.977168325579321,0.8268499767697335,3.554956779736953,,2.7826521191798275,1.8996441588831185,3.126686886183183,8.320465694979415,0.0,PhD_Research
3.7993344392371777,0.8066990533799687,5.990489027496569,7.425948424047605,8.016392826052403,2.5785045750972504,9.430859302767798,10.0,3.746811705250107,8.223003924758817,Entrepreneurship
10.0,8.354080681856512,1.0719627287525708,2.288120725624286,9.586550265208638,5.454155809328558,7.097382967489295,3.0462451783424185,9.50401408364062,2.7829936908588655,PhD_Research
,7.754288399389958,3.4816966309786683,3.113766356557103,7.095765577277193,10.0,2.7880893383468925,0.6252791034971623,7.630384883598588,3.19890197408896,Teaching_Academia
7.669453259591576,8.233058325443212,2.2859956891632947,,9.585644619688953,5.463932376894363,5.90229375858543,0.9546080293802939,8.168323007425329,1.7954512761728176,PhD_Research
4.554421937143129,3.052437327221098,7.5940513470113515,1.9387156130196677,6.80340751687591,5.0386683811829815,5.5001403089608045,2.2793352081781943,2.997539311397066,5.854186929856241,Industry_Specialist
1.8670450066271282,,8.49234050179108,8.561069055189346,4.372089280704837,2.2268085945539204,7.333711771054296,6.035410507555324,5.8838115990649325,7.785241093130432,Industry_Management
,4.2822470990759784,1.9012848147350048,4.615604931569455,6.346852086196801,10.0,1.7504657232434901,2.337371662918683,5.649148255435159,3.995878361239064,Teaching_Academia
7.635458381467105,4.6447079291348246,8.031783338495723,3.618575981616834,7.828268423342937,3.2953116379037057,7.08006146571549,4.549207651508395,5.943837742950883,7.520051141791223,Industry_Specialist
3.6825570051678307,1.4029884022343604,8.308936372751267,7.454152834594865,4.219008594709155,5.044854896786953,6.46100750900753,7.694591743277246,5.3338628801538315,8.011611435043909,Industry_Management
4.858515835503592,4.670200375013396,6.59570612047162,8.892771560410184,5.463059277481208,2.682366591344228,10.0,10.0,5.9343323165358655,8.546818018646428,Entrepreneurship
,8.014281167585784,3.1426402360111605,2.0534148788771023,6.796614225304929,2.3509529399448668,4.042503792829252,1.046202437631493,8.500084856976708,,PhD_Research
3.638187172374841,0.5013241661353662,5.960971778568034,7.826859996492638,5.427281907721451,5.799808323501155,6.696790646402792,6.814297936753269,3.55362536902665,9.78717328819985,Industry_Management
5.730164151762886,3.457603840118921,,4.525908751012004,7.653683802249739,2.1562223210463367,7.087128397632154,5.363638726269875,4.01087583143737,6.738977597272997,Industry_Specialist
4.8419799532999654,3.8418981703854302,7.773573069112442,4.179690453116594,9.413691006193003,4.122095960315381,4.789762696046379,3.129006374058311,6.475857151149145,7.0060585351828255,Industry_Specialist
7.972204160451124,6.54599577509099,2.639809900849898,4.369449179836797,7.489906339745688,8.023465087043132,3.76541822768828,3.4093627483963678,5.183043699370586,5.390419407412625,Teaching_Academia
3.6513327040178276,1.93161411467018,8.112129987092507,2.4652273583204622,7.8494554370367045,4.3761186609843605,3.307686341362437,3.731620514066299,6.332183753876004,5.456251092527048,Industry_Specialist
7.574623269620763,6.956779336325268,0.628000971838651,2.1770980542384892,6.401123631108123,9.243023952513527,4.2537527972626705,2.526021972838557,8.256424414790473,2.8807261495703287,Teaching_Academia
6.292667163901784,3.4449465230036087,1.3085902337123543,4.512942261436365,4.07754990698525,9.113691457513482,1.6902745288828103,4.6319207089252785,10.0,3.124343766955311,Teaching_Academia
7.017151752775873,6.368084937356122,2.187494739940686,4.600053698227542,7.290321393861271,10.0,3.335882306734785,2.4463134900572685,9.485688049773364,3.786084384212476,Teaching_Academia
5.928397909071864,0.775164703952903,6.546260658922231,4.955799046886621,4.541931684850939,3.6066798375049944,7.793829492139319,9.05503449402594,5.1783955570560725,6.848283749466239,Entrepreneurship
3.3783855981289994,2.436503338545786,9.98792185208895,8.139460328568232,7.110504850075497,3.550758611233928,6.540044479381536,8.090946166234787,5.602207114190161,7.108808903291033,Industry_Management
4.523074952945769,2.516069471476837,5.496605104548188,7.694060236939293,4.97050132598597,2.975716093203187,6.097475583386787,9.853203784082325,5.5557250764899795,6.716226886196697,Industry_Management
4.771416547267315,1.1715491848840975,9.327588975984874,3.301773913564053,7.468431182728573,3.0535340264539306,6.48536598962715,4.026048478126206,3.4411477360112004,6.707040105345834,Industry_Specialist
8.75967892739116,7.114791592274877,3.5893037402762396,3.799111673310557,7.943173831187961,4.542226384365302,4.692001941219353,2.975077283673302,9.536552395074786,3.5600673039102477,PhD_Research
6.812269296899453,7.564649461018493,2.2115789846365073,4.762089030767061,9.424594553730712,6.031351405759903,3.5466574060770313,1.8989426695360627,10.0,2.751304377653901,PhD_Research
3.2429403206999545,2.1365315004272145,7.485321898950921,9.123652270179265,7.3707976085320865,4.452524225600163,7.250813906090118,9.87993534292608,5.240620245979507,7.952280645695306,Industry_Management
4.521791194440532,3.2944955811625904,6.199936984697063,10.0,4.619260758615762,2.9893205254585635,10.0,8.25246471588694,5.49788469564847,6.938348598635986,Entrepreneurship
5.340202263402259,2.950822136833679,6.3763334450346285,8.251993032733662,6.130434576788251,2.251207927096095,9.92317444369105,10.0,5.573886481652625,7.895093428892028,Entrepreneurship
4.069140356495332,2.6900327437256064,7.8507886662975,6.0707857158596505,7.538893506152419,0.0,5.6557780419612085,3.0912715909648956,5.055420331769071,5.887283888905239,Industry_Specialist
5.6510073060280925,6.537705851116994,2.237726864919392,2.526095639172115,9.151953408093547,8.197876055892554,3.244864850254486,2.228049723862161,8.423401897556552,,Teaching_Academia
5.592709891629813,1.6327043321011185,6.630835785318263,8.993166595567246,7.485791684184431,4.989787400806328,4.372592124166115,7.656701239010579,3.2902153789036337,7.652233721510164,Industry_Management
2.4640507421796025,3.9758505976431078,7.316713070593116,8.455764252922128,6.215923319638273,4.794820430454316,10.0,10.0,4.593683817716937,7.046003210631588,Entrepreneurship
8.917438723230251,8.950940130323215,0.8992326792507739,2.60175602801408,8.791586499336072,5.781247070109866,4.432292007026933,1.447710152173474,9.880730294718813,2.0329807947756757,PhD_Research
8.469621195623843,7.537542318932632,2.3833231412715516,5.177658709590315,6.217771658721339,9.814480913519326,2.008562749783905,3.309240410211882,5.366459200708259,2.1210907889718036,Teaching_Academia
2.722808163732131,1.1562736348254152,8.139509261763202,8.269542940070801,5.465641058837093,,6.9867482884805465,9.72883522294396,1.9890030617146235,8.32941729238756,Industry_Management
5.318217329180399,3.6187504498993492,8.753672756159256,5.799671124356909,5.494980126696323,2.035053371695062,9.724259344900597,,3.6956933049958107,8.835885669821526,Entrepreneurship
5.173640347619853,4.692407378981599,6.038675968056521,7.656794160051865,4.4819225071220545,4.407045970765822,8.498833492567107,8.376748872793016,2.395147036269605,9.523962980126662,Entrepreneurship
6.54877886325026,7.0983440341030795,2.4154334990167023,4.251284519926993,5.940586648786114,,2.6522669166689603,2.003482270391037,7.5959736484283,5.226631473392272,Teaching_Academia
3.1868439525355114,4.077060225605107,8.792049984521302,8.771265668653177,6.489495714748216,3.12488138566668,5.9891220839654435,7.139888289797035,5.6752844340903374,7.098562669482442,Industry_Management
5.966643372846913,3.05987558015025,9.726603607164536,6.187098660942128,9.473639313738312,1.7760011171012586,5.261748309179398,4.571370987578857,2.647497940407602,6.610168857507007,Industry_Specialist
5.2539139942480695,0.02612530819801151,4.200639544888912,7.481345792075008,5.651296840606753,0.7614633495894192,10.0,7.087783274754078,5.941292030763482,9.866822376367438,Entrepreneurship
4.793082354341459,4.834712081639726,7.885813617815191,4.266118691826689,9.532640952169142,1.833259137888939,3.7092991498158785,3.7445520534824603,6.075324639507588,4.269859571602462,Industry_Specialist
7.729810177280168,,1.5003503788134493,3.8336916590189496,6.626791694251704,9.257724193895571,4.6102416796057435,6.966705900779877,8.045116921083643,,Teaching_Academia
6.177090066763814,2.961989073871125,10.0,8.444176592156232,6.739294617135616,2.9133998444216447,5.331021508930607,7.119238148055173,1.8213123687383939,9.673219937930986,Industry_Management
7.3583915669389715,3.333702848756011,9.109202461729799,4.934820959914838,8.810278386127562,3.4523148203375236,4.69729406904974,6.490065099044719,3.820981919375329,6.005599935046107,Industry_Specialist
9.742981038308372,4.0152956998214435,1.1455329974640498,5.234666452661481,8.612481862630554,9.746416099688414,4.799094809612868,0.0,6.8505915491645215,2.063867850713763,Teaching_Academia
2.6010571022364646,0.8422092138901394,5.065057035248177,7.72983115466351,5.010655925285178,3.9191529426259697,7.413326838104057,,3.565944545035099,7.271651354618187,Entrepreneurship
6.614373459623596,1.5543424693330385,9.085990092072901,5.541985252754481,8.274123982714514,2.7709230233494315,5.520402880802576,0.2800261188691251,5.3929356840311,5.852639802808251,Industry_Specialist
2.608962965284465,1.2112265045581658,5.478643037355184,7.4887126688712105,6.197445928276079,2.1399474502493696,10.0,9.134666031653644,2.950752423166281,7.622864941377845,Entrepreneurship
8.52127635617556,8.444022216222663,4.24730693772727,2.717085798043291,8.181138800275257,6.010538848880268,4.565195896806604,2.010997107400871,8.826030146129147,1.2126354491190237,PhD_Research
5.958201246345328,3.440692863617274,7.5193890312285925,3.224716832072189,5.157671627977704,4.259362691500626,5.582802617483293,3.7670842088225625,4.821605287612868,6.956987540939371,Industry_Specialist
6.758043002813316,3.7497208700064224,7.682372488266612,3.7871066646411378,7.4441663260302375,6.4251629807395005,5.722685640689275,3.397059426243135,5.6051458064161634,4.685870406786787,Industry_Specialist
7.9737389884515455,6.177085088967607,,2.2235493800687234,5.040957518021677,6.2357924754387195,5.748836062949609,4.485601837902473,8.010664084079384,4.675649634009466,Teaching_Academia
4.260006900683732,0.0,7.0573420764586094,9.350132167199822,5.191868965048303,4.4295075542916456,4.894968581974016,6.3022229153761105,4.407120976038113,8.041035367476889,Industry_Management
8.800209364329376,9.890265235894695,1.4065875125078608,5.471904943833022,,4.921672599678327,2.606448682022715,3.091530836451776,10.0,2.89943696623289,PhD_Research
3.289617525187612,4.431995839618644,7.634494314361807,7.773036784156564,4.01120363784726,1.0667880676807329,4.3733351764205075,8.14554701387769,5.774303899339463,7.271543059851139,Industry_Management
9.500549318952931,8.723493475576642,2.3853434010512573,6.645595293550388,8.386777577631737,4.60079181616505,3.0204141455354088,1.158058528248812,,1.844563492799806,PhD_Research
6.498482022103006,9.504477317638589,2.463449102718186,5.084694707178137,5.50380854371493,10.0,4.632023875907516,1.7356467522300725,7.428887640215907,3.336136299141865,Teaching_Academia
9.127402488329198,10.0,1.5085489207490803,4.421315989016061,7.461552531639123,4.543017844313719,4.323614083515655,3.6001952810000484,9.414823284230646,4.636849304135157,PhD_Research
7.280696526720817,7.367947630091239,2.5462947223169614,3.8668842814055746,7.6542672934727305,4.123523799758138,3.0739618162634788,1.3566374827433747,10.0,3.386764392541221,PhD_Research
6.001350903943387,1.9589398260229298,4.499606383736993,9.996679164015422,5.524288754838708,1.5632337069372257,7.209246583785693,7.6602453285380925,2.1089704407110785,6.690332912520328,Entrepreneurship
4.437174082171045,3.5481018788827785,7.8777802736892975,3.137874124172206,7.1390817348780296,1.4264816538823748,6.27249374360836,4.102202970391324,3.8783599745547486,7.0511120744826234,Industry_Specialist
8.874967381999667,9.466424514554094,0.0,2.0543697031256754,7.300247625536152,6.899532526736428,4.367363077795085,3.497512412599595,7.517790805135901,1.544603362148316,PhD_Research
3.2679698992756046,3.1202553992433115,7.081370582770425,7.657056437541072,5.567020932322447,2.0089484532536415,6.557444183184083,9.470802790545804,4.397034746715585,7.736556308709729,Industry_Management
6.338646493959458,2.0048561086450762,7.2467278887437905,3.3975220022869848,5.591453779802638,4.120286042464377,6.549071698437336,3.088252605307006,5.452663920728265,5.654797382981993,Industry_Specialist
,5.0088017972055265,7.745690969950005,4.337073933995381,6.28222670686115,2.418805630571776,5.273695072026021,6.061804980247826,5.288577610979153,7.798836469550899,Industry_Specialist
5.967471801799257,1.959259160047934,4.407260465469505,7.237939120447334,3.632510739646237,4.22860510840337,7.415698343076565,8.87288013119068,2.9031986478864056,5.64528552150068,Entrepreneurship
4.92558748301927,0.9539833903033488,6.874592364853704,5.665734013403875,8.097209825876165,3.5864134688149685,4.660152430675051,3.1426529949747497,7.180840284838034,5.755350585833595,Industry_Specialist
5.46773135380703,1.5119797868321967,6.462401396747824,7.059664942608099,6.084719786273501,5.497171068711827,,8.999758268905556,1.9648146042910302,9.476137959141932,Entrepreneurship
5.737105979141038,4.665227471414552,6.6019543163955365,2.7998853387633487,6.489529711920244,3.3253869744642905,5.08577829249372,3.3962646349994654,3.681710049249137,4.353424849349905,Industry_Specialist
3.4791001295735473,4.255529899706039,4.27742247732704,10.0,4.678536191521298,2.9986827977023998,8.862745052478575,8.05315272700079,5.041764407262214,9.449774836397454,Entrepreneurship
3.7670899273058875,,7.921441332625053,7.088969605805376,5.0600901944598355,1.4957327568279104,10.0,9.957305728991193,3.8622236600145774,5.685071044801056,Entrepreneurship
4.372571611482105,1.6724598744062145,7.594345004768325,7.879355792169979,7.598519922687366,4.21104736952085,6.8707704471913695,4.533007278557234,4.413174717522546,10.0,Industry_Management
,0.15060882198039494,5.739723347490751,9.359579769288906,5.960759685710392,1.7267875830264001,7.746721646713855,8.201001045163883,3.0158615643943936,7.7668004192138715,Entrepreneurship
4.524472625555362,2.19234600505223,5.752064158849466,7.449684586304525,5.543175751592874,6.260042221159013,8.49805730305233,7.77463638888995,8.282010340878593,8.047317293198718,Entrepreneurship
7.03198610541383,3.259009453624011,10.0,4.221660641825544,7.622914493881573,3.005372747451326,5.333439571976602,4.5658301443223825,7.699724723616731,4.901083395529161,Industry_Specialist
4.4481709526466195,0.4140821573135449,8.702792353831198,6.756105002366025,9.806428336154081,2.665486749154626,5.011498898706029,5.154018133819087,6.458766425785379,5.553403565526592,Industry_Specialist
9.670033523771053,7.249199446437654,3.6567813820236106,3.184136202632004,7.672400131967094,5.703471094045891,4.9918044270380175,3.0825291731170648,6.8087234873997495,3.6994447719067263,PhD_Research
3.5409747691568523,3.5415318839662486,7.6933466286963545,10.0,5.116218280743141,4.107899274537995,6.6576505838959665,9.95208243442055,2.2813715017654386,7.404069243080895,Industry_Management
8.586721486782999,6.872893166779546,2.1549936194656096,3.2571160150442413,8.283994805465348,7.446827344265264,3.779364264653508,3.037930012347278,8.698049871098494,3.0984272743438837,PhD_Research
3.922222119068972,2.7947607463356707,7.571980010489799,8.17515945657282,8.342135385650458,4.105633364162481,9.775577314703096,8.826932490323163,4.178408267657912,5.873389578726511,Entrepreneurship
7.056929235786467,5.17733039302428,2.4817612117538923,7.873245802408216,5.065368858569567,2.655796697823846,8.9560994094993,9.555286828023165,3.853659120941612,6.315820621540056,Entrepreneurship
5.825671010717366,4.665809284875515,2.725777055479403,2.264603081874481,6.882931696976154,,3.7101722012744003,0.7433727326747408,7.0043185704058795,5.285902518872067,Teaching_Academia
5.162501759250493,4.260745833609269,9.136560982594784,2.723517200263956,6.887815611218851,3.1413127986574327,7.243972087070363,1.5097652861903077,5.361832821441656,4.211143668954907,Industry_Specialist
4.06681721061222,2.0737416185794237,7.289225141362907,8.676053780819188,7.733529995111769,3.1883720879099577,6.068395698684795,6.875009041471539,5.431620386415101,9.776682932333767,Industry_Management
5.975382083101939,1.7023946729241048,8.645200502158957,8.47532262041488,5.445003856625622,2.414005624497552,,7.005375035033358,4.721031608530942,7.692875477589205,Industry_Management
5.510392238413457,2.850064506750463,9.383605842121337,2.728026855946135,10.0,3.4878347216167565,5.495078028688975,4.682624766164377,7.440277417931135,7.030259635174389,Industry_Specialist
6.260003796101277,9.000007070448266,3.5882472660828704,4.837925935579174,7.356464844422241,5.875932711768085,5.118688620349879,4.526461122138811,7.861057098503655,2.70560904009262,PhD_Research
5.010381497392964,4.173321315260514,6.8044617093991135,9.705394431395428,7.269172063720169,1.3637789391878932,6.796048396127985,9.246064629914137,4.163655697696331,6.425994349217358,Industry_Management
6.335012290450643,3.8612839687156644,6.020991500209522,3.6996224161306626,5.89630454962609,6.180213216583421,2.9266621567797197,2.6378077154692336,3.647218888706044,4.054341380260255,Industry_Specialist
10.0,8.798328930246411,2.777851161197348,4.675558745350454,7.073461023088843,5.910940103917461,2.2374418375354796,1.4670207083374285,10.0,4.092286211502457,PhD_Research
3.8065957881399344,2.1899245214521175,4.253675631949056,7.672162458182971,6.9294374583519955,3.787712259940836,8.47513463786475,6.9812563198865325,4.020492796677329,8.229342636125232,Entrepreneurship
1.044869080842537,3.403990292218843,5.1493884723281385,9.054799598882756,5.231196187382538,3.6687170192003964,4.814807840773292,9.01470344234545,2.617134810638505,9.614128441768361,Industry_Management
3.0036947158554907,1.4476273057302205,8.784769724033456,10.0,7.465786625558496,5.8451096282287285,6.175005267219375,7.595440982498928,6.25628822041201,8.926990066407063,Industry_Management
5.2258424829425625,0.9406385241749162,7.268143135135827,8.447838724855671,6.430199467215199,2.685378972633708,5.110041204523789,8.128590122392044,5.8083076209056745,10.0,Industry_Management
5.6323667970342886,1.1635666706184118,6.290462162800921,2.204486889061994,8.638888366921467,5.683062896353668,6.771195717200277,1.5352192411101164,,7.217320542119041,Industry_Specialist
6.940348077623904,5.140599471193811,4.1226091600505175,6.062635469161616,4.664348633256631,,1.6497635283404297,4.175219886178594,7.694776008096403,3.845188573752041,Teaching_Academia
3.331555020144174,4.07083720515693,7.216128193662895,3.4901061832036318,5.586146477477785,2.1173268913424232,4.990162514379504,5.20949121490976,,8.154588956302245,Industry_Specialist
6.504512166820472,5.865770280400805,3.182683340909646,7.383583813125764,6.5115372028420495,10.0,2.7223657763334446,,7.516318540043371,3.4936271755958,Teaching_Academia
5.4048062226426605,1.8128362580125303,,8.779774808098846,5.916818647682865,,8.909982184139558,6.928142303914758,6.255596151268558,9.510594833992647,Entrepreneurship
9.021320380335277,4.662050603747605,2.517914653807534,5.351923766952932,8.42697673917033,9.240537002487011,2.973933069434155,2.593107337063889,6.684070838369017,3.7540350357191583,Teaching_Academia
4.698731924456002,2.904612482834811,7.815671613532649,7.9658497414264415,8.964541205500154,3.302186878785875,7.796718688168378,7.769306562356844,3.5154292895998314,8.269765296499392,Entrepreneurship
7.030818791468398,9.07785739238587,2.5263116139264215,1.913147378727662,8.46841340109794,5.473894835743241,4.722897855970096,2.7304397770335123,9.378600841901594,4.9156948099290245,PhD_Research
4.687616211045269,1.6002879963831198,7.182640396721595,8.473877087111465,3.4405187594665914,1.990296733860625,4.541964120339044,8.993340690788907,4.818961433144142,8.794379560096125,Industry_Management
4.790699378371619,3.2495043778332056,5.524324481321309,8.06342323654502,7.53559479373949,0.037704295521035824,10.0,8.06594972620838,2.813986438080292,7.937507491558774,Entrepreneurship
7.734358828950035,6.797024398007608,4.162231724017337,4.905686351302567,4.980950112476876,10.0,3.4982045957031564,1.8724413223796539,7.116973411648174,3.602665668092506,Teaching_Academia
7.739642288286114,4.9482928176148695,1.2784596045132182,3.1710836656146224,6.868332093163997,9.374525555976694,0.7275120614252981,2.0012472740315297,9.020000592467195,3.9133156277866075,Teaching_Academia
3.1334712685527824,1.5131735436684366,4.2038792788844,9.22379653563745,5.879934331110757,1.8947404763123776,9.61994528018613,6.935319720635912,2.6564558091014714,5.601826411192685,Entrepreneurship
4.382906145448813,2.2875424309435175,5.459089342353512,8.438980124316103,6.027699737461645,,10.0,8.717299273860293,2.222623241307402,,Entrepreneurship
8.672429408331048,8.19833126573321,3.9129395648911043,0.6633440267893129,8.19209465613741,5.229466147784181,4.38479218659323,2.016511044282323,6.7162616827778425,3.4263941288283424,PhD_Research
8.341416495237436,9.654747599381063,2.697186059935162,3.4986810240198905,8.192619654046133,2.962669782238919,4.505016461107004,0.2122395799958947,9.977335405586093,3.1672080702386456,PhD_Research
7.861485094982137,1.8543900183331345,8.28267253989424,3.9534278293342577,7.869613032323569,2.851381181593828,5.139236539012313,5.102346366502809,6.791057107157168,5.9970746821445955,Industry_Specialist
6.616759875631057,3.270075776898361,5.957572934658197,5.001908416723192,9.647910629045077,1.8856706750893413,4.988385971740438,1.7570394593899854,3.3635516024103627,7.362438450902428,Industry_Specialist
3.2657556435668456,2.8850204600173623,8.788866921312767,7.424944403388977,5.493723116040407,4.628486448506524,3.483198532190631,7.925159308872975,3.9419212182881997,7.8260211849184556,Industry_Management
6.134248344625436,3.6847074547359493,8.737321919125602,1.4876342727772065,6.23067799372029,5.5655778678577725,3.638628611899853,4.794093340477696,4.1069810918344,6.103574561047834,Industry_Specialist
,3.9933487271523265,10.0,5.016766710823163,6.091257112170498,2.6979225888101976,5.333624695405988,4.23086845200067,5.701095918825736,4.807836369601011,Industry_Specialist
5.6443990377203335,4.2511535726230125,5.2410555510670465,5.614198300621458,6.649115438859925,2.5694654877322063,9.329566287258114,9.223031082450316,3.406689841226722,7.150492437253227,Entrepreneurship
4.394199234173118,1.473363276750233,7.533955461294866,7.317657939415348,3.991526183544914,2.1177190395352277,10.0,9.581771809894253,3.6684796515421807,9.285231684132617,Entrepreneurship
6.28741145028409,1.325472701609007,6.5441577597115685,7.239236517759627,5.920504566235794,1.7150341425607656,5.377912956814904,5.20192443028943,4.812547760366518,7.349720683616859,Industry_Management
5.540475308828471,1.8969175320415663,6.63683086172413,3.0223528702520204,8.288771915314287,2.9649574126342304,5.279946931275374,4.651057073609945,4.184482796308057,7.905358218848952,Industry_Specialist
6.3873173072604805,8.022935509901192,3.9286749118062314,3.306296498872952,6.152808300101984,9.194358107069407,2.8006234946974526,0.2767241967818035,6.619091769993041,6.305959097624987,Teaching_Academia
,1.2974039811626163,5.685871097688918,9.376458807272634,5.880356069886956,1.5585062043265507,10.0,7.097829407662246,3.9158898939856193,7.950694602833297,Entrepreneurship
10.0,7.773575446053555,4.1682538944553755,2.5651370928833908,9.26343691684363,5.415220342928597,2.870238577775783,2.7306149490280225,10.0,2.579070784427419,PhD_Research
4.280408328051738,2.4455043753849726,8.060370840379546,8.798203959940198,5.576821332932522,2.6666793092161676,8.20189611299124,6.634454073646889,5.055927084543669,7.583687035008137,Industry_Management
6.986032058468697,4.256626240654881,3.502915314682821,2.058229444927683,6.9528031281031435,7.590300804833754,3.001413868811666,3.6634059988840235,7.795593985177943,2.3606417091584087,Teaching_Academia
5.17986703831705,6.73688940258605,2.927370131158022,2.642380382969982,7.057162015425057,9.150264691595023,4.189864403185711,3.0742622789551786,6.709256771993009,5.322698193751466,Teaching_Academia
6.1243134982652965,3.5300468805034506,7.583297508161188,5.023727515701183,7.9407744352190965,2.3667523709402687,4.59454129406798,6.626831608408581,2.7445310933409375,6.6497245355845385,Industry_Specialist
1.6496982064342562,0.0,8.667625510892282,6.579703221096249,7.855164295710971,1.7856872413571259,9.262807317353772,9.312770737479875,2.9337472194448644,9.56987967648677,Entrepreneurship
5.933613715127066,3.2411672985601667,8.893948229861717,4.709945380160182,8.31543755272102,3.7236016653808206,4.94451197490428,4.53675881378912,,6.480617703330869,Industry_Specialist
3.9827406467486526,7.080743781140773,2.5128329478017526,4.160157511325652,7.580230683176599,10.0,4.1948343412758575,5.006494679283156,8.15349587427446,4.8928775026539935,Teaching_Academia
6.527511520056024,4.273460943502765,9.679192405356275,6.311817178735769,6.873659019742729,3.0180676721322643,5.014661005604258,3.8725043609077403,4.155958204506823,4.068769395799607,Industry_Specialist
6.347002806837147,3.808081707057263,7.951575971682235,4.256823167285755,6.459260045307987,0.15762542762426213,5.1951054694485315,4.421187333153788,6.572043938952991,8.042736560907077,Industry_Specialist
7.887963720777717,1.4505542957755624,9.987129058582024,5.328007025775932,8.750532564320084,1.888519784819104,5.1970667982653795,3.3878021661616824,5.037751442956879,5.675166063188772,Industry_Specialist
1.238962604145137,3.6989223235235187,7.815922829752651,8.091874808827793,4.243959016305832,1.5891852290607245,6.291060519188475,10.0,4.76411641976335,6.202409912079326,Industry_Management
6.794616341684069,1.7854892166076521,6.825405219450846,3.9014970806022284,7.413472035588761,1.5201752549507743,4.425800667575108,3.3831331862952494,4.126597938310432,,Industry_Specialist
6.03271002320597,6.79778397316079,0.5574611322404888,5.509874370244113,6.469874522493057,8.866819350819584,3.197706840719256,2.293044895035105,9.186494888624651,8.703541762223066,Teaching_Academia
6.289949813508615,6.64277401397674,3.6489608568801404,3.4396791362594827,4.4597294377294645,6.870391692213078,3.590812137145797,2.8874516293269936,5.963683949051862,5.859842032316771,Teaching_Academia
6.97561205274928,4.938915005393293,3.3513634374060106,4.196751329011663,6.1866827830789015,8.833879715817613,4.7024782215187155,2.824844294224832,8.84641114645652,6.2372239891215635,Teaching_Academia
6.559910893823123,2.087702969853183,8.995742088544104,3.0094110190249124,9.417857916914572,5.873833140611211,4.841290945637191,1.1496934619503687,4.28750518678173,7.601437674576094,Industry_Specialist
5.398326021662521,4.9003718061848724,7.163699126985586,8.545117887284759,4.8195193647757995,3.04963287215937,8.224849638612238,6.694495116030735,3.2752455315939963,10.0,Industry_Management
1.2930863832811634,2.5917664480425393,7.5335012518034885,,8.238112387014333,5.1127755100509935,7.0205791937249815,6.7492997309069205,3.8331068260442334,7.876702010992947,Industry_Management
8.982259170666115,8.912162742516436,0.6543984517471668,3.9842899539752525,8.226102981327896,3.4193417986646297,1.9674786677707048,3.3914737458570605,8.543761903116629,1.6710356338584715,PhD_Research
9.275092652633566,9.152312147438337,2.6379967216919646,5.560398135737119,8.876166904044245,4.537592189757655,4.43659363401293,0.0,9.497751457300565,0.0,PhD_Research
10.0,8.828793954167004,1.0913904428476298,2.6821674236274813,8.542616720739138,3.4184718058045336,3.1275176393844446,2.905612313016617,10.0,3.7913899138917717,PhD_Research
4.252710206179971,2.439537697958229,,8.327943543204462,,3.783816827635302,8.695121955281708,9.423177258739504,2.8217950591643435,6.755663352892389,Entrepreneurship
4.41675863100158,5.806256713916284,8.610772400166457,4.926896652948629,5.909358445424996,1.9304873699971687,6.609248794294349,4.372958453780386,2.512086344722396,7.349776907678965,Industry_Specialist
10.0,8.858048739327435,4.491378339756034,3.0075288874961412,6.707105973246835,3.7073643589563448,4.858575336512968,3.147299814550192,9.13293365754164,1.540155836160731,PhD_Research
3.8666382699288464,4.634810199509528,7.9047850678581595,9.068975290251037,6.85783946226574,3.9713708996055783,4.832576920561536,4.830161362086491,3.8797428273764942,8.98922918364545,Industry_Management
9.35853134835301,7.4643679284055935,1.4384658400654375,4.778081712343061,4.054215772899507,10.0,1.3742554199103991,1.4558382793079918,7.495838044759296,5.078508529483316,Teaching_Academia
5.240478627919077,1.5077262622529883,8.11561620315607,2.096107921192335,6.664600224306042,2.02409268254459,6.097120792159023,3.5286057644320077,4.417773664690602,8.54110027003462,Industry_Specialist
10.0,9.766986780384295,2.331777441912637,5.755812657238454,8.515669134782373,5.263636459967113,2.578487218399422,3.016088695848492,9.078501706951743,1.306552248115196,PhD_Research
10.0,8.046249420080013,4.279798334711405,3.878711755450461,8.670375173859988,5.475116814435685,8.132509783177795,3.606671247298226,,4.259697231358615,PhD_Research
7.014809356250621,5.531628048214473,2.263311116111523,5.156573250059514,7.514582634793092,8.030331804543263,1.826009929291697,3.7408629423073196,5.712326789964825,5.21173288396923,Teaching_Academia
8.374386538974964,9.869110021891402,0.48929663344542673,1.2483492163383096,6.079601300784734,5.03784293054967,4.040192461442508,2.3471058879473428,10.0,0.0,PhD_Research
4.888717348323637,1.3152950646462265,9.750857376342047,9.197191861870754,4.998409593004892,2.6312489931031124,,5.827623189710009,,6.760357940897765,Industry_Management
4.492539985626226,2.817514266199744,,8.872053425320612,6.802641591303322,3.375852504697462,6.41287335808118,7.757977618536646,3.6592134085765573,8.679743566992885,Industry_Management
4.831947885742119,5.410249739880764,4.363791543890421,6.541257036766572,5.4947155730922095,8.343231872915757,4.237680359481597,1.6900559366069734,7.150848706917988,5.6393265321583055,Teaching_Academia
5.72396779104769,0.09878353830360576,7.092546417511327,6.938024694305662,7.724432028471732,3.817561766958681,5.0018657723491335,8.044405326603025,1.110424812210971,6.58955030550645,Industry_Management
6.448663161173133,0.09484264696742795,6.969930434908374,7.358660971020037,4.790609814568889,3.7988108274957755,10.0,9.689848902640508,4.27931785556323,7.671544491728011,Entrepreneurship
5.1519759248382835,2.4365449197840383,8.627102108532188,1.6125367369124053,6.972305215360205,4.275394638299383,2.741351492219256,5.452846456013103,6.964477536266875,5.519708060829127,Industry_Specialist
4.503913502969172,3.018673525161004,7.894865253186726,10.0,6.933206468678475,2.1217999331222526,,9.160085386864887,4.9094574732973255,9.470851681653548,Industry_Management
5.18341354575768,4.7187766623020195,8.826596339745713,2.452371118905138,8.2099820478,5.142545810371043,4.764399655089289,4.582029539123589,5.709642489060889,,Industry_Specialist
4.504578000300633,2.922086149197505,8.952237554892841,9.993043888154457,4.365899359218069,3.8101489430656126,4.89781898796161,7.755278850140363,4.918328779763043,3.5686743005868022,Industry_Management
9.37585521829698,8.820674693590103,0.10569743418763355,3.5844274187355083,7.888515549419366,4.169458797283656,3.642315073405311,4.443423704604715,7.874419549598784,4.258761860968925,PhD_Research
4.179178511769312,2.3210899765947413,9.015535566790865,5.36843774290023,7.908069730758198,3.058055765252506,5.985858942437285,4.171337955114066,3.3184436828601114,4.943133767967765,Industry_Specialist
4.087861494273216,1.1508492219021011,4.052411000260079,10.0,6.547834179163102,3.5889794376625925,10.0,8.92255816354219,2.306982173369958,7.2453253525091315,Entrepreneurship
7.758770637729932,9.266062366682622,2.9081362489829568,4.132503653584455,7.508979504564052,3.883032175851759,3.301038650026071,3.2053728022795482,7.757687282378183,3.568765923205831,PhD_Research
8.63236552610816,7.861963490190651,2.290058623928016,4.801858459596714,,3.6459360775923466,5.436082980023289,1.9639620661338504,7.158105279624063,3.576956522198036,PhD_Research
4.9286974326490425,1.2529314148012662,8.54647076359541,4.709916000080858,9.417613588480135,,3.8216396229396876,4.597870346200102,4.907482914490988,3.548509906257533,Industry_Specialist
5.125203628046284,2.5972272193447097,9.57965038037534,8.798376181351717,7.470219135131533,2.600806323491739,8.209213913933533,8.091387341996276,4.925548222746426,8.028876211277929,Entrepreneurship
5.2539805944610904,6.941291139643825,7.704211760027814,4.331751357282822,7.482888711877729,3.4840232280783967,6.086299406252118,3.851908689030991,7.3097358012529075,6.310894070023499,Industry_Specialist
3.2169112376192004,3.737300158661498,7.9022626957593385,8.342871077042858,6.921431682476806,3.9976839713677617,10.0,9.446489083061243,2.2740052393298607,,Entrepreneurship
2.6370440647051163,3.5423346828705817,6.230699229903864,8.216296522088674,5.116135385463933,3.965534696456981,3.245164877717467,9.158182759408296,3.6199125481041867,9.58595228321017,Industry_Management
8.427151851959335,8.041739976162216,2.3495874819821814,3.194434285632802,9.112477181419909,4.306511948685858,3.464870181118928,4.271435431744344,7.647238131733837,0.0,PhD_Research
4.675369708416791,2.526243056516486,7.453339153532042,3.306065278443029,8.009369178489282,2.304167763380248,3.0988053996896014,5.01383049627961,5.978733817293545,7.09612660302947,Industry_Specialist
2.9678238349986223,0.7013937935138561,6.518546347732487,9.913175290872141,6.198140100026382,2.4648310637799073,9.791642592075608,7.022132150732543,5.701626103497403,7.742572387860437,Entrepreneurship
4.189198447843459,2.089890761460344,7.5484023163219085,2.1425399355058383,7.45067072236163,3.154435501873772,4.480586375935043,3.6472105591887582,4.974127827821439,5.1475334988379915,Industry_Specialist
4.5037446021587995,3.1374791792224475,9.452749692392997,7.128704965385855,,3.705313353485104,5.266392790910386,9.018077495854186,4.2563810128248205,6.7097073502536535,Industry_Management
5.144184805436901,4.027442756320115,6.007275658141481,3.3278815075593315,8.889249287052596,2.2016897920523215,2.9085512779490363,4.869121946233757,6.460023019574001,5.941506230064092,Industry_Specialist
3.8473760921138758,1.5924811310271396,8.512979247781702,6.39735133741255,8.511842499108717,2.4970344841533714,5.996039156905369,3.68865177373723,4.508229217426532,4.754003162596157,Industry_Specialist
8.576791485024609,8.662867723019497,1.8632086254738676,3.4861826114954866,10.0,4.851527140688812,6.989465820948515,2.6179653328778247,10.0,,PhD_Research
6.352723392574631,5.437253564864737,2.3080471713922086,5.970266756148153,6.1352558955293315,10.0,5.818530331242918,1.5396651220892166,3.7027060908939866,5.8578624062526545,Teaching_Academia
4.569385323084397,3.1301857861980995,6.055641673862023,4.151408939566848,6.786806784103865,2.4247851742949855,6.358584065502461,4.613612438891495,5.738932381947265,3.697433710090578,Industry_Specialist
5.937574098330682,1.4192245915635031,7.688716814516116,8.248891119979783,5.41809347941219,1.380145091075779,7.833991710605866,6.9933425288453614,5.833893561199593,7.1922104095382355,Industry_Management
7.283364320595851,9.11109144917623,,4.822715288989499,8.486169720396349,3.2106962511986676,3.5889429840444556,2.974972864682898,9.796854994616979,2.8167157333222557,PhD_Research
5.693590092770183,1.869338512141542,5.569634309086295,6.219203495224212,6.774472278725232,3.878978600209915,10.0,9.81046534171877,3.2279360723575445,6.194978641297231,Entrepreneurship
5.626442327005833,4.383614232176109,10.0,9.485603140306978,5.711991270312511,4.765862381460732,5.272992636586508,8.13999221534346,3.6579540639981922,8.517379924831745,Industry_Management
6.218999823132818,3.3235876782775384,9.31126886274129,4.629789471022948,9.583042743686477,4.195250779641081,6.9782105885580465,4.466434909078131,6.176837221942141,5.600734804988479,Industry_Specialist
3.58225471095158,2.2384533074568247,10.0,6.209399691895303,5.194920139301061,5.075273579355004,4.0943410564564005,7.163128347153874,3.812249953162069,7.70972336132982,Industry_Management
5.298330623607879,4.860194724471658,9.779010211894668,4.316418591320701,6.931540696994048,5.0479896442662024,4.920677443663069,4.164014755360267,4.558513466711461,4.843272575813643,Industry_Specialist
7.808044604145242,5.824148926463875,2.7649130456385005,3.246646549276181,5.197739633746366,10.0,5.9366502808441854,2.4965587293800655,7.865980686620805,3.2248845258518752,Teaching_Academia
9.865000641664622,7.871968870137749,1.4497121943426001,3.896366325821681,6.306465235854561,3.1187537858499867,2.280490503939277,1.2035791241180738,9.519706494740468,1.822877228031921,PhD_Research
1.7566747273119772,0.0,8.452969670905693,8.374922472193342,6.983645760363481,2.355066703075126,6.455276247216084,9.100025501936221,3.9182972703315735,7.446088758699615,Industry_Management
9.213616857196492,7.167362906587947,1.6478382848077815,3.6930308806886187,7.545295915391309,5.630622029046247,4.309904887288653,2.3848018711708825,8.440404166499455,4.035507239675996,PhD_Research
7.416782543261318,6.77937208708549,3.7162769717293713,7.2140282471837,5.527783524319017,7.394749133534775,2.1342811051070187,1.585252613418931,6.233374982398016,4.62175910193831,Teaching_Academia
5.4343837053841515,1.841011708926353,7.036675846287436,2.9844516660088924,8.67906827798481,2.6982366023560354,4.76785644173799,,4.815348509297178,5.638270101005675,Industry_Specialist
8.737291780993775,7.248737659499048,2.3287502594608687,3.3448549361662065,7.683514091157014,5.4048886845944715,3.477409645832034,2.8173357056718578,9.35516522970776,1.5187422985809529,PhD_Research
3.919846283500596,1.1624274792515512,4.958327449580384,2.626749597445505,8.815742065673398,0.9219519083827321,3.2214402998707037,6.32816814260279,4.172555135197269,6.417359811914286,Industry_Specialist
4.680159281450676,3.6743902280250462,8.146277112501922,9.191061781465573,4.219951639509911,3.3635303099099336,4.040748178675166,5.395620131779745,5.462835522795997,7.020938288071753,Industry_Management
4.230399188848545,5.68214357967078,7.730777593172166,8.529224384999857,3.836792885702055,4.943731562380599,5.347237332377377,7.158838068768655,6.165599732891343,9.505689469434744,Industry_Management
7.744447221687528,6.054240697251754,4.841155706778694,2.6652223097007535,,7.500609823359547,0.8620871655232611,,6.025203393280188,4.4496176367416576,Teaching_Academia
6.1967694065733205,4.244836983205184,8.322690872057091,8.992007021080882,5.38565323372447,1.8605391492487244,5.718976109681445,8.131820043426833,4.798293416778061,8.610397277120574,Industry_Management
2.9509007219896075,3.917760670708461,5.842145754154405,4.401439059902615,6.846297027835192,1.4922089285029452,4.425516977796403,3.7617131766445624,4.162529274497617,6.765314261679696,Industry_Specialist
6.226402345159086,3.7260697360898316,7.1643813594670585,4.711258997071142,6.948780389165678,2.208615999261076,6.465026086175988,5.267054997910264,4.081711847249469,5.046350753448647,Industry_Specialist
9.507591411670047,8.645245944642951,3.184609457939631,4.258152206885972,9.136199120619931,4.663027962890392,4.081507794207728,2.639794434069725,9.279627576564748,4.004301749857589,PhD_Research
4.76891451245853,2.320034367023066,5.602861846042133,9.225321683963298,7.7651108153952,1.6544971008168727,9.041814282113432,9.689602081686486,3.831586770880374,6.858598890906826,Entrepreneurship
5.762498259208028,6.70885511513338,3.3582447686513093,5.527107526179428,6.0760047165342,8.297845491249861,4.694500434938849,1.7805169325134869,7.742512472610172,2.4850977091500135,Teaching_Academia
7.849753769261332,,3.21926796606611,5.974482139215602,,9.15146519906829,1.8056234071091795,1.995135758363443,10.0,5.511313113343574,Teaching_Academia
6.041278592580642,1.582418571684379,8.820657149158048,5.180911286447496,8.164927069184595,0.0,3.3384851284746553,6.4520459061229065,4.289500869063109,3.420613809932305,Industry_Specialist
6.082875156260529,7.326095441358828,3.9883541494624515,5.49755832105161,6.779358620779503,,5.153190755625154,2.8680285951540836,7.35100393329958,5.662942287149189,Teaching_Academia
4.047376843574202,3.5993779789893194,4.9762916432234565,8.004498099986842,6.812591460074469,1.6131106783147462,6.297937685219425,8.085766854037805,6.728694416463583,7.700822948954871,Industry_Management
9.101981958380218,8.105005244411075,3.9592343678217192,5.421452369918757,9.427479685255392,6.4652856382380985,2.8963636210951744,3.603039403799582,7.061526889805456,6.111711801189145,Teaching_Academia
6.870403611146289,4.137041799040717,1.5144790021771777,2.838067077948489,8.198906590774051,10.0,2.3798933383985474,1.766316863026648,6.427122770891466,3.3483804187050787,Teaching_Academia
8.413200213746286,8.093622934492167,0.31605646019415423,6.217919285565931,9.95535088504379,5.385990631956946,2.2491566865865646,2.7738669410420065,7.542139640177568,4.901061842515369,PhD_Research
7.619355750383005,4.104862108498905,2.6982985020341097,8.564024825630234,6.521452284638748,8.535438227363645,2.1889543871013672,4.803728678458246,8.602087336450994,6.3296708480923956,Teaching_Academia
3.3478828767165263,2.678911986769484,10.0,8.078900783892884,5.879224311822338,6.093170343931847,5.284979748115678,10.0,,10.0,Industry_Management
8.67125411978682,8.730954733488842,,4.458415365092324,10.0,5.606030960856504,3.510924265081496,1.8407631354432854,8.466558034651358,2.6698485185378846,PhD_Research
5.184926561409873,2.3948932981723483,6.703762591461775,8.265199299443928,7.095618971858273,0.8846298514844437,9.329344482387699,6.700999558000738,4.3597126228863505,9.634509228609808,Entrepreneurship
4.387313130058939,1.5247152086852278,9.821306973207697,9.652874227438964,4.618145157506513,4.166373491460597,6.335004437659522,7.32838780943284,5.485613482396626,8.506097008435733,Industry_Management
6.041018368880154,5.647693779645088,2.631964389647042,6.936371469819374,5.987559313947886,9.947395281049417,2.750052143580808,1.7335254914061058,5.284318300947591,2.457223877845579,Teaching_Academia
3.580826636343939,5.7588416823533635,1.2268695868388093,6.61423641288038,8.56190788923756,10.0,3.189992331459445,1.1895805824151917,6.6451446983417135,7.0254344783538425,Teaching_Academia
7.341607779660702,6.526726621795476,0.8047120281979052,4.646308967269893,8.685153456891735,5.897630960288099,3.4445715597625055,2.7061015983997283,9.813267512157537,2.59784949836369,PhD_Research
5.565227957124233,1.383261026024402,4.911856250808942,6.5779987163133296,6.549946767149521,4.787380024908358,8.976003980692012,8.219767612938643,5.393121391855794,5.146420584334194,Entrepreneurship
6.96282427469393,7.058354724769338,1.2437622460370794,3.5248895276515073,6.711312334817983,4.1831175594446774,3.052806369162614,3.502993237690495,10.0,2.8104464044845394,PhD_Research
4.6654138836652255,3.4952908860466896,3.202078815989273,10.0,5.447129243642458,3.183423996810781,10.0,9.44396777295022,4.356049119737587,8.796599958818279,Entrepreneurship
6.443420378314339,4.020440575294294,8.47224200302179,3.905863959520293,7.209122255324776,0.5326838259480549,5.441534296727356,4.241868696747845,5.7248485956722615,4.261193198719237,Industry_Specialist
5.278341057409165,6.325323668356651,4.39902753261429,4.969361275759591,6.37387964518858,7.617088614924709,3.4241199811511147,4.1031014042112375,5.895647793999012,4.1818286740557475,Teaching_Academia
6.130606297183369,1.599170272472477,6.327020327302713,6.057678280805334,6.799476286086705,1.6428727070907652,4.949171402418481,3.882749862609395,3.8267415416237207,5.60353481567297,Industry_Specialist
5.217713303000791,3.3605474336362793,7.356827040316574,4.720139557793921,7.242107951236712,3.8064841121107653,5.57488868064758,3.9208000288796843,4.4262029939242655,6.197003034494846,Industry_Specialist
6.111847199743783,2.7643738821044237,8.246660568263007,8.300384581178951,6.1864242836028795,3.9081546982489788,6.075743703426934,8.179079799960268,5.087498968411744,7.617601834700767,Industry_Management
6.138555584922288,5.081931800262712,3.6167582717964453,4.461925848130171,5.970491907504435,9.392380670393033,5.572927360189829,1.9240760712381397,,2.2803225079387563,Teaching_Academia
8.585832071395497,5.265076478343317,3.8187163715708627,5.375327915874729,5.297291060818614,7.8609609136131136,3.417734792408175,3.5500198835118653,5.404649252118142,3.562832772049272,Teaching_Academia
4.732418488961571,5.843509188814178,8.309173360787305,6.999017512746725,5.866378511744198,1.835106573256613,7.602644796049518,6.757352635563697,4.59651672509963,6.884885997410598,Industry_Management
,1.7464351934342384,5.968546645299239,7.268382873913776,5.99083949730387,3.9259006979716604,8.965265498048613,9.173935551295063,2.9434289506405364,8.486765735178873,Entrepreneurship
3.564733776528036,3.756539626996701,,8.978619768573683,4.725192946002352,0.15781878068498845,10.0,8.644800579730404,3.031243287932099,9.025631046882284,Entrepreneurship
5.648357129086429,1.6026187803080405,6.83422384371801,8.28976891190499,6.9357763752107875,1.2524007394166807,9.310640604843334,8.424549913722466,4.810734729495147,6.6830311184632265,Entrepreneurship
3.5025416608765374,0.7719116602016609,7.69010817405516,8.234449665850512,3.0425160779786142,4.159960299555332,7.2549447459156085,10.0,3.991443245683141,7.299674534486212,Industry_Management
2.6781135079585665,3.0569464579539085,6.150214380113804,8.24678731265822,7.873399811712022,2.4308658521165745,8.556438296846808,7.787907283149065,3.7497154596197646,7.381745636771273,Entrepreneurship
6.245238636411929,5.835748885534193,,5.714608823654595,4.5940937090884635,10.0,4.755992440298284,2.301782175855938,5.950760823987263,5.870211232079203,Teaching_Academia
5.879417334883353,1.1049774158744676,6.813467906016465,7.6708522909872725,8.052704045066855,3.570268617642112,10.0,5.686700067085009,3.888755516274787,8.033717125575784,Entrepreneurship
1.6084485132567963,0.5713633081329157,8.362180072333445,4.887729465834134,7.092018164879746,1.129687713420373,7.096348359502472,6.8448399878159485,5.863574829723057,10.0,Industry_Management
6.041706680934719,1.567249451103305,7.190584760256157,7.096550263561572,6.7879902549382125,6.226763798257938,,7.549989310774892,6.144213801165046,6.118970822146718,Industry_Management
7.382516998056137,,4.500704269537753,4.901505725794894,5.898244071947202,9.07508980442132,1.7801819742258649,4.659577996644003,6.796474302422896,5.757672598179279,Teaching_Academia
3.9369709293881474,1.8947371865348197,6.608710909934259,10.0,5.392976618349446,5.151055814105003,,8.318209168938253,4.427881178866764,5.79309099762644,Industry_Management
1.1721084638067536,0.5335958290234166,7.903104325868633,9.079517073839805,7.7147511366898005,4.804037650572201,10.0,7.911270709007124,,8.990767987084606,Entrepreneurship
4.603224959754434,2.2787903143168444,5.08756834538374,7.775136989855561,6.4022171238132,4.105797666439866,10.0,7.057963227324136,5.27007754988222,7.384594216809181,Entrepreneurship
,7.149273256222392,2.3051117331177164,5.3502125321941385,4.77205412865991,7.151119047199507,3.202319527361036,0.4609398105511264,9.473749586595085,2.5112554623565027,Teaching_Academia
7.414161531706021,6.919999153913063,2.1897197823882064,3.977850743861298,8.867989164412986,6.409869709208956,1.705213590106296,3.7659647932325018,9.010766482945305,2.7350835805380878,PhD_Research
7.105821604803355,3.0173622690067745,9.436422635645043,4.360046277785175,8.59612687707582,3.4719120220288717,5.9067348054973,6.960659583122927,6.262308236746945,3.9455588868008045,Industry_Specialist
5.015211051541945,0.8477613113727729,5.665001569050959,10.0,5.9570420178511965,2.954987146324748,4.7858774115598575,7.336426896420536,2.9522559630526963,9.148435826317767,Industry_Management
3.268575129701909,1.612631352347785,5.7906476349650875,7.417442950047794,7.054839996183634,,10.0,8.069667264555441,5.5632858379422725,5.726803788229841,Entrepreneurship
,8.057482103770239,0.9481362195766483,4.087972635481522,8.463576879635532,5.251136053757158,6.868482899282522,1.819095387896394,9.548975724862967,,PhD_Research
7.708080616323746,7.080751166324873,3.6206844853619864,4.105848640606322,,8.365018390796672,1.7833214086196507,0.0,7.408816762741698,3.4319896286585343,Teaching_Academia
8.030072266351732,6.37458979939991,2.664588358911795,4.508644057913205,6.177280235221499,4.840509971256335,5.2944118016699,,10.0,3.050587168971898,PhD_Research
9.584971843750512,8.732306995571353,2.1489597681310415,4.428926600254444,9.510892389362096,3.9476677854394038,,0.7150960780487989,9.426878364681,3.232363252272225,PhD_Research
3.9069906606901594,4.9516066229753735,8.522506768002456,3.0091452896515762,7.778467445594523,3.0172076746421714,5.956453368364213,,3.9067661197284043,6.354842481322406,Industry_Specialist
3.547100343618982,4.09547849063485,6.394730412319225,8.907115289532054,5.588360962512713,1.4762692622230915,4.2852607612309335,8.015484321123221,7.075559998293054,8.753050755468454,Industry_Management
3.721873725223918,2.738275607542893,3.339641390587103,,2.790910838056873,2.705099255292005,10.0,9.308983897875889,2.3120663773494767,5.979436285078428,Entrepreneurship
6.773108673404321,2.4195517943343865,5.752286755731703,6.751831829788664,6.509535217225048,3.4223299673514234,7.139880164883269,7.3062754760928454,5.579810611801781,7.794211074515357,Industry_Management
4.791287136787925,2.7179469041447124,9.11092368071444,8.38183501789322,5.54322047124806,5.738049992485989,8.108501366341802,7.9893714509996805,3.910382949502698,9.902125550271048,Industry_Management
7.647292879095206,8.617106215002163,1.8295873541059553,1.6198224263982106,9.70678608903903,4.2134990733486495,3.305929690114379,1.1093218653234032,8.149431740306177,3.5562575729033923,PhD_Research
3.387699660375975,1.6259893737834612,9.410640893861109,7.738442311113352,6.485503983022118,2.6544534115248464,5.4115953784498725,7.6807847852391085,6.168998664878091,5.543191543260846,Industry_Management
6.55861460424432,6.602804182036972,3.1395066853059763,4.351124064456473,9.03556305676478,7.417343249910305,4.609118612058063,3.355254413563133,10.0,2.722054074482362,PhD_Research
4.315541701857514,1.8948476101963287,5.554722896690796,7.365064847114803,8.007275462400681,4.801857616501904,10.0,8.360249799240057,4.804853380517879,7.595936076300185,Entrepreneurship
7.34430509593019,1.3456449624987026,5.348906496512908,7.518026638078105,,2.5730256874241357,9.32724715399088,3.912027061069141,4.074307786802375,7.523148607932638,Entrepreneurship
4.568773027377249,2.729180407425397,7.2401565367722,8.43427585338897,7.195969711381822,3.504816956036717,5.486503547312373,7.266140684702207,3.7801053000129894,,Industry_Management
5.805655926097165,4.580127141447002,10.0,5.013388247002886,8.373477989347274,3.9734580517772202,4.1332238947310875,3.8007997516643215,3.92863006225868,4.376634606079975,Industry_Specialist
6.939980541328888,4.118802779038052,8.101213741547495,3.518203030398179,,2.974314782213393,3.9362489494060044,1.7688767192700827,4.426291157935612,6.981036702324391,Industry_Specialist
3.2782062725787333,3.001990971289848,7.536731982963059,8.104884920523814,5.073414318209341,,3.860458476284282,8.497763623710199,4.801010872861816,9.104571328183042,Industry_Management
4.713044999798853,1.2215257509061805,5.278276758345321,7.845836134527721,5.941815066393466,2.4294958580693984,9.921121534711824,6.140809726722244,3.0503938634183627,7.136093825936289,Entrepreneurship
3.924632690613824,3.2474098814382213,5.736025682810739,6.054540603867931,3.816749144513931,0.7552664019834481,10.0,7.0030443952145225,4.390111508590137,7.677546872738837,Entrepreneurship
6.537893332318375,5.260664183139638,6.846817767836029,3.6386003047737834,3.810719959948424,7.420088437753513,4.487093409504065,4.237388499188069,6.61366365121529,6.162634570526103,Teaching_Academia
7.719508271804591,6.1502100241331386,3.4694309871027635,2.7714817883731,7.220247085628881,8.867986547575478,3.954286590269383,3.6959854992169037,8.369451059773755,4.953335643136316,Teaching_Academia
6.7293764926786,6.4732534054471635,2.892293535332189,2.4824180009360877,8.951223974633344,10.0,3.0640093128244925,2.116376947327026,7.967333613127129,3.031492185537569,Teaching_Academia
9.39613220368076,6.648020661887356,2.9755865545483946,5.222734131308578,5.963654254750013,3.3071666410789864,4.166192524117471,2.088884629953343,8.978158495244424,1.8910428941543458,PhD_Research
7.609865483218195,3.7052700765962157,10.0,2.4497734951827788,7.103851172117456,,5.516404268872689,6.5351806794275245,4.131112911710606,7.176394074302049,Industry_Specialist
6.758719270082683,6.14314719695138,6.1936196421164365,5.895622049722842,8.091176173875965,4.047930281840177,2.8578897165641877,5.908506369464886,6.022471776731379,5.949416954777917,Industry_Specialist
6.74644865281425,4.601573224244529,7.917119455512157,3.726065327200209,7.572230226337319,2.667429925484643,6.110511818749883,4.300312970432168,5.30587662192083,4.537209436506215,Industry_Specialist
5.432961808680922,3.7106671424014306,8.721235478242907,4.879598917309483,7.1616816013714715,3.442572576552009,3.861122696656248,3.1944641220817847,3.8069783331496625,4.455094489022249,Industry_Specialist
6.4678229914214125,5.956433372141592,3.2709432204229163,3.303799343217017,6.195878055018093,8.498125330194126,1.9204356148039652,1.4374947868047336,6.005032977495929,3.9537986134243255,Teaching_Academia
5.12631662046488,2.8254202811476024,8.156847770712602,6.641652290127491,7.82043255974418,2.708493819411035,6.218667549244633,9.110700058881884,,7.289778333933533,Industry_Management
4.874367491828393,1.5137854416376433,6.302155898279971,9.550708529438522,5.929519903737685,3.690526776789012,9.560268099124619,8.661985255569048,6.240433984019788,9.062249040351416,Entrepreneurship
5.384863183208958,3.4786423698243025,8.893473843037455,9.29091504889686,5.772583101818936,4.929157264973952,,8.488923977820189,6.152393432118185,4.950475284745584,Industry_Management
2.7060251343251958,3.0954933651704426,4.816949444038508,9.181779960146626,5.725749036818114,2.4282653956637703,10.0,9.236321758457018,5.26488626868397,8.065395583375931,Entrepreneurship
5.350034057228591,4.245049589793789,3.685694501891083,2.1890289204875906,8.335851391832787,9.707631299714203,3.4430045796675506,1.1548042772842382,8.49368398524582,4.496223586323386,Teaching_Academia
6.671257989714501,3.7448184968869307,4.741655558368185,,7.157666178003783,10.0,1.881089838234819,1.299649689802475,9.511125879172141,4.877566170388607,Teaching_Academia
10.0,,1.7347096304370349,3.3608477005448703,7.7451531764307395,5.903071795116931,4.33267890513549,3.347272583823952,8.988566903668756,,PhD_Research
10.0,6.183007987946075,1.138488169138157,6.49983005228655,9.96556119013515,5.126885190244073,2.7773107198484186,1.811946001290139,9.095257908961406,3.048780202041478,PhD_Research
2.0655262328885913,3.911292223866276,5.800033032099579,9.53602679703668,4.588646928815854,5.582042791264054,6.97441570060399,6.689537767863763,3.3077926821266015,8.787182766791602,Industry_Management
10.0,9.971830454281022,0.9640157139143026,4.3925619652750525,7.556991021389632,4.1829698508221735,5.006843115024983,2.449900259603564,10.0,2.3730977776862026,PhD_Research
6.08573299484596,0.6506191565820776,5.395475118735753,7.422879600536317,5.873503783348791,4.306981266832984,6.568682965319994,9.528391024200321,2.207988727495892,9.544837499866619,Industry_Management
8.625611052300393,5.203976343905193,3.9337329631163094,6.472444736674152,6.464149492315685,10.0,4.190411745580278,2.6513680097585928,8.475410266112009,6.891919516989409,Teaching_Academia
7.12024013471679,4.941786616657632,2.404549478906455,,5.172370341472611,9.268513424367733,2.9983506721300826,2.365629681685346,6.18793271197581,2.0924723421242546,Teaching_Academia
6.100143397524051,2.9377260392981173,4.339215161031012,6.450654047703262,8.656980393316479,10.0,5.061975580405216,2.5688142962696046,4.800815689460838,4.536245353950018,Teaching_Academia
9.506599216916003,8.133319138844147,1.8083247631063823,6.064758939294041,7.691130321116867,7.678387621681302,3.706939116003471,0.8398786215387033,,1.6008812395856014,PhD_Research
7.312505469255979,4.3288557692262986,,1.320894173980128,5.737871285541488,9.529809455737896,2.473308979562628,1.9127173000053321,9.891188236095397,5.935231051516182,Teaching_Academia
6.461339810937277,5.434015969183347,2.3559449989205756,3.9907480883329294,8.721230026149511,4.399234802275821,4.863659776511911,3.712430495888456,9.629176982136984,2.660923004074042,PhD_Research
6.444934722805351,4.547780882528294,7.151364818000467,3.8345706983191263,7.777115219065869,1.3220295020096962,4.657332804794283,5.737293295239872,5.3085395349320015,4.250120273801516,Industry_Specialist
6.655850455438314,5.20480555296377,,4.669065977851732,5.955209380710515,10.0,2.2605182629214684,1.2540960225204514,7.981254094165266,2.980765720366283,Teaching_Academia
4.391180836870046,3.8418463339801914,6.91902039553371,1.690722069499913,9.325364192964019,4.508120700636616,6.359867926362269,3.3891751760145556,4.783191545797418,6.97469521975556,Industry_Specialist
6.171550413738881,4.753038829771103,1.6767110906480536,5.792756360657521,7.968177910066859,8.801851986665884,0.7231823857288489,1.6228162380999884,8.212210431149096,4.413259919322317,Teaching_Academia
4.718100944973292,5.218797932544666,8.281066079219494,5.046344735621092,8.160862018734807,2.2375296538040463,5.014277760357122,5.866792223098028,5.7218120965632515,3.775084892350403,Industry_Specialist
9.408300391030739,7.680510049983228,3.2376697490818573,1.072689522195239,7.425283439008037,3.9828587658501204,0.9835371838980116,1.2472700223205546,7.810297049400296,2.7385639491255205,PhD_Research
4.869513358459759,5.4543011629883065,7.998544361402743,1.0944538527317338,8.464574463802377,5.5279771299382965,7.048696375109007,6.380240575383535,3.6743117590040972,7.1857981147698125,Industry_Specialist
7.465998987992563,9.045941392060287,1.1223518622135003,4.525140226956295,9.23509854491982,7.387093591649026,3.7361754732220187,2.988857680509395,7.069427877134333,4.547537632281867,PhD_Research
7.123729505935543,3.8939998406531164,10.0,1.987817317438115,7.655031859191469,2.3987222008743267,2.434212520668818,5.378425366213603,4.648484477455634,6.961520566482531,Industry_Specialist
4.700960574773232,6.6431010736088325,4.673700943003014,5.249416381780141,5.6211313563544945,8.467275583379362,3.8898080474263024,2.3007051700603665,8.07595352653268,5.282237784387325,Teaching_Academia
5.639683313506511,1.5801629747869543,8.429675387163874,6.095483620707737,7.362399191098176,3.513685664741243,1.425733998149878,3.949392039369707,4.593045028295933,4.9359531168665,Industry_Specialist
8.13598619991793,8.468769180953894,,5.8703171270670005,8.31276404192892,5.377052515428596,7.02351372944619,4.471372130766225,8.601464692326825,,PhD_Research
1.9715222838739757,2.4144225747239,6.766962920481804,7.619512675312859,6.05737212368961,4.900722105535588,5.553767509612074,9.01488541690351,4.564662865077978,6.839448127990589,Industry_Management
5.197729257240991,1.6001997067992728,6.612001710628285,10.0,6.502276065951094,2.9919977752266824,5.860625480362092,7.866471869322632,4.541046358965798,8.614488019910198,Industry_Management
8.341617026983247,1.9922043080260705,2.7464968598625092,5.932815331895402,7.70186334880831,7.91435966047016,3.118161348171764,0.0,8.03689069222458,2.051673078405129,Teaching_Academia
4.369844627982438,3.910680119380521,6.039090485347656,6.393624344940552,4.445357974516551,3.1809988981574815,8.031743599101727,6.469005466998591,4.826196788214213,8.389847923729238,Entrepreneurship
5.468961512339823,1.4212361031302119,7.399329472078137,6.1314543015614955,6.9600327433391636,6.1845315350111125,6.104107412010011,5.237486837626078,5.291557671550141,6.824684084006195,Industry_Management
5.793617787211518,3.4223501344719596,10.0,3.1304178579955546,7.90447773993248,3.5539611308652543,4.96955015303894,3.349196410214751,2.9859656707524835,5.33591507323108,Industry_Specialist
4.933682996076913,3.6072461113942227,7.580578167671215,7.4137561255238476,6.252222684342188,0.5766673582022128,9.628820911078508,7.467813743818505,3.7577028462513287,5.309016575738297,Entrepreneurship
7.0875501952996425,8.653963268889925,0.0,4.842912214610326,6.560262413885111,5.0694952864027165,3.8450805114737037,4.0203995914820485,,2.0976198705106346,PhD_Research
9.624186424409094,5.7320382169335495,3.205670026025635,4.5907464396786715,7.056440110261178,4.387017750315066,4.342832365663475,2.5682068378631167,8.620177458455379,2.8654652515142507,PhD_Research
3.930786961769199,0.5757235405377477,9.601166279632844,8.729823929092099,4.323272426233352,2.59177786093881,3.5437831357639036,6.570699547185345,5.821220163302909,10.0,Industry_Management
6.765090525961139,7.475330245924866,0.8778586389524399,5.681562958997182,6.744871146435653,7.085497836090518,3.956716838627981,0.989485271705886,8.119543560787939,1.9578955070010142,PhD_Research
5.2748245449300395,6.862834366791046,4.014719146119609,6.540994011395481,8.165677463020618,10.0,4.305810174424493,2.7974537695202164,5.6995219422765295,4.900525494868305,Teaching_Academia
8.304745260315874,5.9557132749968265,0.20346625922727757,3.3085592578744154,6.876222038118531,5.533275620383416,3.3945013856844986,5.586988515034362,6.740971026321729,3.2647231323227417,PhD_Research
3.4679746014067625,0.6765021193759835,9.573417870342908,8.412454551348102,7.979926761574634,5.087762968107345,4.962410583777634,7.889513258782227,4.657349321562647,9.984194159982371,Industry_Management
8.881867791486249,7.9599177316905605,1.7213123573833518,2.125427643667983,7.8285360351909175,6.189011270182901,2.221165413183547,2.253577834998938,7.934319892597903,3.1447555582175446,PhD_Research
3.130241338574031,2.3961997266625388,7.42159147095212,10.0,4.099603763182813,3.797660916363707,6.801460065208144,7.997956394190045,4.643234751115766,6.641748437401437,Industry_Management
4.772587424601632,3.6039951991250634,7.346901335747226,7.212668322844167,6.0346244346191025,1.3326919813848164,9.233575053729874,7.685952520136559,3.4762482556716745,6.525136459205562,Entrepreneurship
5.077324827967667,4.717722362321405,10.0,10.0,5.533376789755399,3.2182987697273036,6.7488903546298085,10.0,5.063899858878787,8.590891433429455,Industry_Management
2.99197073878654,3.1506038824806533,7.963981503980416,7.0851998690289,7.055861721824962,3.6330034339515183,3.752207509235073,7.933254284151539,4.865568392699776,9.264630069866463,Industry_Management
9.582157831739524,8.07575663021608,2.7133604645233644,3.756027711793012,8.861586844391015,5.205554810376642,5.011097605810403,3.5491107665278117,6.894166407290699,0.07855087805688754,PhD_Research
6.3036325473983155,6.173831850070465,3.948254234111825,6.051421724375356,6.327996918185237,7.358236162991172,1.2668570653515276,2.075663606848047,,6.833635805457879,Teaching_Academia
7.423300787007851,2.7529068252290316,5.328810300022118,3.754838027092187,9.055256422995452,1.7392594863504043,4.770724264363871,3.100699334096993,6.95263802739607,6.974294120028533,Industry_Specialist
8.876545096229528,7.568180911209293,5.515180639463203,4.51250894427464,7.564673990227888,4.09745710907751,2.774516111109257,3.7175401626138243,8.526309519238785,3.1655712183534312,PhD_Research
4.494567568563544,,5.496948623502938,7.223591036375758,8.145479918164757,2.0438425800640525,7.781225932491711,9.534865802732226,3.719517689647833,10.0,Entrepreneurship
8.011338497507225,7.271019586685931,1.971077866696026,1.9682503510581957,8.797401037607619,6.257706154802514,4.3808139705464795,0.4344331665676573,8.839047917371442,3.964637573873338,PhD_Research
3.8156871099394842,2.7210591871288266,8.659466848159225,6.588719691273277,6.456872973859887,3.4733557691753205,4.6237715516601945,,4.32258417455814,9.88202687825629,Industry_Management
4.514460293745509,0.0,5.752268991205899,7.021039239048809,7.193493123699607,4.293540011899208,10.0,9.014096243438884,2.053449226663652,8.267836003995937,Entrepreneurship
8.1659944629823,8.300666629566374,1.6108607199227614,,9.11766648755241,4.100486194973007,3.780752720579412,3.8568664170366427,,,PhD_Research
7.073158983324333,,1.1182562277982702,4.974264069646063,8.129650713702652,5.257127106524408,5.415982745724031,4.225991971947999,8.910120684856018,4.759661656440216,PhD_Research
9.316878224522142,7.803378059229711,2.562372787243998,4.080491428783947,8.643514443295883,4.46916688832533,2.182457442261494,0.4932872367212937,9.849218348265595,2.6402898828885726,PhD_Research
6.095686685851252,3.3508869809294355,5.824353059821383,9.138463252889233,7.128488267979598,2.886417348358883,8.598995282415329,7.6741957595409716,5.089209353528578,7.4452091421735025,Entrepreneurship
4.8717986036583465,1.8074436250541428,7.521456729060403,10.0,6.549733404229833,4.534633584428851,8.481427465994056,7.084956856635263,3.2183625325096905,7.061241048702832,Industry_Management
5.40599426118885,1.813397419339378,3.5880404388820817,8.877138679625313,5.2652555632998475,3.707111202438342,9.215558608658453,8.809451192851292,2.992504704167982,8.62370562548261,Entrepreneurship
2.2896373781432375,0.0,6.0862472443101145,7.444919933450261,3.401174369682494,2.5456079294009304,3.3808711747865603,6.676614659102015,6.06054651988326,8.524664491365433,Industry_Management
6.098348099931834,2.6311719956911883,6.689802061520025,7.692187158388746,4.656139941870265,2.5783532726404057,4.331907856615242,6.049453477113339,4.246494309049255,7.229196368583481,Industry_Management
7.860080988382135,7.877458679471676,0.0,2.0928411809917122,10.0,3.3263506443437594,2.5741787480089684,4.887987586817708,10.0,1.4769633825270558,PhD_Research
5.123951986671637,2.053318577279507,5.467040901281498,9.307556827288773,6.962234754722609,3.392631099731291,6.526812118698361,7.383161401744808,3.4004953668563376,9.334353384711385,Industry_Management
4.197990484311515,3.536454329520064,7.521775921793265,10.0,5.696751013753763,3.753866728036616,3.776391535554742,7.293514574505549,5.9915909863397525,6.263906094532166,Industry_Management
4.736689079062412,4.0879138602698415,7.601697458663888,9.215341992222172,7.78917310196589,6.03295452033149,5.919442623055172,7.307908795910997,3.304025855604195,9.270053395557326,Industry_Management
7.517080818897956,3.437404387742322,2.15866788383065,5.111350877623831,5.161213009746326,10.0,2.775870626411547,2.4573491972860033,8.273705408341913,5.7386361300499065,Teaching_Academia
5.519351637769874,3.523172979346578,7.441685560337149,4.409170197266464,7.780504639236144,0.9434617273307309,5.012417972133901,2.569265067060803,2.7452985088164286,6.177935316896201,Industry_Specialist
7.359516114675293,6.394851380091229,2.847317762145962,3.4758614447853247,5.240903979360432,10.0,3.64814940248842,3.962848070043946,9.300379018938827,3.9658989908710214,Teaching_Academia
4.242262899412195,5.786480872210074,7.7688265571247035,2.9927964057481318,9.860428915266086,3.366351113288618,5.751601391923878,3.8205388021340063,4.585724982250155,5.779537715753523,Industry_Specialist
5.3751851985675785,,5.09136284041557,7.243168422484155,6.234123004177109,3.5275582365660756,,9.615679499028712,4.677653458129982,6.935202936799941,Industry_Management
6.265232197258624,2.885721566420021,6.739781848939793,2.756112273256459,9.881176304840432,2.7966520771137118,7.1324603220678044,3.3322728610706167,5.378566761470942,9.110479739923715,Industry_Specialist
7.333786284049293,4.751475148404092,2.5978897173291355,6.844510126342547,5.893304887955569,9.128151299091753,2.274711952603994,3.990046190964322,3.2577532867187653,3.924363482008893,Teaching_Academia
5.239877374427778,3.3761553698546916,6.620200868209275,9.273907842606345,4.326747696461893,2.8417322057558128,9.449322401304212,8.183125068984133,4.577052619411743,8.324693550844476,Entrepreneurship
4.433085291697643,0.0,7.451690979585952,,5.631699171699243,2.098942734538557,,8.025125650767606,6.320475691945729,8.008754894332109,Industry_Management
4.554907315870449,6.0990193493764355,7.913949577504611,3.4699499969142367,8.033750747463557,0.3963421399164213,4.012171697051611,5.278211960279025,4.182371038587393,4.922462288359647,Industry_Specialist
7.470939588363537,6.989112293927253,1.1808927366676296,2.625698663620243,7.132546545232062,4.812430307923669,2.4182660560976705,3.5947650468789227,7.806920401357232,6.65243966112531,PhD_Research
10.0,8.285197251773013,1.4657945999161417,5.438175323077855,9.057383370000098,6.99648278959479,4.238204768388478,,7.221393040980636,5.146206311900625,PhD_Research
6.398689885800627,5.736940112330873,2.845654495829523,4.433260596702166,8.018345810816067,6.448674153160383,3.539699795956389,2.3966547115966894,5.717048516122606,5.373297381563704,Teaching_Academia
4.33261385155143,0.6927824768366027,9.049452950649309,9.37685425827064,6.355022337321016,4.5237468057197034,6.926971780311089,5.175016340815792,3.480921619725122,5.707866613317258,Entrepreneurship
7.655399532823282,8.305858945064742,0.1491452339812216,4.580218791805983,7.451421424400415,3.3325749546613217,4.92796617742712,2.8141378781797766,8.201830158189233,4.886532503727383,PhD_Research
5.7284105930143046,4.676908608203713,5.745005053981647,4.23354068501407,7.239007947435043,2.5180765001849634,3.8237502458212513,3.7795840695894225,7.393632298754976,4.356240530469622,Industry_Specialist
,6.702603439236482,2.667997664589452,5.588965626941367,6.681818754987265,8.755137094798814,2.579554132153959,3.0333052977481056,7.392726943439718,2.711843300562273,Teaching_Academia
7.455858734165995,2.1406101754507176,8.651411062409206,5.385770918666075,8.500199107466491,3.12281098936553,5.01404271031282,,4.250291964394247,5.4156715412993846,Industry_Specialist
4.265414964734684,4.184399237771835,6.102011101630116,7.472664577733312,5.402500388103896,1.4230537392416804,10.0,7.433985436568647,5.427592727844071,5.819184429797955,Entrepreneurship
4.676769537044327,3.7300035010055383,8.177806352511709,3.417223294262496,6.634776244415076,3.3481064567402643,3.423465561244633,4.55572535475709,8.41443038174797,7.755221066640615,Industry_Specialist
4.739391064785045,4.011264163405599,4.074270921024822,6.8155666914076365,9.645801240556905,2.6449735308572326,7.041708047125743,7.742684813647384,0.4004648120963292,7.813196926192999,Entrepreneurship
7.318009433448566,4.315951918701165,2.8557405842707064,5.170792508989946,6.220378175197364,8.199734540018492,4.839241018181952,3.449334050101905,6.146456677305136,2.8176601654706963,Teaching_Academia
5.313681226424727,1.9542803092281391,6.076894696859867,8.443917552709724,5.653412679067861,0.9354845085480141,5.947029734837649,,5.086598201178383,10.0,Industry_Management
3.613711841600815,1.8782397205893466,8.115773458061842,7.997585265468018,5.8499415254759555,2.1204501538639526,4.853884012780808,8.826032091323777,5.652697098027925,6.7186469803433155,Industry_Management
6.94883972159675,6.1712670184388765,2.642922936480281,3.820735753549521,5.788757047908052,9.85251618588781,2.493065544430273,3.739166348538674,8.34919370198367,5.929241373260792,Teaching_Academia
1.0702385008215587,2.4908109096356092,6.5605380638509985,8.618153033097448,,4.936638927873484,8.90215883954187,9.04714272557408,4.773027092505302,9.734362207673843,Entrepreneurship
4.8373928382975775,1.5457044914134133,7.914021486835555,8.204292084110461,6.151570825248479,3.6535345045083982,2.0050606479323103,8.232559225216734,5.334798837989042,8.57970685283999,Industry_Management
4.126854969222132,3.981827308768931,8.456702578784293,5.428939191920904,,3.2712444564353795,6.559648714447421,4.610645541655563,5.088531252469035,7.924588944109891,Industry_Specialist
4.830447879524955,0.07317835145532192,7.1069345649880304,7.990770309518115,,3.9706791950816105,9.282631111929897,6.984640258122573,6.4021526248844856,7.477526324241716,Entrepreneurship
5.026333972734798,0.0,6.192769988829062,6.405542729070685,4.89546665432335,4.501151733308712,10.0,9.993964078971706,6.027645272251677,6.4953096807183055,Entrepreneurship
5.133362237873072,2.178639604192385,7.768655177530608,4.985109789217043,7.704353180017646,2.354257886368183,4.7415189161274665,2.3465882601488497,,3.6772554280016165,Industry_Specialist
4.660724416805026,3.952431436405138,6.700019784946484,4.463726430746738,8.970900853824583,2.8852809146189697,6.313082805924406,3.60439677966327,4.721987718707911,4.729579899528586,Industry_Specialist
10.0,9.544042621240518,0.6731900746326613,1.5822139714906829,8.62874526730936,6.2100896942556885,6.336872879164609,,8.516768294438597,1.8389301919396785,PhD_Research
7.730091375974482,,4.29583049141113,4.159999935211534,6.727767613325814,10.0,3.0008454662820796,1.024577956056403,6.4518476132872395,4.186653924687619,Teaching_Academia
3.6646622787866168,2.1106683419709005,6.594342113742919,9.057027807252584,5.805040044016187,1.4321553922497565,3.8530162061888347,8.55208978916748,3.440127642567105,8.392653501630422,Industry_Management
2.1289678884734795,1.9969561953569541,8.56163695512917,7.091762545364993,7.12293741873617,2.376126870022551,9.571811037075527,10.0,3.5502628807834924,6.602863619532227,Entrepreneurship
10.0,4.984506055223417,0.0,3.293877919627052,8.51888624651884,5.897135752193216,,2.0004803132552587,10.0,4.33925402409855,PhD_Research
6.879974401537884,3.7891694652017174,8.095753573489853,3.029946820375836,6.607820905402125,2.335859785172108,5.532916260474737,4.437610818615545,2.270127418557341,4.978619863252246,Industry_Specialist
7.917052260365185,7.27495244625622,1.4690947845688558,4.050155459875192,8.094729769930819,6.36414149370643,3.1211775026142208,1.378986652681794,9.6225382000766,1.0036653090960448,PhD_Research
8.457153961979472,5.47067031544543,5.241981438441288,1.7385937322255134,6.675234285388693,10.0,2.3426043893465143,2.293038783684854,6.976053571326743,3.6111020652020325,Teaching_Academia
4.762557038533526,2.7545639042458996,5.27499881226181,10.0,3.6295923345877408,4.04534645400263,6.506947927457072,8.358327817027801,3.8570500531899103,9.075428446482652,Industry_Management
6.343491720362193,2.059225167447674,7.418566617762012,7.109176438599907,7.828676471649269,3.3557154568949943,10.0,8.671118104857927,3.342882523404548,7.497812346356537,Entrepreneurship
3.767157303832865,1.4717070208418102,5.39864749852679,9.60612217670339,5.94680898969459,3.102829766709568,8.927172999297683,9.101726868931376,5.754113462985873,8.342219062732458,Entrepreneurship
9.564750736609614,8.30905628303196,1.2276050575941673,2.120124789295009,8.593768360028031,4.311659478217057,4.3024790747611155,2.5284077891804757,,2.6888376842850685,PhD_Research
7.202383327468721,4.742330721237377,8.672087613809484,3.4083474657497326,7.68868761534878,1.9546050499525534,3.7067949452627618,2.642258565199038,4.19652927117923,4.654862712109831,Industry_Specialist
6.10842401495124,5.389563535735911,1.339894866882603,5.416491921807978,6.175334814466382,6.943593587837087,3.6310186693530757,3.0706725486823734,8.752083265127569,4.4046387670501925,Teaching_Academia
9.44986260481943,8.587896732714853,1.777855828654873,5.240179812764722,7.632238272426929,10.0,3.0392826725479836,4.162914373854924,7.500617482276479,4.666537962416071,Teaching_Academia
9.119764655964342,6.911382309024299,1.2272795421416443,2.0753025336654787,7.345425990146252,4.534578305503242,5.044660525192182,4.737000780515779,7.203164030009848,3.5106757087378946,PhD_Research
8.883883476489045,5.922531912140272,2.1756604874285066,4.585026875448381,8.20435476356295,2.9004338422397757,5.285091421706901,2.973882549390643,8.056180372988731,2.6352194191105167,PhD_Research
3.7688618119252717,1.2736877318085262,8.693227627577892,2.2508875726872373,7.706762872610814,3.39539558004203,3.5211278060285043,2.6684589653334774,,6.65474537378127,Industry_Specialist
7.13461725153159,3.2363312806167177,6.725585741962572,10.0,5.048339478367947,3.672275201576475,5.366749446483085,10.0,4.363519881802356,8.194329330961361,Industry_Management
7.1342566708718875,4.546401323460905,3.131016247635301,3.0102811611578746,8.042931583577346,10.0,4.129123369764928,1.6745696988999932,4.206244170356944,2.3101966510949565,Teaching_Academia
5.879356597654203,4.454813210306335,7.393174055543424,5.1281081766840355,7.127506566330127,,3.960862596377534,4.445441358953245,6.5053597683352145,,Industry_Specialist
3.992502189962382,0.7711416708272443,8.446121995403246,8.431153737238064,7.010255227019108,2.5799395866760824,3.9170428544437073,7.955766196512002,,8.209224777600866,Industry_Management
7.860869280986392,7.636670744243732,,3.7234514818910225,6.034778753817773,10.0,2.8134563039949496,1.9413479645682865,5.664409649704709,5.128429510765237,Teaching_Academia
7.991726061005622,3.768584431721152,3.093723241091682,,8.921017265223362,7.89353691970283,3.003998888614842,1.2931374719292996,,5.965623545183952,Teaching_Academia
3.753192964538061,4.059980246744589,4.496999644595254,8.918310837187036,8.842720609211435,4.400448274831694,9.458999583272902,7.025710768749674,2.229319170440208,6.964982796555222,Entrepreneurship
5.392927049735313,2.788099267649649,4.205684563695488,6.86104551879112,5.733516388321136,2.056376744758807,8.116101867817203,6.066171536868254,2.2495120229256163,,Entrepreneurship
8.454889373773206,3.8319170155410287,9.915437005874283,4.237789149167317,7.904816178821032,3.495652807105268,3.9394253576202374,2.7470922565952947,6.646195924320176,7.784045045726474,Industry_Specialist
5.584426013815966,3.5464196787089675,9.073372239294757,,7.551296072584233,0.0,4.192099442148893,3.318260639137644,3.674540139382324,6.215295795302447,Industry_Specialist
8.793774711849705,6.653650121326445,0.0,,8.430082683936183,7.298308887653848,4.169356877914751,3.7775613643299746,,1.459573103657868,PhD_Research
3.232782868496751,1.4853710870423957,5.47663351641901,7.2368682916128355,4.188732743037984,5.070252123773985,9.888502457769912,8.20688635488969,4.984929178370466,8.112387457304209,Entrepreneurship
6.9477576187636885,1.8914989509747342,8.337404295243,4.335720043096395,8.630659326530456,3.438043678878248,,2.245172364015569,6.1340532839502995,6.24158495077459,Industry_Specialist
5.4309022364511,6.238805885188092,4.399025751869961,2.1773361150358266,5.786200158246538,7.723042077844547,3.1564397776263853,3.898500341819296,6.919052877909632,4.438227936140394,Teaching_Academia
7.535444152794035,6.240878973184833,5.771086898526159,5.070503461626059,7.996489212521976,8.10732927025993,4.182704477039353,1.5601242494186232,8.014089242285525,5.395068977549293,Teaching_Academia
5.620483279837705,2.0011376425877136,,2.9677433957914907,6.570444150402356,,5.196197984848444,4.753066562717213,7.841622896342913,6.360476390574101,Industry_Specialist
6.844163764743081,7.9897241300147925,2.355995117800993,3.6090060396992447,6.092189587978438,4.5765924569041525,3.5745029406684687,2.3075058740879197,8.26748714694741,2.4240842007860923,PhD_Research
10.0,,4.332681070980467,5.709250232957677,8.357345563880761,5.458536211934246,4.9968697333195164,2.6575313340893008,9.169993444285007,4.070879071439037,PhD_Research
4.493677845048306,3.4622899826873934,,7.931864500106998,6.1986587011808005,2.5718063735949173,,9.555448021642178,5.649444060326624,8.782015003047096,Industry_Management
8.708983538055351,8.315245828652587,2.229545365989824,2.5902955060966235,8.617636716116236,5.2966968291805765,7.272716248794097,4.939897994666172,7.890783644273534,2.626401629986071,PhD_Research
6.433043291375083,3.1473816994327906,6.367128769271551,3.779163171346339,9.795662720226604,5.1795732377194055,5.932552994891281,2.4525534653811185,5.637788973192655,7.106119175016951,Industry_Specialist
,2.2779526160285313,6.009575719205484,6.8908501708401015,6.465403164452365,3.1901764099410728,9.405636968500618,8.410849290223709,3.882986663399295,7.021990492379774,Entrepreneurship
5.512275044335141,7.347834062250269,2.279798770351258,1.3623039729395088,8.79496300344171,8.457276080018612,3.17971504312756,4.633178457142609,7.315735277556068,4.287662417137578,Teaching_Academia
3.6443004288839886,2.2214820936178166,7.689633571767379,7.5884062095791345,6.070461480370206,5.387714571651109,4.2922834582945875,6.533409241780313,3.871893878113501,7.432165771859822,Industry_Management
5.087248149310571,1.3869473524560636,6.165577496042699,9.799151336019126,,4.19574564224959,7.170357287351022,7.888528082267227,4.035995207398894,10.0,Entrepreneurship
6.018676470913049,4.072419256498334,7.073038793801292,5.367411318685775,6.029600502032487,1.3780838611130697,5.922560425329239,6.1724575971322215,5.641461584638804,5.947554897505784,Industry_Specialist
5.924188626461029,3.0492439928364785,8.056485031656894,4.319731502215022,7.962718226022761,2.931604279027994,5.796957472702022,3.295294963647149,3.768007763669072,9.930915888409109,Industry_Specialist
3.083251428391876,4.127737051861169,9.433737751299244,7.007426716754202,4.904239031187531,3.400945626368866,,5.712246657402559,2.41609989401303,8.636513987034123,Industry_Management
5.975908047794245,6.300591472082877,3.8837194512877327,3.8656482867479878,7.573183029592798,7.1694031221697685,2.1448032855780763,0.0,6.333373314269399,6.460500339907323,Teaching_Academia
10.0,7.358491328099961,2.8573294785274648,3.484012006390871,8.647872599531986,5.957887490196066,3.3986775687780457,3.795521349847925,7.708192759761571,3.3829706953258927,PhD_Research
5.038080933960787,1.2075747920572737,4.949830899095058,7.539992372869194,5.36011809087171,1.104430269869475,8.653056392724942,8.84608988002493,5.645726659393178,8.220708735725724,Entrepreneurship
9.007821684566894,8.582821285765107,3.51489979621133,6.141612196884328,8.902506106481917,5.766410951846283,2.5038761380587626,,10.0,4.125759229942299,PhD_Research
6.735166885216155,7.154466216557251,1.9595260705805515,4.500115740252729,7.421353617152713,8.428194136543432,4.924037930399443,2.5947485236247196,7.285340667658923,1.8894078524597209,Teaching_Academia
10.0,8.812610761622599,3.6272425111347535,3.3222802057715297,7.933970285172849,4.377165877814425,,4.447886772385752,8.403507358905909,2.4477941538689816,PhD_Research
7.311856324153606,5.27635862142078,2.8126256040038684,7.306210844971114,9.256563236182778,8.129682752831343,2.311218163434874,1.1227757399104044,8.87417012196391,3.9819119105515974,Teaching_Academia
5.281763709745795,4.4248835029743345,8.754514754316185,4.9513574126171545,7.136037326063824,1.6411583841819837,4.261961213771488,3.192932198615235,6.022059049248789,7.268779265382268,Industry_Specialist
6.2522168078273825,5.519545445120441,3.602109132465463,5.330853104943356,6.199658935113022,10.0,3.397333564677279,1.844505656439248,7.757940247379573,2.732797655957982,Teaching_Academia
2.849806341455869,4.458319396279965,7.89456069648583,3.369759480647092,7.271574597321302,3.4659974492767986,3.8381167602171864,1.0682717739837435,5.529268744170759,6.674833897343868,Industry_Specialist
9.721968297061148,8.402209041204028,3.2759236741005506,2.485723474600648,10.0,3.7527439209155715,4.973989805361111,0.3064479972626426,7.790655906548934,4.971279240742937,PhD_Research
9.01488667917185,7.610955884949167,0.680411722552539,6.6633823461222725,10.0,6.476863288622057,2.802894482848134,3.6115251215864626,9.831514332347272,3.575309311465269,PhD_Research
2.551885614416806,4.976350799949482,6.50345887314391,7.578946867863233,7.242966289207573,3.9129936231277513,10.0,7.638947874716135,4.41401543660671,5.958368700681582,Entrepreneurship
3.3889886652800483,0.6876494031205611,8.411346834933738,9.953184720714638,5.095821326305655,3.009593623674845,4.7499649915416216,7.805083719392163,3.768921102199852,6.685657507285768,Industry_Management
4.496197694823498,2.430612702242936,8.912223691934942,7.697926645118789,6.782026262257926,4.200047209733407,5.984361104131369,7.590582367015711,7.65466808635078,6.9378887540352965,Industry_Management
9.94231107302306,9.848738254900624,1.4061470250397368,4.131881659845065,5.889739033953928,5.346757018369634,2.6173723517348675,2.759525523284969,6.970436201154456,3.705715691820875,PhD_Research
5.434183453025912,3.918492266767176,7.9028004019658535,2.5177310863534945,7.816176527927008,3.0878221293050716,5.149414085055317,4.210495177470588,6.351179758394119,,Industry_Specialist
,1.7025693287179589,7.5420554545653,4.624434584645793,10.0,4.924128964828091,6.455216310597894,3.4958756577859225,3.851840479498338,7.025580248398211,Industry_Specialist
2.4562154512166745,2.734435942863088,,6.9412864897304845,4.146539923266571,2.9223977121456115,7.218059694265962,8.751917657421892,5.179893926721527,6.5713980647322945,Industry_Management
7.322640869319805,7.630225005932623,1.897183493587716,4.711368275189575,6.873169569464557,10.0,3.914495952182592,1.6868347357429208,7.583295990596486,2.320662836801687,Teaching_Academia
4.08550317774396,2.7214404020488243,8.715086681765229,9.011083174091652,6.099490308767787,3.916379189209392,5.75531072232049,7.068915150355356,4.875489857157189,7.566937804351267,Industry_Management
7.506034803655218,5.519430462807153,1.8480557576689187,2.7027924217827666,8.389694308839386,2.919732396243479,3.009433204196665,2.69321522389368,9.476072477119118,3.542713546364619,PhD_Research
7.997262281622825,7.060854476831649,2.752171289530452,4.043376405515486,7.973307250425673,10.0,2.525785484810804,2.1576103219176335,7.9562129993911075,5.1325786970731935,Teaching_Academia
6.782348635132777,5.882114902009781,3.0309200572640123,5.987902181100264,5.51826319433817,7.280938993780212,3.9198418807700577,0.0,7.108565326323798,6.042936576816464,Teaching_Academia
4.222613071980743,0.6505827566253259,7.073509489546723,8.39223386947398,4.836404772862978,5.426256272904766,6.6237907479728815,9.785127393255243,4.842452840147807,8.105804187352602,Industry_Management
5.871136502574789,2.714093905765634,7.177049829637657,6.181157645477078,3.394344898044738,1.1135917024447664,6.493140916169511,6.229075676172302,6.132250575695198,8.03932053431274,Industry_Management
4.205763937058225,2.124647847057583,6.252527799099903,9.481963581881802,6.110218272321053,4.660437424375662,9.347047643577573,8.044822193832976,3.1300621220498126,5.137786862143802,Entrepreneurship
7.552529372193986,3.611636949141561,2.3129068320048742,5.405281093238714,5.684775286177775,10.0,3.417866223383639,2.610823402767267,8.962167458572257,4.262295133497919,Teaching_Academia
3.2234360026996534,3.287346447016427,7.51681811084731,8.241907761797387,4.057598101485433,2.8508305821998823,9.752727640022739,7.012019690877137,3.5318205173498827,5.667819796173895,Entrepreneurship
10.0,8.126637436845117,3.034511412667503,3.418695045471069,8.435573511182943,4.849851456911384,2.913125750700477,3.3607059949562785,9.845323707251874,3.7716211033772367,PhD_Research
7.456808445713319,7.527761158160553,1.669009379304161,2.040476657895038,7.219294557995926,3.8809058179193587,7.194651319698659,4.84226453207129,8.464725757009957,2.5273417226011614,PhD_Research
3.7971174489315267,2.1206941651009976,10.0,5.5870844607026715,4.9951659259275605,,4.984514760032388,9.169773581766767,5.557234982335531,7.937918995964897,Industry_Management
3.629705622826287,1.7831658940792623,5.3148528983173,9.705170969861884,5.737087883718823,3.2019754699502707,10.0,7.537003415106096,4.251822305975704,7.8567662402124725,Entrepreneurship
7.1174345627604385,7.911625667220274,2.3406465556966953,2.83039677756592,8.746796410688676,3.108730769164874,5.737041930015822,4.1223349805772616,8.671727465406146,3.472490639190795,PhD_Research
4.450684973366822,,9.37192608083086,9.006748736700079,5.1078149910299,2.6734566764880796,5.606196467922666,8.706949422293278,3.4505830529027586,8.984650963465496,Industry_Management
7.5995757543156515,6.2523771457317565,0.19976123224018272,4.769279291654206,6.9765264446145965,10.0,2.6481995453801543,0.0,6.204198022653298,3.0738154494708754,Teaching_Academia
3.990332749360734,0.2375845650652515,,7.913698401719167,7.139995597254367,4.268369518335217,7.521086325485552,6.685695068170619,4.017197366456346,6.384803966305368,Industry_Management
4.858397952564662,2.890497494596875,6.174115166886254,8.871287894089068,6.979045991141108,3.211534355542644,9.213487158455049,10.0,3.3787279982945364,8.008707680555549,Entrepreneurship
7.38571781245809,7.734710840229496,2.1425420809462112,7.178669188576592,,6.913618936437174,4.194795138183464,3.0345234934207523,9.153852287404666,3.5781448636538027,PhD_Research
4.497917095587189,1.4380977269119084,10.0,7.746494042020908,7.522821225034971,3.2544704959041804,7.049226250351451,8.954490548733977,5.990907281695059,6.907189180686611,Industry_Management
6.433852252962412,2.888710512936508,5.479621584895417,2.2810276853297604,9.667630712933528,1.9733170958377861,4.09097227238674,3.784654381610772,3.619339863499479,4.405200645082873,Industry_Specialist
7.102722866301712,2.7119249790024664,9.294325247953182,3.10284979650247,6.068799092621044,3.1835197244824323,2.7165802630297917,3.6882976832383307,6.672894941439154,3.517308222529835,Industry_Specialist
4.007203095629337,,7.164183535547547,8.336101802719117,4.645008058569791,3.5838096039334744,6.816594061085158,7.692853621459697,3.9108468458406436,7.784505608349966,Industry_Management
9.40808067489482,6.916620552265773,0.0,1.3051215332113206,7.04740065311351,4.403722129578867,3.61885093735661,5.018400511158372,10.0,1.7492815487558846,PhD_Research
3.9239212190223567,1.7580950385342486,7.633381173484228,4.313887807483158,9.873056377405542,2.9456636037618336,6.304519178140963,5.4031103533617575,4.699119163004571,6.7730972747812395,Industry_Specialist
9.073335037320442,8.318982311693931,0.0,3.1498479262720016,8.779893418923965,3.6681124132130916,5.180481696573381,0.9364944383286609,8.627724023375272,2.238132868031774,PhD_Research
9.441837969550514,8.410862231837573,2.5327769945273007,4.800975068402909,5.7596606556893235,,1.1657269161636838,2.546877904837134,8.99397713610835,,PhD_Research
9.675142904961023,6.304967608699576,2.170042030550879,4.211868128893774,7.115341858082929,7.468124892869193,2.7557510712244335,4.3653609967853235,6.140576909873129,3.5262676309599943,Teaching_Academia
5.863243068199089,4.738319817036468,2.4614658685987205,3.227345462607137,7.404218147682473,8.482120936086112,2.33803985851251,1.9891404766475507,8.790690542305184,4.779339025693519,Teaching_Academia
5.087899973889687,1.8733031368325226,6.322417563928494,8.101837397939065,5.787349377370988,2.6150107301518384,8.94585566551888,8.801518761217164,4.534060265959293,7.757866917514484,Entrepreneurship
5.970779549563343,3.6227830665613734,0.762228689748008,3.802597912645644,5.676205620619742,9.20873408189517,0.546161059433393,2.3808139264395063,8.83604870769124,6.609693621573454,Teaching_Academia
5.617203875967845,1.7178878563284232,7.927609431555007,4.006919718587211,,4.569652536804561,4.57202778213329,3.7218609129809446,5.863579992672326,5.2392550163948854,Industry_Specialist
3.722104248224621,5.906111890948585,4.459151732089769,6.568640560740263,5.367924556330374,10.0,0.6036878854382883,2.0215342020219262,6.957626130019529,5.998038132401594,Teaching_Academia
3.930896565509312,0.34801574481665964,,8.991351413844296,7.980333041350946,4.602235276346545,5.450211467430746,9.063491121256831,2.683036954771268,6.748785615214588,Industry_Management
,2.9210812703427607,4.2033719854925415,8.256529170229829,8.781586267275028,1.8708049324250304,9.423063955216717,10.0,4.802274098695661,10.0,Entrepreneurship
7.137617608744527,2.845262941419837,6.843254813847067,3.3600787846049975,8.26110538645871,2.514431803664899,5.630894267982083,4.67969688897374,6.155678134526043,7.850627313944543,Industry_Specialist
2.646261129521129,0.3708188271434767,8.16823239796463,3.5345185295574733,6.562414263202246,3.085192355079066,5.149670777760153,5.227740629102355,5.177582967916511,7.5969126788347,Industry_Specialist
5.345961255954396,1.914789495682149,6.749950903778245,7.76221597275598,4.9767470742307625,3.148352842480198,7.858523134376181,9.201270076827642,2.7817060315329263,8.693702284493483,Entrepreneurship
6.368942990871812,2.129414143506136,8.0673817286907,3.1893167374818328,7.3155412945290506,1.537591838367199,6.645507402716522,5.385390727136063,5.698664010495539,8.563854737526958,Industry_Specialist
8.19881898535026,7.97050914207666,1.1906978015347809,2.606788275079732,8.040300835902261,3.56481477401684,4.419636703321222,1.0048888576019275,9.925570129888367,1.4640772116925338,PhD_Research
10.0,6.698321137416492,4.1886620723994294,3.3097305440775706,9.858334656190756,5.088382613866416,3.464205808005942,0.14999408229258737,8.776966136718748,0.9728017941027081,PhD_Research
,4.938329866290462,3.201244016967057,3.8875569877192917,7.630089409759506,6.983258802103532,3.5975148490497766,1.3571736094317435,6.967473422409598,4.896014345323014,Teaching_Academia
5.9107539271023395,6.113114110363475,1.415127856798109,4.5540934533048185,6.32612783171372,7.5636579269695865,7.173575059636184,1.856061680275697,6.857198675502163,5.759746643159751,Teaching_Academia
5.218547051169692,1.6871286377735624,5.262902163276386,6.642909666280831,5.228896540460493,3.0255451236775404,8.477828041851772,8.624874280852676,2.7449063187145764,5.3407105442908716,Entrepreneurship
10.0,9.163740476563191,1.0646756967297724,2.046745507146834,,4.293455839687575,7.146539515921623,3.0653495529027417,8.272556028135664,3.6046042723503984,PhD_Research
7.529542493129426,2.7572144247543418,9.69909941942522,4.457510002064255,8.612625595199662,1.2635633379040596,6.218779798274685,3.5645883515443106,6.122020189694181,4.941579023418053,Industry_Specialist
8.374011315623433,5.062063458582443,2.5144188665955034,4.684117405955474,4.5740695426497116,8.908365824580237,5.158945653230341,3.1794512541237467,7.296223323671784,4.646994070387429,Teaching_Academia
8.71760599431572,7.72776852484851,2.5076897752153724,5.821542157544065,8.735708483219845,3.8151232899215226,5.071755181100474,3.6974959703132297,9.851057386982122,3.9691485784824776,PhD_Research
5.030701254072984,1.8631921288341045,5.143635123460766,,6.442921282090613,4.24795153134984,6.548842659868672,7.546836944258517,3.45122987312073,8.717246749756914,Industry_Management
3.622397873617415,2.1024723946527497,8.998487740726041,10.0,3.6147668187266584,5.334517326394058,4.47712125816585,6.516420180770931,4.195428586974426,7.58633158622764,Industry_Management
5.868473866468029,1.6556555186113766,7.6036011777790895,3.1025715470688913,8.782464343188375,2.117575374005168,6.315158537818641,,4.15551517752672,4.370703158951288,Industry_Specialist
5.71694706240862,0.0,5.278769520170844,7.929000654894921,6.299636536458812,2.0555895141124694,7.110650072028533,7.45857871996393,,6.494978456298396,Entrepreneurship
4.754229401884055,4.512544558598416,7.601937297336987,5.4358435327672385,8.557655008465359,2.5543019512172123,5.62359768977679,4.4165843679998495,6.327147667303216,5.287150800775476,Industry_Specialist
10.0,7.766625022732619,1.501856482523216,5.899877579914863,7.060840613343466,3.8368548753574254,4.836324833095758,1.9870133402825334,8.993341573263907,2.7875242319181335,PhD_Research
6.806436890554899,0.9724947502131092,6.96567554194222,7.922430975271313,5.573934858333207,3.8220099426078105,9.111074477053533,5.039445061695473,0.018271439873399853,9.154148808369264,Entrepreneurship
5.642532003856343,4.594858925304598,3.9785705429478404,2.5438370400685577,7.244595316944645,9.631707151837723,4.893408547251335,2.422722845558644,7.572863630184186,5.162044490802378,Teaching_Academia
7.964066999795308,5.753675829718085,2.661419831098304,4.735131294340349,7.640692568799733,10.0,2.6201492076616955,,10.0,4.82657793648505,Teaching_Academia
8.028960623530477,7.501683906053297,3.540939292768827,3.2451743256490033,5.445287471553796,8.93430749437119,3.746303080577482,2.341093068300129,6.039148314679812,3.0313639553904332,Teaching_Academia
5.214527813963612,2.795486817296994,7.791619174330075,5.8406885569504485,6.419462211938463,1.9279906574340036,1.6041454621848659,3.374808333973617,4.485663379636199,5.3370296707654665,Industry_Specialist
4.975261462430215,2.899240871357148,7.414680113547438,7.688746128157026,5.598529014953659,,5.982955139704329,7.588390353419585,,9.29021959765797,Industry_Management
7.947722428721302,5.981435203883986,0.6237180156676225,4.6423488632292305,4.309309388034308,10.0,3.176671371974225,4.906409481458866,8.892706697684389,3.121099741898628,Teaching_Academia
1.4622362107353952,0.5624960162201014,6.992334346099836,5.984673153629126,5.575299634836965,3.440024797795742,10.0,7.752474394609262,3.163465978191932,7.4318205035558496,Entrepreneurship
9.140244577645943,9.702415890318685,0.0,2.3728586216620187,6.418338681745491,3.9676228229669492,4.571527587822092,3.1814441956566024,9.35915643312712,1.1634043509399234,PhD_Research
7.993136920032586,7.195369481631228,1.1467178383874583,3.264669627138449,,,6.222927140215693,5.447937465069031,7.660067858487958,3.0915448655254756,PhD_Research
4.804386700610275,2.4758885199909364,8.703470089683453,2.92414048704494,7.466305815580481,3.116470597578965,6.294720290268936,3.2140217989665967,2.6049001993601264,3.508423292226326,Industry_Specialist
6.125888001897769,4.048207916880157,0.7968139505132483,,7.228387846628134,10.0,4.283414859343676,2.484515893848436,7.144592715625042,3.1050098748189914,Teaching_Academia
4.6817843235194765,1.1629115239270855,9.453852338910998,6.167866780895089,5.239843099595204,2.3425352640499773,10.0,6.783824955029251,4.553698987381943,7.822912284560502,Entrepreneurship
7.755176975188703,7.004133192283148,2.276661608407167,6.49513722626357,8.211252661566059,10.0,2.4041521744003416,1.1737089211982288,7.075415064424429,4.578994626937734,Teaching_Academia
6.912417638600546,5.922484077892462,2.418859755084736,3.494847205069605,7.9059161016622825,6.764272587053286,3.2325702932876723,1.8904306865505198,8.044428932744433,2.609419364525289,Teaching_Academia
8.660830230098895,9.091899386672637,,,10.0,4.69234352795253,1.6850404601674884,1.4557878804627833,9.716549247312203,3.5141618382712605,PhD_Research
,1.3368198164214706,8.446026785642589,6.977583018585571,6.165464685664016,6.196786813252295,7.931177935237588,6.043333674528151,3.8022405215537063,8.547885962721939,Industry_Management
4.317631075937221,0.5839644438202078,7.844577863303895,8.510248618102098,5.08021971519487,2.8512084865861995,10.0,8.174065413461042,3.305188191773619,6.649444208220369,Entrepreneurship
3.1033883573036776,2.1192349906007033,6.604299552121163,1.5364403950677548,8.152074304231054,0.0843240919064363,3.281145244086317,3.3016480677825566,3.919328413263601,6.515331052869188,Industry_Specialist
3.652084815635098,3.4338523497300883,8.809488787565545,7.757115557793256,5.785271946205911,4.704528089982176,4.4916267102521905,8.016049094653981,3.05129345103407,6.7213453539951455,Industry_Management
6.099335995243605,4.4535432301327305,5.97721327723317,6.319574757402741,5.454541004553698,3.0148518699697067,8.190850308429358,10.0,6.911353743536858,8.121764910949231,Entrepreneurship
4.594610840924013,3.5380370311124905,7.470764297929313,7.453664732989695,6.721590636092748,3.547532808763494,8.798079067829438,9.300734918292497,6.421239823668085,8.11321086458142,Entrepreneurship
6.354647986026856,2.042765090021847,7.150266419405352,10.0,6.356583759825134,6.361434080380972,6.323338938414725,7.483859960547658,3.7046536515022654,5.598904969652185,Industry_Management
8.986362532339921,,2.5036584863096683,3.01049271333063,9.16162853301792,9.46821263562941,5.316526481210342,3.661723607992272,6.822827969837796,3.8331765505132847,Teaching_Academia
8.148775995941792,8.579893861926704,1.408521475556986,2.4067125071025774,6.838681153384495,5.2243642930387555,6.052818633333565,2.70798909764547,8.845770176057153,3.371573981483306,PhD_Research
10.0,9.884148241607194,1.512571903196124,4.484968013964432,7.689319103964324,5.030361910948922,3.2203257161454757,4.606091401876867,9.472807595445852,2.7165621334642513,PhD_Research
7.35508019739441,3.1109827960833645,5.840043604339937,1.6026434134822174,8.331606657028086,2.2304275499510258,3.8110508381744435,3.918429310840722,5.800260874219674,4.111415189209208,Industry_Specialist
3.3171564440891674,2.8592966601801346,7.436284269299556,1.2894632143161586,8.505748867563891,2.5059505191501454,2.271031754670383,5.091438518006528,6.865508031385615,7.937161644985544,Industry_Specialist
3.068161525464981,0.6465420923896119,4.668507147572545,7.531574136346217,4.4028327193146,2.9368570645609484,9.284862746979874,7.477530351801196,5.135896130273054,7.422649313227242,Entrepreneurship
7.311576516675189,8.59605753326515,2.986395767396399,5.418123338284516,7.1765469740905115,8.735317442795266,4.876910251264417,1.3953889481697583,9.241843722377428,3.7363137452281445,Teaching_Academia
8.279055872667419,9.392695900608501,,3.830966120051963,9.304836524004308,3.4908144566972394,4.04208113094514,2.6915190296324116,8.389212538951655,3.566095836744643,PhD_Research
9.239275180653035,9.251454844232894,2.3544388424617675,3.2700720651822515,9.407161890700007,5.143797059352281,4.001741800780833,4.414839643846447,5.813866232897888,1.1570105787925593,PhD_Research
7.8347667850398715,6.894934370055421,4.944151509799104,4.455734090698398,6.7131440914751055,10.0,2.8624961073074333,0.7641522855186187,,4.232169209999272,Teaching_Academia
5.552720188361684,0.8148389109806207,5.388058901073041,9.200750401979587,3.7247198957001086,1.2819574241405907,9.203450263769668,7.521964711293136,3.617973033284336,5.857124584771522,Entrepreneurship
3.323048671182231,1.3683084354517598,7.702103517679887,9.148729380933068,7.6357026195091375,3.9598756218842435,6.837190482090605,8.935057807996419,3.001080003487581,6.747668308389592,Industry_Management
8.948381832948929,8.575190986460624,1.6042452082863325,3.467456393121598,8.620060249730795,,4.6201456653943955,2.4992679737401535,9.051601584576831,4.248954599872803,PhD_Research
8.567703514628494,,7.452501122545698,4.154263420641195,9.283421558878432,2.2632730670968053,4.17974992372823,5.3743460513137755,5.492231120989446,3.341853258093733,Industry_Specialist
7.064829497201916,9.12952343791723,4.856373699840988,6.030418932677826,7.493572050081018,10.0,1.6319399132900194,4.281368053387749,6.21138239440062,3.7663591452132517,Teaching_Academia
4.545695753207662,2.2726345885475205,5.020440484743269,6.117382222306546,4.535162134912077,3.0647400448785187,9.12041006014532,6.589725783864409,3.951479607235343,7.086040578194272,Entrepreneurship
8.747297444975608,4.931651030111017,0.336246530752744,5.553423821799077,5.801788044495966,7.213897223138202,3.293933892263584,4.099725368711212,5.8577715968434925,7.536794740131448,Teaching_Academia
3.606899045911919,1.064589018354428,5.575792507887383,7.867078779248607,6.630775531938886,1.3908649146988419,8.613083065027036,8.292426292330774,3.7458692485497505,9.88735081963745,Entrepreneurship
3.801169772963006,0.0,7.167623327659476,7.052801328698929,,2.046587364918536,8.796833002658364,8.94828122232016,4.771185194915343,8.499028858542777,Entrepreneurship
4.944315467158646,,6.938452811649908,7.256555442350729,8.177695669141663,3.254626687576313,8.750318779081255,9.811575362493079,2.236964639249844,7.13426188551292,Industry_Management
5.560064258559439,3.9053354580696,9.215641389329619,5.184596406747842,7.8689887092702175,4.80309054888149,5.296998886252018,4.8220890503355385,5.366714258085343,6.321108719729426,Industry_Specialist
8.82952121073565,8.453408662260184,4.536316328164189,6.700074687769879,8.590195475672612,5.208247771312198,5.399112204706301,1.4006406574024486,9.43299148440373,2.9663782976599866,PhD_Research
4.232923306981137,6.214714998104118,7.891462165707631,10.0,7.067375088749542,3.9784130474428743,4.714045496880118,9.377679694063705,2.552456555857539,10.0,Industry_Management
9.032667324580844,7.714083466153764,2.443961291197844,3.9831796014653356,6.61032093608888,3.358893911485685,4.0382506482604645,3.8374151956691622,6.121556417644096,3.4494445537420537,PhD_Research
8.880209367314096,7.9012725324059705,0.5600092310430451,5.21471433927685,,8.156679888179942,3.8402699231323565,0.7455241717176873,6.89360803896007,3.461984147399042,Teaching_Academia
,5.041542675161722,2.8332879352134652,3.8528810673524334,7.18351099319539,5.1645757233610015,3.241215536151964,1.8130460295498168,9.78817850294132,1.260102865279002,PhD_Research
7.745348209097917,7.05720611610352,,2.932197317008298,9.590035964857249,3.826194668486866,5.211044916736517,3.000436255937622,8.796370733044482,2.9470087160239355,PhD_Research
,2.1945442084527995,7.513747767187797,9.533962037931,7.640440998128984,4.261132101919907,7.044308490711547,7.740189719268538,3.5798627778806678,8.85018210190565,Industry_Management
9.290003665412858,9.863178858588025,2.1189762316251706,4.7550102239287355,8.4261818472895,4.778470144486534,2.9866728842569543,,7.8930016540585015,3.865260807207458,PhD_Research
7.985436508962213,8.662766920108954,2.7174164029906795,0.207692155093814,10.0,1.0380776650414196,,3.8329524445350813,8.587527257171827,1.0939582227895954,PhD_Research
7.00938399374273,5.642015971315691,3.8497631786992677,5.897406847962262,6.386517611656654,9.187079540443456,4.179535765370965,2.166772734599753,7.058023268834177,5.848275420277872,Teaching_Academia
6.1154004841626435,2.3916675849044013,7.560614895632224,10.0,6.359921913039125,2.3616826477542383,,8.643410695880288,3.6886426284181777,5.247583694243315,Industry_Management
4.8282758834123785,3.1991924532070692,5.307629098802126,6.966363106776331,7.768934553803184,1.0201536068071888,10.0,10.0,5.118116368545898,6.6058502278864175,Entrepreneurship
6.045768190011611,7.4416357448433565,4.603377815104707,4.119033435577553,8.659251970279083,10.0,2.3595458265172624,2.0135964272940283,8.972590997938648,5.699984112439645,Teaching_Academia
4.032841680427907,3.2054792505284277,7.481365794134516,9.766195239087333,4.899484253952861,1.7730862328979575,8.570067978547133,7.21397614249482,3.7610252911669284,7.91445568260616,Industry_Management
4.310206562500679,4.274875282625653,9.26164737512285,2.705602705105651,8.641248131990828,2.860206132454117,5.720629006022108,4.299873993094813,6.555241330981321,6.098019406089881,Industry_Specialist
7.034646952601063,5.277762644645523,2.326800328514704,3.7678047999709854,5.884055869369998,7.856221052423956,3.16365159466524,2.033031300852212,6.514864281675655,4.701560133196467,Teaching_Academia
7.190182497117555,4.758856755553919,6.36669359509549,8.718381534461003,7.549172866312029,1.456643381342423,7.794399981048873,10.0,4.3561850147348995,7.2055431802262735,Entrepreneurship
,2.8901241540350844,8.877688057863367,0.9043524578415032,9.34392201832057,1.4628142561316313,5.431594141494015,4.320688094493967,6.4099623089029985,6.716201695161603,Industry_Specialist
8.690374132832936,7.653696262988358,2.3018208565141327,3.278074615535279,9.11300007930868,6.316530563165777,4.202058125969006,2.9572833309189646,9.069101951851227,3.0001097110188386,PhD_Research
5.339200577434431,5.828733416574437,3.269540660496664,3.845817816437918,7.510160575432947,9.602442912614174,4.881006100853769,2.0356476984950653,10.0,3.766164659483855,Teaching_Academia
3.478876904996191,2.2331542689800528,6.5228062782397105,6.3029620672327695,9.138352191409291,0.1364995665240265,3.0321098853680315,3.827950624635268,4.385827724305848,4.2783031295000455,Industry_Specialist
7.234452070781977,5.3196522562417226,4.318315862122694,4.946149342281027,7.262402514072942,9.706785387934685,4.181678612694097,,6.293502983423483,4.9849820239876665,Teaching_Academia
3.4774087648355843,5.1642088763727525,7.882585286668331,3.1583667325878975,7.6438107056338955,1.0794999193874681,6.850023694365106,3.4890311811381616,6.777621986059948,6.06714722878151,Industry_Specialist
6.080659969862574,4.483924998534183,9.56351104849699,3.4454135220231707,9.514427778744565,4.206065119416567,8.344272668060649,3.024997742876935,4.340379250679447,5.60204523700206,Industry_Specialist
9.014853872228857,9.727648767568086,3.113832177336485,5.094366086957081,9.22035145172132,8.02594903044991,3.7332898044741425,0.0,10.0,2.4049907397561268,PhD_Research
4.1772704075781695,2.5706644325436403,4.398468611290538,8.810779224422848,5.352349849535319,1.5865940819351405,,7.894527589073028,3.577292776095119,8.734583873661267,Entrepreneurship
2.7682473417671787,1.7341219990748424,4.359952418882862,5.597768844252958,4.589266818856248,4.961290380145163,9.14827043803274,8.785840571930375,3.332454873442527,5.172283674712533,Entrepreneurship
6.378641963303077,4.584965829285171,1.798462765938359,3.9452063809729037,3.3392468747162045,9.196667956471725,2.839633491586028,3.5270144281953817,8.049874959863873,3.5800713395709143,Teaching_Academia
3.4362593291493084,,,4.821346108975508,10.0,2.5233175682543214,2.8332146871126915,5.169999563758653,4.0549975533907965,7.689151009719603,Industry_Specialist
5.439307071076284,2.8809996492469914,7.844912984101378,7.5339434701792145,5.342663059486032,3.9693014347208724,6.931054461626478,7.877940625526125,5.902860913121472,,Industry_Management
6.403884012746321,5.694996549922833,4.931743520818603,3.4310039154066256,5.56431113556415,8.032840602897704,1.5733486767329596,,7.763774330395173,6.167590408685958,Teaching_Academia
4.3642656465236245,3.5064411188242155,5.738522968805895,7.822940378580828,4.423987343220455,3.9876840649235863,8.361408059769982,7.867650914841002,4.001361341907298,7.657591438796164,Entrepreneurship
4.982932996753146,5.714910051674101,5.33010944192506,4.670840797654429,5.765959593924535,7.214508141995303,5.294397446050047,,5.216245990628321,3.2984546133069954,Teaching_Academia
6.259246448380361,7.312215217223967,2.068843063329185,5.558854967886949,3.469674394955348,8.772790842463857,3.2772389603584275,4.765302394345127,5.980218255981213,5.372291284081217,Teaching_Academia
4.02142250593799,2.3817570784972215,6.244558137454151,8.783145201759812,6.7861748751217394,0.0,9.187351353972888,9.173275444631573,3.466406431649281,7.547063431037775,Entrepreneurship
7.342996077379842,8.12327491764949,0.40370978410060365,,8.006420587897376,2.6562869446567525,3.0221908715122234,1.3181662448156373,7.867419106366442,5.601252032067199,PhD_Research
7.688741975931789,5.892243602734574,4.033013556008191,3.0121491973387764,4.1019456113789055,10.0,2.192618057706495,2.415101248184875,7.655515120634659,4.822555426931785,Teaching_Academia
8.798048903390011,6.103152249267235,4.057286560096269,5.816651900464681,,8.44116106578017,3.7539005105592333,4.069194753880625,8.188857714479889,5.4727189456772525,Teaching_Academia
5.510426269122612,3.566779083496953,9.127656632808261,8.43146221119462,6.818065884333582,1.5873827546210233,6.926961834765893,6.997488409270071,2.3531776178501826,6.538617326386331,Industry_Management
8.353831710045009,9.116251728891351,2.9039654021965755,4.1613115670649305,4.809705751326633,10.0,3.6540945138802403,3.3466461965138885,6.01913851499008,4.95708544573471,Teaching_Academia
6.695024537375662,5.672170856824249,0.762942893966831,5.201654872433257,5.595332746704947,10.0,5.211371932210454,2.255710465299093,6.16969533500434,4.478291802987813,Teaching_Academia
5.46459345321795,2.536594883291464,6.924715594799518,9.962412686416036,4.208674735257907,4.00963951747478,8.954456688161331,8.266962386926895,3.4917076769599147,8.533479313472998,Industry_Management
8.928584673936207,9.472496766675466,,2.151707255852055,8.093937925847369,6.765557424627438,4.660502836758785,2.7538419409237047,8.717009898534947,2.501058796579931,PhD_Research
3.879631382371675,3.3656937448784516,5.839865615513423,8.795053174527048,6.872316155374301,2.411827558633468,10.0,7.513319676808971,5.011314486035806,6.9927331175835095,Entrepreneurship
7.520394428448295,5.023962244720336,1.2183473154293014,3.7065298790445,9.34306859062827,10.0,3.856895288244365,1.2307145927592404,8.684626041279,2.734998743392071,Teaching_Academia
9.750623350775024,8.060524715326219,2.9904112062552026,5.528158549461414,8.750147453098636,6.471667974938431,0.9524127380747194,4.56758798729083,9.487580797460042,4.4011963624687365,PhD_Research
5.174791926798356,4.289145482041995,6.679025805710976,10.0,7.171402492308953,0.6525248365012586,10.0,7.753352658979615,5.944207219762256,7.53483147605527,Entrepreneurship
5.850139436636112,3.7017792327632226,5.755979520190663,9.061097806176143,4.567960585421751,3.997545045504936,8.75578146112505,6.959893291430928,3.7587347183347344,9.320614181357113,Entrepreneurship
7.351581908102804,4.4254211744802525,1.6956368015322136,3.7551006345563014,7.948198477283533,6.40254275073866,5.558075787471702,2.2784950496370553,6.224898232280087,3.802466054639936,PhD_Research
3.438519012257033,1.7269274951023406,4.316448420119181,6.749797801620324,6.83815457896176,3.844153848491404,8.135552725504557,9.378958515890098,4.590594297461748,9.462852130950235,Entrepreneurship
2.9551072487050263,4.919240252940947,8.909333225483117,10.0,7.658122681506863,,10.0,8.374970552241034,1.9804271950811008,9.454161838239894,Entrepreneurship
5.532398337209102,3.790680489177623,2.9945585176787075,8.268440797627377,8.146071411522941,8.779219798941273,4.051865774760743,3.4458629796767886,5.72109528704728,6.280513629744986,Teaching_Academia
,7.6468233012065205,0.5020765063402022,3.687431643808554,8.632640686412746,5.102685331242013,5.473784622383712,2.0303484474955207,9.457644813343801,1.714784705735012,PhD_Research
2.4095223607510246,1.9797869786972113,8.179666668159264,3.746526148044277,8.620893948683802,4.026176522370617,5.790987257358583,3.721442574679195,2.5997618855433755,5.407874376488738,Industry_Specialist
4.978512721155134,0.0,6.6464735784008635,6.934742330422213,7.663594420372517,,8.03929104958502,8.598545925347027,2.808894498597657,9.149628683863064,Entrepreneurship
10.0,8.263607562728078,1.34953059938403,4.630709446309459,,4.998189553123646,5.281977212048998,1.7748972502137494,10.0,3.880621779299993,PhD_Research
5.544431030441946,3.3907992487938974,8.720039216362482,3.827000625385353,7.843889181410632,4.793782028680704,6.572376913175752,4.620633745466915,,5.497620509105658,Industry_Specialist
6.804167630503076,4.06851836144128,8.749175949233674,2.69568739252981,,,5.368272837595839,1.8687931228960606,2.3468834941582246,6.413778563449049,Industry_Specialist
8.155496912510758,4.156450846345973,1.7084682847516561,4.072595249926797,8.5978761027107,10.0,1.3669069557786067,4.256751215378232,9.254246282078789,2.973789176170564,Teaching_Academia
5.558921609280368,4.067202733824373,6.151907923943666,9.127426149292509,4.710212246757958,1.356213769233042,5.626287528327413,9.722158055315427,5.098964613154003,10.0,Industry_Management
6.904155057358933,5.74549352426034,1.904865658144187,5.062452998353598,6.08746175080268,10.0,3.2655160717132015,1.2459583502734337,5.3059762826035985,4.276257739117117,Teaching_Academia
6.4708326619143826,3.4584843897963626,5.239260700515334,6.184065217932378,6.597779398404275,0.0,10.0,8.222336304751787,6.380690416750621,5.254944868750594,Entrepreneurship
10.0,9.309764002282527,1.6663496486803213,4.975158355778028,,7.548629981017935,,1.2955069554957042,10.0,1.6242346339110716,PhD_Research
8.529698379322577,6.7765412752975545,1.4168665295631393,4.5880341358360806,6.464513206165331,5.828712173446458,3.2995972870969337,3.9921564589536325,5.8874616036293865,1.9774644923645806,PhD_Research
9.088287119920135,8.712566893534856,3.1642868163086493,1.4032932992431824,6.312975573671665,5.273378678411991,3.0706604695332373,4.2056328408858885,8.59027329314921,0.48511004357294674,PhD_Research
3.90840556694506,2.3998651362027714,8.763434960268292,4.773438195629843,,3.2101611022934198,7.858502209527032,3.9771226919676703,4.098856970014821,5.774108893829192,Industry_Specialist
6.514303825382484,6.483070140988894,5.268948524443208,5.238255900345097,7.964081101311853,7.9281640542914795,3.3351307556511594,4.086970375027523,6.3459463844801,5.754789417665034,Teaching_Academia
8.555201242048339,6.171011584717579,0.0,3.6599695286136775,8.573445699591202,3.3280309522785716,3.955182675454977,2.5698783318876526,6.1971895921228075,1.8103379426766484,PhD_Research
1.4662498604066982,1.9191633720194687,7.710719351126493,9.040365760913053,5.315766475793018,3.0245162652382103,7.0979421176314235,8.370767704275485,3.658878391463102,8.04903976568691,Industry_Management
8.125549379412607,5.748774991118617,3.5205127200594415,5.468769070920828,5.4419778323927295,8.581097112435911,3.7466440329582276,3.675315647861836,5.984255995734619,4.242668078484475,Teaching_Academia
8.070083260177492,2.553226176154184,3.639608025924855,5.877745752410777,5.750712178184428,8.940752999854514,2.1036214485881253,1.8219887443491758,6.859660947449715,3.612306343194822,Teaching_Academia
9.593807808824636,7.139496276613353,1.5280299994654067,3.5037407378021723,6.945408460734249,5.633064225021256,3.389776957736459,2.5162423543459935,9.624970656577682,3.5804905288389275,PhD_Research
7.160203199197009,5.762930752906373,4.652600365333969,4.507137529797261,4.868828278191576,9.164471465126619,0.7815923039223831,0.9258068142404645,8.326157758598898,4.178457428060238,Teaching_Academia
8.801720707811933,8.498412023659544,3.2997715209833833,2.623903093428068,8.33748826058455,6.925892211956665,3.0333353025436667,1.4310749775225835,9.26299804938055,,PhD_Research
2.626881509535245,2.9138669945471536,7.320753154375093,8.597405202136095,6.851029692524278,1.956479958219043,5.692965607097555,8.245324252434584,3.5845920811531293,9.860920248105643,Industry_Management
3.152518185574234,1.6069929501797668,8.037515281037155,8.320975126985262,2.994222523568229,1.6077760022942835,4.508553561100097,6.8521365220518335,5.03875032832223,8.284620501193126,Industry_Management
6.992733351870784,3.704853871441533,8.318086503133555,4.189169246936274,7.772541552271568,4.359332156272045,3.8750543182676154,1.8914973351207278,5.798772159760217,6.820609826487292,Industry_Specialist
5.3702150453559145,3.743416937427723,6.401640383432523,4.464267279152717,9.419058705190714,3.6328641112940687,5.180845261690069,3.8753513166642377,3.9146935013970476,5.906401829828275,Industry_Specialist
6.768220371414138,6.936061633646509,1.390956449213538,5.424683090231745,7.258351186013983,10.0,4.657057853913184,4.189971858740842,7.356451529339067,3.3785285856808214,Teaching_Academia
5.127336358345616,0.0,7.997699421524689,10.0,3.5391145964685986,3.186219708888224,5.989715712837856,7.3986423417264495,5.847286515326673,8.614186318661892,Industry_Management
4.013372745538718,3.623960754185953,7.370201013967132,10.0,5.2964998489703765,3.191011270073136,5.777658241896948,6.288366142744587,3.1522550992137095,7.310133043339179,Industry_Management
5.885353956324056,1.337618533145406,4.661487405935367,8.656257459525309,5.638261950122147,,10.0,7.763625545604166,2.5490596095103615,8.001564008233572,Entrepreneurship
6.841493188332911,,3.3539922497172756,3.6556402626927724,8.951399165521266,9.708786486193274,3.802746312071093,2.7564040406291594,8.803782829632501,5.248822638829804,Teaching_Academia
5.026727682250316,1.3341922023302972,6.387171775232584,9.953062112658793,6.2666880935017355,0.8769076834357938,9.764160439530835,10.0,2.3263919429497255,7.538642060377729,Entrepreneurship
4.610077168566259,2.111980657939273,9.998564817467143,4.2748981980730925,7.28236785228495,2.7983269294652287,6.758995650804677,5.906063665513386,3.938168866948667,5.9448360468971595,Industry_Specialist
3.5780240353338804,1.578935067135406,6.772083467329982,10.0,5.899633996442231,,5.659079083901969,10.0,6.196513635500352,7.0626192507615695,Industry_Management
6.836469635018938,,7.960033018061311,3.24076186681139,8.154861108176162,3.4133983027382615,3.9804639384102662,3.8374422593821507,4.2068714741257525,8.98956329049929,Industry_Specialist
5.3100517589270915,7.490260322917436,8.370660993744954,3.5051876988137263,9.846036293123236,0.606652982519301,5.1226162032954266,6.592757043085395,4.848940930332319,3.7467086419574973,Industry_Specialist
8.263816609744692,7.188015569320267,3.722690747537291,4.4293769293015695,8.224746056692288,5.64833527339064,1.2606499484714053,2.44392633346682,10.0,3.1720504583234743,PhD_Research
9.066794904073879,6.5398118993301075,2.5024740975901594,4.689618560072121,5.16513382219444,8.932196911187841,3.083899314430278,0.8791679171171525,8.003560262392742,3.8427034866033263,Teaching_Academia
4.847902761740449,1.7533331847916815,5.759811518315799,7.694588573825658,4.549285983831217,5.795284978749548,9.21401180697261,9.276010290670024,3.564951285013913,7.038807225937871,Entrepreneurship
5.4088500147895875,1.25538945610329,7.5313006284290855,6.7039470744121985,5.264414225802877,4.587999621311363,5.434553951123012,7.6762548822730565,3.0312659822151327,7.1571340622875965,Industry_Management
4.5372200077077185,4.958189412989098,1.8894959807331042,,4.91429579176061,10.0,3.5565792131914615,2.3399098239110248,9.57052785391761,4.479138088691648,Teaching_Academia
3.3590684680028557,0.0,6.082142033319929,7.534789571449348,5.596416029587829,2.2710025168322403,5.332512416836158,6.407070113942622,4.722448068090652,8.55342897296038,Industry_Management
8.1301230549474,6.701850483424002,3.3553650671970137,4.641308570019589,7.666607812922473,10.0,3.843061521415013,1.5981087167877455,,4.412889682591492,Teaching_Academia
3.2962913379336567,2.8536014389481448,6.683184018995063,8.138123627608572,6.073766300288934,3.0465955144383075,6.293877465832633,10.0,4.276583561316903,9.533139152634968,Industry_Management
5.281053713738701,4.218915301417529,6.7301305337833455,7.2737365048434075,7.437789957666349,2.1795707149426446,9.712625414813848,6.818991309579473,2.656734404462222,7.566802671567042,Entrepreneurship
6.1109079979465655,0.2717126409388697,6.740737333317497,9.340980907491812,5.757709816856183,2.8213189092389395,10.0,8.948262201256725,4.757058389577259,8.229664684321582,Entrepreneurship
9.142330967281215,9.462557098220433,1.9825594769977486,1.0614608154607916,8.252011401565087,4.788361304377611,6.724798375293071,0.6057207132045768,8.492119116621046,5.217608484707934,PhD_Research
10.0,7.0580056330269585,0.8901130106363646,4.597617741519484,9.78511921520491,5.052333452600601,,0.7316641238238748,7.144722677157887,0.7020912531788048,PhD_Research
3.521170462036787,0.928940991888374,6.10181689926061,7.736323647242,5.81608757829415,2.77286461086202,9.529129413285814,9.20217025704569,4.1941303339330975,7.130342638414074,Entrepreneurship
,3.915447448660117,10.0,4.937592984639729,9.900338917811496,1.9000672229694697,5.307221566636661,2.773892098319793,4.703904790744255,7.003874920558256,Industry_Specialist
6.3209237329863175,8.448576819447258,3.5487238452087224,5.190798431011719,8.78654930596528,8.916219887182033,3.3850385606250386,,7.275944386070348,2.5643942188840283,Teaching_Academia
6.954065082017867,5.547211145106877,4.081025429228964,6.011037538154501,7.909444851120925,7.958886876258011,5.196384323197628,2.0346841695430613,6.518461601191715,4.279873994200985,Teaching_Academia
4.498119729453051,4.733708413886796,8.522220768779054,10.0,4.706210384810481,2.8185622218684965,5.694006009343113,7.813355559370387,3.1895675548562425,9.645713714523863,Industry_Management
3.835813539703322,1.708823187130498,2.8524687853940534,7.60751282125801,6.1184169568205355,2.4669354974270097,10.0,6.988794089077141,3.2673443917648965,6.323665607018391,Entrepreneurship
4.851381185049471,4.156150129904054,9.267177359612557,5.7030516007270355,9.136645156980304,4.405787232118291,5.952781124668795,4.345187243851414,,5.691562365173377,Industry_Specialist
1.7121184664566211,0.46533308714947896,6.334621297038447,,5.907207485587133,1.940777626428754,1.913233807367833,6.642914693033695,3.886582457962155,7.212915665766445,Industry_Management
6.994189893245164,2.9418471855557717,6.173286331119952,5.255968585305338,7.518518207440561,3.4446044946473275,4.158302742976625,6.137592223303798,3.8604657285618442,5.561341319661973,Industry_Specialist
9.852303479522798,6.590006190832891,3.8362669909493077,5.331328491793332,8.87685111869392,5.204402696467051,3.728258067164354,3.3820811368200365,8.51798837969932,3.306240831831862,PhD_Research
8.285581592530892,6.5404010380477065,0.460633168532246,4.1124572044979,8.925112829426109,3.969716420404711,4.034560943723928,3.2416981469800312,9.80364792906489,5.017444156159235,PhD_Research
5.686986140473702,5.5232832632113995,1.9575989129480138,5.5400892488307285,4.3695864464651715,7.7567632054334466,2.730990045626116,3.387830831079823,9.102978357269604,6.294704848004696,Teaching_Academia
2.943878493876502,0.0,7.970762468725507,7.068366132945398,4.105099799672139,1.7157315176732835,7.010561581559222,8.92490274703781,6.8556440584024205,7.108581392605135,Industry_Management
8.647793430794849,6.792314082730247,0.8713485401669863,1.8738977770047844,8.808033195009735,4.891516581805428,3.4280159841113784,0.0,7.37848728939758,4.457092846824117,PhD_Research
5.761076167269884,0.422316388419115,6.391273056769607,8.205786148383291,7.248591600713171,2.8269285667419894,10.0,8.276113820477672,4.56471028456024,5.5461765865785875,Entrepreneurship
5.430214364745321,6.6507045081937886,4.860472919538022,2.3813346898241883,7.829022493781426,6.2018122295306135,2.9796273807640317,4.892670685915354,7.073178736933273,4.61691991456729,Teaching_Academia
8.693415483041564,7.601293525826281,2.136097038854564,6.2055626878621055,6.757536929572435,6.000813960971961,1.5388774903904632,2.782455105697211,10.0,3.6352690818074995,PhD_Research
4.28446518236084,0.823864243377463,7.064449270444086,7.825501092734469,6.1037849447440475,4.822128348343648,7.28838669808095,6.904344046117106,5.7980082760099,7.942689321759864,Industry_Management
3.429022604321535,1.612016396862861,7.135646463232273,7.33129427423134,6.308924027154196,2.9834171343743754,8.760543528892285,7.815949430210567,4.3813171331911605,6.230045422696326,Entrepreneurship
7.423467485746215,2.8589023775092963,6.9784648498023945,3.328813124080039,9.43048188490639,3.8782886231138223,5.728427931701934,3.665222441417271,5.745371211224828,5.163370537564157,Industry_Specialist
4.530048572174456,4.1305784837028385,9.53164030866234,5.373301261840148,7.0182147547578735,0.0,2.7029495324309294,5.8481150715068715,4.478368578884229,5.024057996255354,Industry_Specialist
7.45331259742423,5.589823998379263,2.266750067806879,5.232591873906638,7.1468517571024535,9.049823467574695,1.3497139851611033,3.093291640993288,6.50247464852621,4.778643397981401,Teaching_Academia
5.829165863383955,4.1637839228940345,8.355317633497936,6.9104811663387515,9.858723688211544,2.6002139058678795,4.5865643360508095,4.610605735330959,3.9105750654466096,7.516174798492233,Industry_Specialist
8.94223298198434,9.677732891017527,2.5342773499711377,5.017326473429707,7.328833906104053,5.681136240450472,4.9473285042966495,1.7503585200961993,9.727402481801017,3.736044086147283,PhD_Research
9.971453666486491,8.074633092869606,0.5474741173333426,4.539001170534714,9.252260123959717,5.114351765230302,4.285460405333928,2.1636823278085506,10.0,1.8291001611735205,PhD_Research
9.019084181856625,6.973017739972116,2.1689088104158962,3.909261578509221,6.766483385645539,3.086643943278559,4.7346993924527006,0.0,9.267033685049638,2.3784920249200283,PhD_Research
8.028190908945636,3.406301888177353,8.61726121972202,3.100380565998122,8.938956391331404,2.5054374107233848,,4.794302547772838,2.8823031654216105,8.076136217806278,Industry_Specialist
4.809861621262144,1.5660607990943591,7.089645837052978,6.352113150652681,5.015490960884031,0.0,6.6603493129737,10.0,6.70867771732957,7.620544066791139,Entrepreneurship
3.8627630132820263,1.2928819663400815,7.799006013794118,2.4544558003231134,7.086418552232435,1.9936883495233353,4.427339780897609,5.71925563098006,5.860531866259672,6.020968239858805,Industry_Specialist
4.985306646266223,4.890873453246748,8.488890475217003,2.9094870576337266,7.1091843506672685,2.2723896475052427,5.469557249270195,5.739654972820249,6.368149916638922,6.592815836741867,Industry_Specialist
7.56221737710894,6.156923460431351,5.566648209658846,1.626411082164108,7.110143256078445,9.508346310081658,4.5603714450835575,3.4314047656035314,7.28551072482427,4.724446670313783,Teaching_Academia
8.891796915310008,6.595271209660282,2.0118805874381573,,5.424186285177022,10.0,4.169942200294587,0.7226923893520116,7.727694242601506,4.347154764605304,Teaching_Academia
7.596674999526633,5.341579750649302,,5.105364112961861,9.88437810984993,9.903133755043092,4.406994450718309,2.8775510586848414,7.371171830571447,4.163570985536164,Teaching_Academia
7.6769654007475365,7.253370850535243,0.6701725552523965,4.979604009204081,7.9081377892987295,10.0,2.9583287677211136,1.2734547193240149,7.605271503154986,4.822120576500945,Teaching_Academia
7.738805624453164,6.845995647571073,3.7365196372163028,3.7512528172964217,10.0,4.424703574540161,5.891559249151925,2.670931561847088,9.335697470319504,5.034133428170875,PhD_Research
9.220618508685655,7.429229916863581,1.487055292569788,1.232042744039977,8.834932547197509,6.09912804102641,1.9516948746782004,1.6401580400011393,7.495295978096551,1.7450434467486073,PhD_Research
4.811912953654871,,,8.66416547840884,4.641119973096655,3.6862915192420047,3.693674293530405,8.89044092365151,4.92051630854004,7.925178938794305,Industry_Management
5.753995190720438,3.470356827986478,6.236420193779152,1.9947700098579717,6.84639297139681,1.745840024085255,4.163028781835747,4.825123834717005,4.78039209677784,6.255312986513244,Industry_Specialist
7.097195040663334,4.956471314162161,1.6735724720627119,4.187090202666611,7.454234507423831,9.741297559998275,2.8095151291351343,1.7572501247717853,8.326557240845398,1.3842434997185875,Teaching_Academia
5.624547478206922,5.818965494152354,,3.8401140342017084,9.565139640387136,9.803762866426924,3.419644151826036,4.0481063575355165,7.025222404709514,5.80965589380252,Teaching_Academia
6.282035528992993,1.8636853958820563,3.2392713032441898,8.07426589748963,6.260918915610081,1.6554608831178474,9.69173785076282,8.030676034855821,,8.372930363512069,Entrepreneurship
5.612578737537787,0.8700713186501521,5.661334199540366,9.232204797439271,7.933317351495649,1.9978739762760085,8.871335197749895,10.0,4.125139624699664,9.870370564510493,Entrepreneurship
7.550557495706197,6.058514008138752,1.4956220560780444,4.258876031324467,7.263758567310996,8.851261968485884,3.0777038460165804,2.2746230879986613,10.0,2.1157363817642287,Teaching_Academia
9.943927869880234,6.789604465675266,0.7011116412696841,4.047847148826041,8.724909281547893,,3.765600870295606,2.5182937077355563,8.720306084497532,1.9425924639493206,PhD_Research
,2.594802359232273,6.1969999033542225,8.09079646510661,3.423344092483469,2.181592400217724,7.76844166076039,7.814772848297413,6.957949228931568,7.876047809955128,Industry_Management
10.0,9.011129516057633,2.0858399068295808,5.465413569058443,9.107762144927658,3.8829197982517902,4.4793760193072485,1.2534526189223014,10.0,2.935096315717871,PhD_Research
8.687793205721714,7.240490752063414,1.244284936630337,5.621404741338599,7.1617545591715395,7.327395299136532,0.8128820225578068,3.8493860770270087,7.265870908726982,2.8292632798086617,Teaching_Academia
6.005224342035571,5.184160816443412,3.000855670689908,3.6772369611607982,5.774486900242539,10.0,4.834003165003876,0.359039773336737,6.436379626729714,3.8967942970125895,Teaching_Academia
7.901441073640104,6.591191524434521,2.4479863761754648,4.493064044674712,10.0,6.4299735454447084,3.8281027465094764,0.8825323574808697,8.585161423885832,3.282400553253682,PhD_Research
5.476578803505169,2.456936122829387,6.869962553499581,10.0,7.516530272759939,5.131997199180089,4.890983003594295,7.356176793748247,6.857856891409135,8.31348159960003,Industry_Management
5.000816512689713,6.838194460444885,2.661464772355866,5.104212520730683,6.805647809746004,9.735217549662902,3.4405723557933108,3.52257965505859,7.241439702049414,2.6082433547111217,Teaching_Academia
5.314539170169306,,1.7776751481625728,5.10781472956805,7.087628126519494,8.897881334117557,6.080441517918918,1.5439184849881373,7.344739611732374,5.330911465656762,Teaching_Academia
3.92093117449887,3.928347873119291,6.461113173821746,6.135554592518918,5.7695142303081886,1.5796794485015635,5.542582043941378,6.163503226946929,5.409555946951022,6.731715296237109,Industry_Specialist
6.317542447730965,4.293067939719474,2.719705056565785,5.590431807878177,4.085492757154871,9.032676403629669,2.8326206005391263,4.555363289033437,8.061289310205371,2.9696177527445506,Teaching_Academia
3.969458609818779,0.7600937488253863,7.660065758975212,8.707079363368836,6.427159643980735,2.176278289571311,10.0,7.089138522439485,4.824281062902742,9.292552709488074,Entrepreneurship
4.396070348858375,3.123743016067051,5.757729099459637,,6.162022379737011,3.1714150023052476,7.398417312274313,10.0,3.268818324777863,6.671286580230294,Industry_Management
6.39838133562694,4.866771562242309,7.396305490145917,4.630757700921019,7.688497697934959,3.475133548550056,7.035513390564231,4.6612574059235286,2.694561099547415,6.5901943208810465,Industry_Specialist
7.75282207456136,,3.806456774763678,7.633434835418431,5.735288484046141,10.0,2.9304433874235545,3.7438416508893324,7.419952661134356,6.734498343277259,Teaching_Academia
5.856839798143087,2.3243003108578595,8.470343685522849,7.522362660799972,5.285702303946306,2.373091932099639,7.606798027592411,8.404832151685879,4.9771695846851545,9.765639391236473,Industry_Management
3.137645725836202,3.314549306728305,7.830920363166542,7.8654585920598175,4.655512677617836,3.6635868717870825,5.467694781733922,6.55799172631609,4.067667864078132,8.441470410231739,Industry_Management
4.250444534798765,4.03552511401068,5.456502982324511,8.232195393163218,6.788571104827256,1.8638534948402532,9.40528582794497,8.153439649989922,3.332042471572235,6.9283600980717885,Entrepreneurship
9.585412461456958,8.004041115241328,1.0252426602301272,3.6934218291726912,8.260571529530212,4.648798331861775,6.302743614947989,2.3720201969997565,8.68293505676946,0.27331375510681566,PhD_Research
5.319552874374215,1.2292247813719446,6.890563652745668,10.0,3.8814730823704164,1.9047733446606552,9.192033173152717,7.957785304715464,3.567416292171163,5.804498054728784,Entrepreneurship
6.045304360709223,4.635112636130276,9.482329265227564,4.0152313430351745,4.90159468615543,3.671713664243006,2.1146834637900316,5.910918400223601,5.2203160325512385,7.299576225833586,Industry_Specialist
4.554381641057757,1.7708311819030258,8.942251445949674,7.352274831088119,4.741419607571648,5.627352776044164,7.129156519054087,7.534587902341671,4.873594922536616,8.20122991788099,Industry_Management
2.5909348235126544,0.7682105176008607,8.534097837331524,8.877065119162882,5.6033448820188845,0.12946852997705083,8.672119916204204,6.837446394600377,7.167356582720645,,Industry_Management
6.047682116442335,1.473686767955598,6.23953178912592,6.9832987642311295,4.7109845936528965,1.5098088225527304,8.931154700920631,8.824487320319424,1.514640292323044,7.439740186645005,Entrepreneurship
4.543522412674585,3.9117560898482737,10.0,3.5127664027728915,8.092293130052433,2.419933156348559,4.365574127969485,6.007784321554275,4.125137676954296,5.3836953846237305,Industry_Specialist
2.4796975326731925,2.328505435410893,5.9405093155739195,8.168956179750795,6.046318627537737,3.3369208348351065,10.0,6.966640364289358,3.555201963849454,8.366604217651687,Entrepreneurship
4.940650469013449,1.5345294370261093,5.41011494480843,6.263119718427973,6.10093274948532,,9.081857146765445,8.758401880735335,4.972402941556667,8.41203511352261,Entrepreneurship
7.229160146446642,7.168860529198846,1.086048199416208,4.129112388896186,7.577899283992856,9.585280192845373,5.407533955700725,0.45129963435700615,5.3029977016700265,,Teaching_Academia
4.327255520364633,0.9817402847099292,8.338980699383518,3.9563155280570155,7.360996925995685,3.110059664952593,8.597666659641938,5.0848832115797755,6.364348187622315,7.0971179590193625,Industry_Specialist
4.801920570541014,0.0,6.543635770062794,8.709362839567172,5.837333563281841,1.4225843232680382,10.0,7.109150912344365,4.8590038683407135,7.760065687783116,Entrepreneurship
8.036574485959324,3.5637794925905593,1.1599697191801253,3.8314544193578066,9.321161385810099,10.0,4.418434082536276,2.963505091784085,,4.703785611744909,Teaching_Academia
5.648920449640549,1.4958461090134447,5.609586634890606,9.797025679665404,5.540020951162363,2.1776771527485135,10.0,8.438019013901966,6.298952927067999,5.682090516102997,Entrepreneurship
6.883472335515411,3.895195211272554,9.26966498097157,4.051106985831585,9.00985000852469,0.7103237739646917,6.122013773458962,4.230255779006539,5.815242480193915,6.494030288763197,Industry_Specialist
3.7199454804689047,1.6397593223554119,7.05603204130418,10.0,6.360788865937784,2.7716089900324055,5.911147875129448,7.963192663652053,3.5016579361378035,7.000130716932989,Industry_Management
6.2344228496108585,3.22221988246679,6.988439005581231,6.405536019087533,7.542816806506329,4.008477990584883,1.855801432495571,5.659412147615208,6.909392868050956,6.03878392326463,Industry_Specialist
4.958481207231109,4.6156089163127785,2.6489224243810554,2.62375759602468,5.971076131078883,9.012980616399185,5.202588922666702,2.6852938129789012,8.838258448883042,4.892177134452633,Teaching_Academia
3.139963114350235,0.0,7.0813808877252935,7.2891880510565095,6.429504082352777,4.611618979189861,7.798398180090469,8.441321405333301,3.7780976099154695,7.9936657383163485,Entrepreneurship
6.338521696109578,5.67090862300701,8.101985170011284,3.919835085031497,8.40170306291141,5.642038132123439,3.669257909790142,4.264169013412077,3.9604453510130626,5.2888938629015065,Industry_Specialist
,4.258398445920024,7.886952031712172,4.44175114683756,8.598284231265582,4.292655608561613,5.107533662422146,5.833210593892517,5.402236691687902,6.811439554210392,Industry_Specialist
3.379973454858848,1.4485981642997745,6.682357473612092,6.552316318900659,5.857674817510812,4.41587833908737,,10.0,5.473683065407798,7.510059834748105,Entrepreneurship
4.48547245918024,0.0,8.197862693577228,10.0,5.340520912550864,3.34513745616877,6.966689100129589,10.0,,5.197711057841384,Industry_Management
2.216691774871741,2.171653750611437,7.633496702240806,7.846096733465619,5.863766344524861,6.833867313780585,5.841921832549495,7.433972684344393,5.819931371696409,8.311458737389179,Industry_Management
3.4970451548566936,3.388593598359396,8.878772512549,2.6594373110285394,8.011925222636767,2.8488533610965243,7.394795856138742,6.501844848116345,2.836336688670739,9.242105107446386,Industry_Specialist
4.92264210932483,3.987200771479966,8.393962767812532,4.767416744882308,7.915440625465548,4.520670035281172,6.20210895580073,4.579983305521977,6.205809510507606,6.97555062072465,Industry_Specialist
3.702440378611785,2.8856943677541333,8.384843000155403,6.40560220399688,,0.0,4.877818937379992,7.561355373040797,6.126276105480551,4.945844373048835,Industry_Specialist
7.098188432945136,1.952208308518663,6.188225770323977,5.22537170716973,8.639985985519449,2.19332579315674,2.9431828790350067,3.0319896366298678,4.928884232095947,7.5153737168489645,Industry_Specialist
6.560719797485284,3.567543658328276,2.9179843615113072,2.8765322686780914,8.658492464664864,8.747531761937125,4.385957781564858,3.9156519356004837,6.258593011675846,4.59886125282112,Teaching_Academia
7.951549739900582,,3.219616794486365,4.503721348705182,7.188240336196077,9.495847432241616,2.482935291577431,1.8301876826285306,6.054201222100995,5.186890223324818,Teaching_Academia
0.43070197552940837,1.3215838656846037,7.433899397757934,8.036405080472901,5.821233334279547,4.968327006832296,5.582003479949894,6.625048765040276,4.922307156064359,7.575389666361856,Industry_Management
3.491110070812615,2.605837898276353,9.424179134944552,4.715563564215221,,3.7939648025350525,2.221249225095236,3.7103311715156253,6.479343800220064,6.023912480242716,Industry_Specialist
4.544960790777787,2.6926900250385217,8.923700305706376,7.550073782238414,5.540531983264017,3.4767967702198908,5.645409338027645,7.493252835153022,4.594728709177038,8.044729744781186,Industry_Management
3.908633501381345,0.6807725662328525,8.00091073691554,8.48697803634881,7.9886230311849165,3.170802686597319,7.5184044009245685,6.352785075931031,,8.938160547752338,Industry_Management
4.47203218892537,8.956440539413922,2.697002293145266,4.952151286824354,4.660718195089168,10.0,3.5539142972572413,2.420092365455227,4.981399350626161,4.595935858001655,Teaching_Academia
4.598446865488934,2.599106100189571,5.652110889575137,8.856336373122218,8.05243056180482,2.8293282810898215,10.0,7.704925449107146,4.993324851157223,8.135848637115965,Entrepreneurship
,0.7554113145390882,,2.6387807630036093,8.758922508880833,3.781419388638582,3.8249569235448626,3.6617027802679427,2.5842845392537037,5.357358064762497,Industry_Specialist
4.934208113008369,2.294572402629107,8.228686757854698,7.6773035086922485,5.275186953308093,3.713391568099352,6.320161518942016,8.641839528798323,3.747046520117631,6.253730212256737,Industry_Management
3.776919222112409,3.611447679114095,5.775746731535852,8.212851831483883,4.907557485907336,3.31941464348337,7.102928383651689,8.720409930606825,3.526712998912721,8.177708964325376,Industry_Management
8.219129000082567,7.081697744779251,3.253500087317997,3.925380135389773,6.640090715279217,8.724926458322603,3.2446424013919777,5.903625450654538,7.736846611148603,5.085318522148813,Teaching_Academia
7.405112182376978,4.625466003480335,5.109268379512343,4.119339851317793,5.907823838960357,5.821643107076254,4.3247194685097385,2.6313164315604483,,3.9763279275559364,Teaching_Academia
5.040543865289778,2.910255630456572,,8.931205552328972,5.471779002145986,2.636360366555105,6.167755027163405,8.34505125933149,4.0119864130037,9.174973395192373,Industry_Management
8.628451377224128,8.001556794860889,3.655601052400586,7.28365388009022,6.036715026463655,7.377725245396846,4.86913148825462,0.10982729072621877,6.518496070490254,5.176145902149635,Teaching_Academia
6.112220551869733,5.7360304197303655,8.081646924563092,6.778810276850856,4.49484634810426,4.16185283976626,7.743450295185672,6.423242175095587,4.3383673328964285,8.25471168377716,Industry_Management
4.954425333221678,1.3994090969394608,6.064968767118574,6.602898187800703,6.321824080095432,3.0574441854474617,8.797800379705786,8.428463643692615,4.174205819018283,6.698735830755354,Entrepreneurship
5.56491679893308,3.2606812946993995,7.4293475153257065,9.943508264064702,8.800028198256339,3.9126335834392476,6.1517881142343365,8.221815208704806,6.203558351080973,7.221042944457201,Industry_Management
2.6438162772126894,4.137247209974352,5.971044737775195,8.412773632053767,5.486442651110648,0.8328052137196709,9.318507131994487,8.93516837896063,4.879093080323372,7.242556842029428,Entrepreneurship
8.529617701790356,7.363324762228428,3.1811817678597447,4.040411264102499,8.862148688865348,5.01818078842488,4.437558064587066,3.0524556666669937,6.4819429874829595,3.8665444691923936,PhD_Research
3.080448210142777,2.6350465788940745,10.0,3.4335508853832386,8.131217829255702,4.473926054333216,7.73895015326159,3.2500969849071937,4.978112259146546,8.368671787745695,Industry_Specialist
6.592520374141124,1.2726880339064264,5.4188877021145885,6.411394296952269,4.585792351292997,3.524579051690099,8.053968510784237,9.46236963374879,3.1381441389393205,5.923056052396758,Entrepreneurship
1.9520622917621422,1.87492717953939,7.893695506191142,6.9794734731530665,5.723309546446629,3.4312606805722012,9.739861119839615,10.0,4.5830159530952015,9.226104764168484,Entrepreneurship
7.197625070748749,6.167039385990961,1.7740109898769987,3.0515496476236597,8.991362297393108,5.588299944673469,4.417104540221989,2.810181028206977,10.0,1.612128100241648,PhD_Research
5.103526496845592,1.5916075555407394,8.525194455044787,9.568898110228464,6.871442923135082,3.6827032933934523,10.0,9.370893805504707,4.922340911728875,6.861298261693745,Industry_Management
9.478863596510855,9.100559181596426,1.257773240021667,5.057892796956073,9.88901302278575,5.302741426178319,4.304721160508305,2.8514462110662437,7.877651155838803,2.8082127156875414,PhD_Research
3.594276083939821,3.450942602746328,5.7795469452078345,8.50644370611179,5.807152001765718,5.002476348747944,3.939168990609905,8.039978313095375,3.089194121515214,8.657144857470758,Industry_Management
7.53366106944263,7.358578257502518,2.1838453153427073,0.9770172126634269,8.807873951824435,7.473779700956419,,2.8377502138471624,10.0,2.7868604499649043,PhD_Research
1.9740575363680604,3.3448413655403373,8.383223152144582,9.870254075012772,4.936508071288776,3.4485424705358168,5.960444685626564,10.0,0.8154817825768164,6.755972346314166,Industry_Management
5.749335979605878,1.8373107346754927,,4.0787043795237246,5.490070296423003,3.439753890975376,10.0,9.751062424734673,3.7266649226945434,7.284647443588606,Entrepreneurship
8.183919767322713,5.743351507035977,3.72283623718746,3.589169471799503,7.198155293368892,8.840598298360074,4.097296070757019,2.9920517228709747,,5.53290163360716,Teaching_Academia
6.866904075936585,5.7517614082670425,1.464972957333992,4.485956893736662,7.80476123535913,9.525958291496824,2.4207063564666207,0.8782000012234703,6.4475270421577475,,Teaching_Academia
4.243707973824286,1.1963878768371512,5.503089553241859,7.019097101805436,5.4438272250351805,4.628629813644669,7.173077642275917,8.819796071228334,3.5411760767116727,8.031914782125185,Industry_Management
,5.242229661296479,5.52537263118602,10.0,5.796170672095518,4.7368631764363105,10.0,7.170165093365074,3.3695024982218706,6.15712700659191,Entrepreneurship
7.957721541113966,2.4682424350860868,2.4171366019055913,6.353534115650431,6.509376201683725,10.0,1.365662166383586,0.41741363283178057,9.368415195198805,4.63157997548443,Teaching_Academia
6.7594975703729565,8.58729918122328,2.6207881384468337,2.48884258581809,7.57426734555738,6.781703285198372,3.370760828955521,5.415796406123881,8.99750419087075,3.530447029945647,PhD_Research
1.4053201380442686,4.475203978339166,3.8964576801862933,9.719398628569436,5.488756786184088,0.44503742018199866,6.579979175411722,9.496091673897677,4.973053104968045,8.760275928177498,Industry_Management
4.920109808003516,4.274248133173368,8.365525115336522,3.0931756314247996,6.874278151018029,0.8582548112383295,5.377953131226869,3.5390361885732347,1.9161458135174314,5.30357066539978,Industry_Specialist
4.77860753169796,1.8059969892660146,6.7139476425029425,8.26051935062438,6.26869709424483,1.119800439110852,10.0,8.069873677654225,3.783422200055497,8.862743689308052,Entrepreneurship
4.7353071977501004,3.9454345919818943,5.026647472039454,9.362206435912388,5.152191951591971,3.292927272935964,9.78168767725724,9.359939254101425,4.325962805884726,6.539060100831637,Entrepreneurship
4.995404183659742,3.972010725311549,8.258582619383345,9.349787521454715,6.176937168312261,4.629014017951555,3.635614900138906,6.048622736292031,3.543189729753297,7.83123377682568,Industry_Management
3.11318699117538,3.764538859199748,5.046946169332625,8.606092659446922,4.912808154057302,3.987393869492185,8.16609339878929,8.550996306090283,4.068706702829633,10.0,Entrepreneurship
4.96538644700588,2.5573805656652713,7.4297022711507195,9.22461552435171,5.349625304776715,3.746532648729105,4.624760856109862,9.686174355438506,3.0177598547067177,7.4382547114110835,Industry_Management
8.014534245697257,3.988599275434281,1.3388355001575587,5.168232766449823,7.880371657623049,9.293341459302018,4.241224255341063,3.19912461693502,7.219945082724786,3.0768828722478765,Teaching_Academia
3.0651888774449993,3.2931696549362424,7.443514175138397,8.716383497132696,5.964284501757534,1.9990387012457775,4.837432071553332,5.127072202498928,5.234164936037529,6.424126969129204,Industry_Management
3.115442319057773,2.5915778139871737,3.44206904430053,6.684949601571745,3.5781759878179824,3.5447267850153747,7.156446384928888,8.541247958096202,6.131381220471651,9.675464175652174,Entrepreneurship
6.555436533431816,4.873957662928412,2.234666462001141,3.9607420322241618,8.186351017901861,9.70788461111277,5.168678219140576,3.1424861550620444,7.09800005886437,3.9925356358279656,Teaching_Academia
7.118894050660479,10.0,2.354721273433505,4.493593854798179,8.098270925244876,,5.253915886911134,2.45796174569622,9.689902119432153,2.7451944128014794,PhD_Research
5.920008235319271,2.5890376664409667,6.56789162155346,4.86558302714873,8.01626788724799,4.1548647822850455,6.0270982143139005,2.1517093102387497,3.1355111303051157,5.017797065637313,Industry_Specialist
4.3833365196518725,2.6872017380209585,6.969317189000447,8.260739880136905,5.814544452756415,1.1211165672995307,10.0,8.554825808883496,3.4622993919440805,9.161096272669159,Entrepreneurship
2.695100408713186,0.42205780808142257,6.011975200421716,9.563091551551082,5.217215295168481,2.3802985735462316,9.219176658097862,9.244676560403951,3.379087105639054,6.806557954708548,Entrepreneurship
3.4671833458939063,3.2852234706800774,8.304974255161468,6.211030585956811,7.131160121138887,3.384930766510252,5.4065263530572425,3.670011170536807,5.967633665374579,7.0077979429059285,Industry_Specialist
3.4740858909458723,3.1718807104359676,5.192184196758756,6.869367428977625,5.294891037691223,4.39729222841339,9.327364611177142,7.597132446009296,5.203940075583107,,Entrepreneurship
7.446682941067623,4.959340769225631,0.12601275142332424,5.046016592773815,5.332980381332174,10.0,2.5170574652339255,1.2157294102292486,7.69912347943746,7.56500899903428,Teaching_Academia
7.893934490902499,6.5991417781151736,1.6104510167280246,2.4184151701237733,8.935555077798638,5.067207817857199,4.625337264192752,3.1600469871297285,9.783908909454679,2.514568382128953,PhD_Research
9.966230422564475,8.706100548796753,1.1348373805246974,4.301809719986736,8.651691551882946,5.284295175747717,5.132857411332647,2.7906742134070868,,3.087852790335559,PhD_Research
4.126774149345763,2.6919024921443886,5.844660516428005,5.5763148429179985,5.030043265631968,1.0247808416742719,9.817278293776297,9.154312573270444,4.333512688410415,6.4763742887107965,Entrepreneurship
3.9532276949510554,3.3331624061047602,4.025636143114778,8.766421120749648,5.4363175655207625,5.431850561569692,7.254083212412702,6.526200808789159,6.1147802042158546,7.658991116744707,Industry_Management
4.126871239107358,5.08828294385523,6.950512119691974,7.634179441851485,4.783938007466068,5.656566317894706,2.3439489084421723,,8.050675321907416,8.768146695539128,Industry_Management
,5.576424617323701,2.7050008363956395,5.47364734765813,4.981181510683818,10.0,2.5130615963027227,2.4886257842164285,5.992013728398786,2.8123932848671984,Teaching_Academia
6.59800563716971,3.8022219860192905,8.727619057753744,8.15632459843258,5.1277925711771415,1.6127829621049816,7.016262296462163,8.63837098625142,6.171796574081769,7.725921372636982,Industry_Management
,0.9690300910302518,6.102602776488194,7.436016266819111,7.417745663586003,2.7898865067677114,10.0,8.7641778909831,2.1773076489827288,7.382144371541672,Entrepreneurship
6.944941180395751,6.85394856461251,4.087057550385128,4.640682882119692,7.742583645005149,10.0,4.946835298599941,3.7795934521208303,9.540971654939426,4.279398883463876,Teaching_Academia
4.72555211553455,2.290539427306719,6.117906676797951,8.31790192640755,4.232192794721575,4.132001903099298,7.048813779712532,9.91985122055767,4.983297932718722,9.201947963573742,Industry_Management
7.196504401182748,3.544368344844535,3.1054061897350453,5.168892282986792,7.328298139903633,9.652575476425206,0.9296581428655326,4.160205380842628,8.034329467805355,2.9356848718183794,Teaching_Academia
3.2403611576235427,1.3835573993888395,4.744443985060559,7.868422374579307,6.132717812354507,2.6021868399741486,10.0,7.564775034406932,5.808863133031906,6.146388992794252,Entrepreneurship
7.953313223980433,6.357140742984766,2.5726865873232327,3.2178162990558343,8.807993082334308,10.0,3.9428009620780835,1.9632953273370735,7.549233118466971,4.714132450961043,Teaching_Academia
4.192412818217172,2.2673536327733683,7.1965388478427945,6.520256820442222,6.519519892008093,3.0187066010979025,9.95176210291301,7.82429646402032,5.798075681820756,7.365438757041356,Entrepreneurship
9.602380747842492,6.010070165566281,2.2983262301026883,4.956258020156886,8.986702387218141,5.821575928889814,2.174450172482026,2.9303522014950545,8.606594312688419,2.372372793657962,PhD_Research
3.883689783468941,2.1654276393863796,6.983432729398131,5.311960188703518,5.321256373212556,3.473870357054705,5.733906856645542,7.230148959002538,5.4311153653956765,8.803895970585943,Entrepreneurship
5.236263292791872,,4.1007304104383175,8.598292075168175,4.6782125527099145,2.2331469770928605,10.0,8.170759907443546,3.0377736644175046,8.99835735257181,Entrepreneurship
1.1951756734074586,2.5420101125438475,9.281967859717472,8.555095597304962,5.063038016585753,1.0839656809367257,6.5879303595128516,8.859657641547958,2.1837477511685695,9.474892183306384,Industry_Management
5.818420995157808,4.382561606986984,7.152303059776367,3.183069887694075,8.235860817335471,3.5398635973450894,3.928661550956794,3.902808667562699,4.877801593502579,3.120135849715488,Industry_Specialist
2.9902235003117825,3.921594964681147,6.979182404298985,7.143644761297491,4.945807935582058,0.08858318924815789,5.843000850323791,7.778845051530793,5.572165570512358,5.547803593621607,Industry_Management
9.452020988186245,7.470798292744577,1.6303270105478762,4.240923344239997,9.304922452068011,4.55896397095078,5.383006992554666,1.0154803060148747,9.008240781070949,6.3769758445745826,PhD_Research
10.0,7.7521536252432925,3.5226212215075154,4.976129685350638,10.0,5.9500070984802385,1.9563476676507872,2.412960875232339,7.476390649626739,2.326236204923843,PhD_Research
6.108074364436957,6.259772105647065,0.8123789079288057,2.3740747289861197,,9.954385447892628,3.495764181652029,3.8636730452224786,6.30401319218085,5.247068192625744,Teaching_Academia
3.9079232385294547,0.0,5.791192517843,7.4708900493847405,7.5229818619402105,1.44428984714013,8.749708669178688,7.332027393219693,5.8752895122153515,6.369769021688928,Entrepreneurship
4.031989135497115,1.0373169653746144,5.706559849074474,6.493165978622118,6.628565205073124,2.4983584534181804,8.626674430029283,9.148255932507302,2.513169488633425,8.501652878012532,Entrepreneurship
8.412463726190438,7.1343589755434325,2.564212770485139,4.327410739883507,6.6737709881065745,6.45948173093286,3.8775470520439166,1.0557895762195633,10.0,3.8133782430750003,PhD_Research
7.962752407295956,8.556135317721273,2.5706883382055636,3.3152699904699294,7.157883874578698,8.002797748717102,4.424896511504429,1.5480290041773017,10.0,2.858111302970265,PhD_Research
8.061974556394299,8.411442540175301,1.8735274220624638,,10.0,5.5016005183234515,3.008025627396802,1.0538650864215566,10.0,3.34157399269128,PhD_Research
8.766505162019104,8.255808925654044,3.0666870180426447,3.488136476108056,9.177517432451747,4.6544095705100075,3.8471951824734307,3.578374754631295,6.409021517629597,1.3145859735028107,PhD_Research
4.862711204949592,1.842973025307316,4.408521842624134,3.4348906841599254,8.480165477609876,2.358811600842316,7.515995538587843,4.017388556530621,6.678337771739376,6.339846536548959,Industry_Specialist
4.727181087499566,0.5925854084672033,6.067221861957418,7.416325352009134,4.3887146079873816,3.3826233300611417,6.799037262506369,9.63170594171614,4.900627615342607,7.4206165771308275,Industry_Management
2.801338664906872,,6.714139293980448,5.314011753472506,5.582297116300753,5.103784656424599,9.21723803138063,10.0,4.843759967642389,6.090436518914035,Entrepreneurship
5.987640612880448,0.5918502105143588,6.771166482564611,5.757185784718139,10.0,1.4196467209864498,4.571791001363497,4.055409280002317,7.315595005856038,5.359270367828278,Industry_Specialist
5.897254249473224,4.161938369716093,8.978098852526482,5.4830566261697955,7.99750607998823,3.394506971061671,5.6649678124949485,4.184153706608334,4.483647397107804,5.567824705358299,Industry_Specialist
7.065859817088002,3.1029795621453813,6.157888412966118,7.062567536077597,7.962375747990806,3.4996341471074306,5.519382182858675,3.522125893991758,4.054154213632187,8.758177480585722,Industry_Specialist
2.7209611364208977,3.9151916493313115,4.988373430438774,9.9242988296627,6.682593653120687,3.428873746072149,9.101071193671611,9.358874786902927,3.979888008312157,7.020022721090546,Entrepreneurship
7.258372082683509,6.149182271408545,7.381526144893598,2.283449909102267,5.091996851656172,2.682658665921268,4.588724949890123,3.1533150357318123,5.287787830169097,6.513725085660132,Industry_Specialist
3.684754170298557,4.7195706177730194,10.0,6.934322966905743,3.8626874343111233,2.2557013238494052,5.865725060449878,9.164514664348435,5.268628824662754,8.223640477814609,Industry_Management
4.924495204014882,2.8239216516746337,7.7128389315754236,7.19520377527696,3.239316604640116,2.3656731581939656,5.9379678763784405,5.26279893832832,3.792381670045426,7.678103056938246,Industry_Management
4.3280495807438815,1.8781674100507864,6.283546841060343,6.955341704143562,3.3534689132278097,3.1945640850930603,4.089434925308604,6.69931661059539,3.9879275653024067,6.263307497791136,Industry_Management
7.057272694234902,8.908955751203354,4.668490476529659,4.223548432168178,8.061477289310941,4.815395821270222,4.799833797059129,0.2501269128406163,9.213707913870493,2.492396865698347,PhD_Research
9.538732263258796,,0.0,4.348024901046987,7.443176576096576,4.460035561766409,3.2042741612222496,2.3169718476586993,10.0,3.204163137678948,PhD_Research
3.5612806759353988,3.5763197476813695,7.74328458280128,6.790429008251147,3.660283194472732,4.9593278311941535,7.5547794318963,8.41978199952614,6.444418737534037,9.37359280375409,Industry_Management
4.880050770056738,5.01334322600172,7.512774101466265,4.938862221656395,6.079714145353844,2.777397432679976,2.842524110175674,2.627936084757584,6.090961761697942,5.935122991587273,Industry_Specialist
10.0,7.269651493416734,1.198949438012097,2.4473248750582033,7.116185430035976,2.623086095126047,4.948777425720189,4.851588904707603,10.0,0.8860901647855286,PhD_Research
5.836488425948419,0.0,5.504042174385176,7.373718958426037,7.248092253098081,2.9433894598256396,10.0,9.360877396478303,3.4667101075536255,7.811556305526646,Entrepreneurship
8.321999761777702,,3.69150585324764,4.823448003335554,9.286491388382535,6.6213748474851855,7.656444022710341,0.2780060649167977,8.04011044485976,2.198972390573119,PhD_Research
5.2740029101724435,1.659624648923531,5.789204452732133,5.80112267298759,4.572466940983876,2.378653413662164,8.625976719807833,8.65318689817292,4.7585085646213585,10.0,Entrepreneurship
4.4158788266172895,2.5699267643970805,6.205794598217684,4.477351334384765,5.579287186896963,,10.0,10.0,2.2279043323391665,7.045357110893395,Entrepreneurship
5.168286572472109,1.002845991742482,6.079629647500659,3.2409469791801153,7.989236150891537,2.209277668641148,5.812775509753306,3.637012805024811,3.7454834577866363,5.638474819115718,Industry_Specialist
3.8123974231105326,0.6063326959142183,7.320360968401362,6.7402317809532635,5.091408761371326,4.632030023632635,8.758242487590254,8.255414509320474,2.6843622988085034,8.58283656990949,Entrepreneurship
3.9794211986682555,3.981320460216256,7.617060618939905,0.7290762454954041,5.2333795954184446,1.6764471050257086,5.690590197170356,4.147939434942385,5.239676719328363,8.5362265274927,Industry_Specialist
5.824637101472334,5.066651635200075,2.930709554249628,2.236235811030411,7.575873855632452,8.248211946294429,2.8870616720477162,2.2227365256162974,7.551072868041715,4.0532507406500455,Teaching_Academia
5.293442276836664,1.6191979832210315,6.605012247114521,8.965858446318247,7.815349997014984,5.610663331364752,6.467624948575339,8.601101356505415,5.528948611710272,6.365921222019846,Industry_Management
5.009934200192493,1.7699729544122609,5.043550896201338,9.426341896403104,6.454652661597986,1.675801984080769,9.24820619585549,6.23371041898043,4.045981798651676,7.242106074621825,Entrepreneurship
3.836654165311933,1.6583580812899492,7.917684182375752,3.524568178659928,9.818877296204914,4.240652827819207,5.643854829889177,4.189319408647051,5.511198710080276,4.879422938092612,Industry_Specialist
6.78488048054413,7.355888868525298,4.034136035665897,5.828276413947225,2.895680306930186,10.0,4.327320566056308,5.699919338231394,6.482976159993431,2.2075142126564167,Teaching_Academia
7.356095410467711,10.0,2.8564365788760506,3.98674504968744,10.0,5.207087118978532,3.9634920023647586,1.6416098491714144,9.756405571099203,3.6195838575211736,PhD_Research
9.374684782017422,7.671913637520172,1.9446477926422225,4.102178317949549,7.618507012958451,5.69176818604587,7.788518042940046,0.18991736887610244,9.421216281446974,2.0117528847954227,PhD_Research
6.808407442075429,0.8937738090449581,5.748823073014349,8.505212856387786,,3.3513834307201797,9.20760362624221,8.181412156928625,4.063619910520545,7.5926441302521335,Entrepreneurship
5.970080678396659,3.333396584116093,8.893039768102062,6.239678848379777,8.222241957843757,2.8530475178672003,6.961335510319352,5.257815540788476,4.582726207501161,6.006742383256726,Industry_Specialist
4.661219914187287,,5.219502842408744,8.997540307036745,6.054410818517221,4.939036471383396,10.0,8.75607309597038,3.659032592679121,8.158587682583292,Entrepreneurship
4.511440546734679,0.6406707317849221,8.510266997058187,9.281435127226018,4.7873931377031855,3.2757214182208205,3.465258471651059,7.568059196826804,4.509600466369424,8.219371873796646,Industry_Management
5.403375042084306,3.8747161904841634,2.783697856025033,4.9716527062973634,6.897183030674005,8.87436059539002,3.526335139151025,0.1116270060736424,8.098217126904123,4.70982759820106,Teaching_Academia
6.058149750471598,5.5358575558408925,5.403416480080256,5.812965744400772,7.246833020888651,,3.2859159708210544,5.099190444981132,8.542817920872311,3.5255851118451718,Teaching_Academia
9.996927481327779,6.4078837890542975,3.50663445708997,7.7146699500818245,8.976386490543016,5.758040576355066,3.3592823004357726,0.14672268258713883,8.216464828060712,1.5792361865716258,PhD_Research
6.021323638822469,8.395676747739337,2.0936436452023512,4.538057370984501,10.0,2.317790240153834,3.231565547251563,3.268178219631361,6.943927280709875,4.918733762469562,PhD_Research
3.6047263475805744,2.242080621065575,3.3584868529431855,7.982809351396875,6.404858185940084,2.632051664867721,10.0,8.790841405824064,3.295849462781436,4.9829538316626625,Entrepreneurship
2.720736920075059,1.6698509525098717,7.629623489221318,8.212935578784572,6.423357339412529,5.196151209767976,4.731410161594489,7.045866570901888,2.6328887561932897,10.0,Industry_Management
7.266759503340125,6.180745551861793,2.1117543193523187,6.046122043119418,9.165399852671415,8.0565527658131,,0.0,8.369192934327195,2.0687989984957187,Teaching_Academia
8.022717397842449,8.516143290020139,2.7222567152451624,3.1911819896694644,9.783626688560322,6.504760085427474,5.867192283532278,3.188237429263439,10.0,0.5549620436337248,PhD_Research
7.4194793674980595,4.270047832081005,2.908305518101284,2.980857050186083,5.0464908229752705,,3.5769936625699206,2.769628431021518,4.88520618059428,3.723897713922638,Teaching_Academia
3.46482105395922,0.08019331821267128,8.399423229038183,10.0,6.968455110495697,0.9157614215182499,4.030637270625786,6.900241935663457,2.4291319133358136,8.057446895422851,Industry_Management
4.67343700604207,0.7610020252010288,5.248154587679991,8.622861483352011,7.842533398464656,2.9505218395253885,10.0,6.622176856501242,4.319180655293545,7.422122281019689,Entrepreneurship
4.328655761968562,5.048380869821859,5.786387804538697,2.1262439603457297,9.44296053603741,4.763792104703152,4.031522179656666,3.178288430348416,5.801106015519307,2.9747702639710965,Industry_Specialist
8.4932472558975,6.210308008176798,2.8256962308587257,3.7111104937715944,6.5879518171465445,3.679747194430196,4.407568001685254,3.5895645382626955,10.0,6.788021205809528,PhD_Research
5.851631001943259,1.8183029971321671,8.5440487969155,3.825764612947825,7.209288351861527,1.9905832694071268,8.47329239368369,3.657479574767254,3.105918952984352,5.092312102347655,Industry_Specialist
4.292651745149923,2.4306541490792535,8.623256713896499,9.288753130635245,1.618430705657099,4.2088148657569935,4.695476767644691,6.151752636116691,,8.534262441739015,Industry_Management
5.522797972174976,1.6656820096502485,7.362820147288807,2.4245173640243403,6.337677041890067,3.5222735951156703,3.53986862328565,4.41542020874037,3.307630422112573,6.385297926151781,Industry_Specialist
10.0,6.569823780158402,1.866539281647177,6.337774011199981,,4.09492433294613,4.291157656885482,2.5025991633396134,9.366542627612404,2.091715433219721,PhD_Research
3.878161394961231,3.506825377322439,5.489441148301562,8.821482566525301,6.233431085904778,3.967072435828833,9.642930959791915,,5.311431601014772,7.38601220080472,Entrepreneurship
9.438846913438613,9.829726419707832,2.117760378972269,4.837120431259915,5.83477626865967,4.936666077490846,2.9038006486192676,0.9155430214492835,7.858401922992624,2.565639527088944,PhD_Research
5.675482110004285,3.7608670017520365,7.1408770992218065,9.482567955444884,5.601349816698052,1.8935302278642627,6.87454819204707,8.189971133244033,7.8716124026901,9.894452122262129,Industry_Management
2.8174360654857598,2.1590970206862607,,6.950944943570593,5.210682788012786,3.591007330637736,10.0,5.335566912068941,6.620028272917605,8.18711952861283,Entrepreneurship
7.295490569929781,2.746683529511448,8.361377595552826,6.307580281952815,4.869630009387515,5.097459503531587,6.523010008763601,,5.376230163011056,10.0,Industry_Management
6.706851710225617,5.762802506724431,3.3285125620489167,5.362181306615568,6.062054799586294,,2.0780437413027277,0.7521538684656643,5.551335950137197,5.344022141466696,Teaching_Academia
4.485877129292345,0.31654292798323813,,8.09919885410376,5.624086282066204,3.625526315276899,8.738575012314058,8.690937725058363,2.1247930939006423,8.913213346028165,Entrepreneurship
8.199260711347485,3.443040073858538,,3.881833752095879,7.742603157397168,10.0,4.334927795114787,4.503833049509332,7.021486757927464,6.235605085890935,Teaching_Academia
10.0,6.981866179770282,0.5220006441664351,1.1971700446850244,8.15366240570227,4.243927885433913,1.983674763947529,3.088924383205823,8.415038503575957,,PhD_Research
6.660784989586086,7.974808779752746,3.9402114568499633,5.338142180283471,4.901778827419937,10.0,2.456015312437935,4.758805162883222,10.0,5.1664534920729075,Teaching_Academia
3.8138481097321373,2.4377193492831974,5.639440759489675,8.044473153832637,6.9050697003869095,4.407147887102033,9.09687609883374,7.142511379750994,4.098922822599271,8.111844461935293,Entrepreneurship
2.8589171148128503,4.588058908021438,,8.323813836868258,5.547527563721137,2.4384932859442623,7.157035305066139,7.50612762865888,4.161900498708501,8.791426702988034,Industry_Management
3.6481241180531976,2.354456115498859,7.3637773502578465,8.398115063436508,5.255601168028161,3.8281841089701105,6.979175684276225,6.40066180812185,3.134136930996906,5.726926561671419,Industry_Management
5.812404800030222,3.434489166126264,5.4154652821262195,8.27607648638433,4.428982765324497,1.8358748163776912,9.661414801773393,8.540828823853797,2.7430610807501754,6.569233897856752,Entrepreneurship
4.752335340463482,2.4893259429333963,5.177890716095838,7.1799967832514096,7.591715423907409,3.8261635778764322,8.170145283910877,8.73512245205128,0.9140911304039463,6.753877787190758,Entrepreneurship
5.220182206450999,5.316981930516126,7.722064079595057,1.6593777007455652,10.0,3.8871102627566305,4.9089832835433596,3.517156943093311,6.407057508729256,5.29542157970595,Industry_Specialist
10.0,6.275689466938567,2.0398209403727425,3.3705797366663477,8.07402497732945,6.3035851728959855,4.699550068105104,4.238617539675567,8.799142616975129,2.095274604828086,PhD_Research
5.1030709370050555,4.509665423712242,7.8120929664347045,8.119484586252067,6.484253879276778,4.629313477801188,5.5324398177325005,8.42939950583081,6.03468544113556,10.0,Industry_Management
4.597195185497041,0.89795277978557,7.306424616612257,5.15586551278511,7.295394925416238,2.0977436789850654,2.63224455549797,6.278441820916221,6.073427733852903,7.000864775657194,Industry_Specialist
7.778815630014828,7.485998265057353,6.512558314556049,3.89462471483254,5.959552671355363,10.0,2.613118265358683,2.3167495800623277,6.96045045858139,1.0918499015245673,Teaching_Academia
6.268438468759724,2.0353825476433376,6.240050224589085,3.547119827795706,8.11898437101052,0.5661978468365856,3.506092922299773,4.013436232137061,4.4693748712143595,6.513254652489918,Industry_Specialist
4.986613695581131,3.1468569319261306,6.279635504747903,8.722013379675008,5.589650178507202,3.1505564877987204,,10.0,5.978027232352862,9.293886640906194,Entrepreneurship
3.4134272272948993,4.824511500197755,7.556834446721478,4.139301594691121,6.336969836172154,,4.153213422912182,4.130220529391516,4.630671293030982,8.502516642256607,Industry_Specialist
4.820910107870581,1.3888514675004624,4.520306915324672,8.96450889562161,7.063436079840903,4.233564125408558,8.709146819957807,10.0,3.3583430732735122,8.349551718000066,Entrepreneurship
9.06952611486847,5.290277198514984,,4.9800115909137865,8.173566635552014,1.775078937020096,2.704655786196893,4.102772514333505,5.388607435052856,2.548219564148425,PhD_Research
2.750986157635002,1.2567625554697426,7.5307002788159325,8.11820381102202,5.03818913667771,4.606987164547615,8.739222447321756,10.0,5.8246890712701305,7.572815114287069,Entrepreneurship
9.362523570041411,,2.941567480693097,,6.040469870694516,2.4538311274838596,3.9839849191918955,2.2127424868777394,8.865553852352976,2.9636228065107164,PhD_Research
6.215329865943809,5.680338898551091,9.221246548337636,5.268786934760594,10.0,3.670746019798197,5.630036564705213,4.91521959661815,3.6883442291352706,5.422927872655617,Industry_Specialist
1.8904024706535174,2.03381044039978,8.23706185745884,7.596942840607483,8.77692129980536,4.651391349748552,7.695629172458622,9.033815915695886,6.908724467420145,6.976897421485695,Industry_Management
10.0,7.3641992914453995,1.7582563196581364,3.0723798242185385,5.052779164605037,3.208587940097774,1.646195716025487,,7.446033333412466,4.72244238319612,PhD_Research
7.806022378321652,8.229834233461343,0.7570495834632696,2.8259449850290324,5.471119863653382,10.0,3.2335683241350353,1.5586580099652902,8.431752910017048,5.74330734624456,Teaching_Academia
8.099576820961547,5.6928377738718545,4.526459149337396,5.972763723458771,5.666576002436898,10.0,3.5588834536226073,2.56466882602418,7.62867558938355,4.5901104762234635,Teaching_Academia
5.022272763746217,3.073960606748593,5.277166342060582,7.922776450125522,7.510478531960562,1.5664111195524364,10.0,6.759098532838552,3.5510260054338425,6.264753004061184,Entrepreneurship
